{"providers":[{"file":"char/black.png","chars":[""],"height":1,"ascent":-5000,"type":"bitmap"},{"file":"char/black.png","chars":[""],"height":2,"ascent":-5000,"type":"bitmap"},{"file":"char/black.png","chars":[""],"height":3,"ascent":-5000,"type":"bitmap"},{"file":"char/black.png","chars":[""],"height":4,"ascent":-5000,"type":"bitmap"},{"file":"char/black.png","chars":[""],"height":5,"ascent":-5000,"type":"bitmap"},{"file":"char/black.png","chars":[""],"height":6,"ascent":-5000,"type":"bitmap"},{"file":"char/black.png","chars":[""],"height":7,"ascent":-5000,"type":"bitmap"},{"file":"char/black.png","chars":[""],"height":15,"ascent":-5000,"type":"bitmap"},{"file":"char/black.png","chars":[""],"height":31,"ascent":-5000,"type":"bitmap"},{"file":"char/black.png","chars":[""],"height":63,"ascent":-5000,"type":"bitmap"},{"file":"char/black.png","chars":[""],"height":127,"ascent":-5000,"type":"bitmap"},{"file":"char/black.png","chars":[""],"height":256,"ascent":-5000,"type":"bitmap"},{"file":"char/black.png","chars":[""],"height":512,"ascent":-5000,"type":"bitmap"},{"file":"char/black.png","chars":[""],"height":1024,"ascent":-5000,"type":"bitmap"},{"file":"char/black.png","chars":[""],"height":-3,"ascent":-5000,"type":"bitmap"},{"file":"char/black.png","chars":[""],"height":-4,"ascent":-5000,"type":"bitmap"},{"file":"char/black.png","chars":[""],"height":-5,"ascent":-5000,"type":"bitmap"},{"file":"char/black.png","chars":[""],"height":-6,"ascent":-5000,"type":"bitmap"},{"file":"char/black.png","chars":[""],"height":-7,"ascent":-5000,"type":"bitmap"},{"file":"char/black.png","chars":[""],"height":-8,"ascent":-5000,"type":"bitmap"},{"file":"char/black.png","chars":[""],"height":-9,"ascent":-5000,"type":"bitmap"},{"file":"char/black.png","chars":[""],"height":-10,"ascent":-5000,"type":"bitmap"},{"file":"char/black.png","chars":[""],"height":-18,"ascent":-5000,"type":"bitmap"},{"file":"char/black.png","chars":[""],"height":-34,"ascent":-5000,"type":"bitmap"},{"file":"char/black.png","chars":[""],"height":-66,"ascent":-5000,"type":"bitmap"},{"file":"char/black.png","chars":[""],"height":-130,"ascent":-5000,"type":"bitmap"},{"file":"char/black.png","chars":[""],"height":-259,"ascent":-5000,"type":"bitmap"},{"file":"char/black.png","chars":[""],"height":-515,"ascent":-5000,"type":"bitmap"},{"file":"char/black.png","chars":[""],"height":-1027,"ascent":-5000,"type":"bitmap"},{"file":"_iainternal:gui/no_recipe.png","chars":[""],"height":170,"ascent":47,"type":"bitmap"},{"file":"_iainternal:gui/crafting.png","chars":[""],"height":170,"ascent":47,"type":"bitmap"},{"file":"_iainternal:gui/cooking.png","chars":[""],"height":170,"ascent":47,"type":"bitmap"},{"file":"_iainternal:gui/blank_menu.png","chars":[""],"height":170,"ascent":47,"type":"bitmap"},{"file":"_iainternal:gui/anvil_repair.png","chars":[""],"height":170,"ascent":47,"type":"bitmap"},{"file":"_iainternal:gui/smithing.png","chars":[""],"height":170,"ascent":47,"type":"bitmap"},{"file":"customemojis:font/emoji/oh_god.png","chars":[""],"height":9,"ascent":8,"type":"bitmap"},{"file":"customemojis:font/emoji/owo.png","chars":[""],"height":9,"ascent":8,"type":"bitmap"},{"file":"customemojis:font/emoji/patrickpraying.png","chars":[""],"height":9,"ascent":8,"type":"bitmap"},{"file":"customemojis:font/emoji/patrik.png","chars":[""],"height":9,"ascent":8,"type":"bitmap"},{"file":"customemojis:font/emoji/pepehyped.png","chars":[""],"height":9,"ascent":8,"type":"bitmap"},{"file":"customemojis:font/emoji/pepesword.png","chars":[""],"height":9,"ascent":8,"type":"bitmap"},{"file":"customemojis:font/emoji/pop_cat.png","chars":[""],"height":9,"ascent":8,"type":"bitmap"},{"file":"customemojis:font/emoji/ree.png","chars":[""],"height":9,"ascent":8,"type":"bitmap"},{"file":"customemojis:font/emoji/rizz.png","chars":[""],"height":9,"ascent":8,"type":"bitmap"},{"file":"customemojis:font/emoji/sad.png","chars":[""],"height":9,"ascent":8,"type":"bitmap"},{"file":"customemojis:font/emoji/sadhamster.png","chars":[""],"height":9,"ascent":8,"type":"bitmap"},{"file":"customemojis:font/emoji/salute.png","chars":[""],"height":9,"ascent":8,"type":"bitmap"},{"file":"customemojis:font/emoji/shaggywtf.png","chars":[""],"height":9,"ascent":8,"type":"bitmap"},{"file":"customemojis:font/emoji/simp.png","chars":[""],"height":9,"ascent":8,"type":"bitmap"},{"file":"customemojis:font/emoji/skull.png","chars":[""],"height":9,"ascent":8,"type":"bitmap"},{"file":"customemojis:font/emoji/sob.png","chars":[""],"height":9,"ascent":8,"type":"bitmap"},{"file":"customemojis:font/emoji/squidward_asleep.png","chars":[""],"height":9,"ascent":8,"type":"bitmap"},{"file":"customemojis:font/emoji/squidward_awake.png","chars":[""],"height":9,"ascent":8,"type":"bitmap"},{"file":"customemojis:font/emoji/stonks.png","chars":[""],"height":9,"ascent":8,"type":"bitmap"},{"file":"customemojis:font/emoji/sus.png","chars":[""],"height":9,"ascent":8,"type":"bitmap"},{"file":"customemojis:font/emoji/sweat.png","chars":[""],"height":9,"ascent":8,"type":"bitmap"},{"file":"customemojis:font/emoji/uno_reverse.png","chars":[""],"height":9,"ascent":8,"type":"bitmap"},{"file":"customemojis:font/emoji/uwu.png","chars":[""],"height":9,"ascent":8,"type":"bitmap"},{"file":"customemojis:font/emoji/wink.png","chars":[""],"height":9,"ascent":8,"type":"bitmap"},{"file":"customemojis:font/emoji/kekw.png","chars":[""],"height":9,"ascent":8,"type":"bitmap"},{"file":"customemojis:font/emoji/blush.png","chars":[""],"height":9,"ascent":8,"type":"bitmap"},{"file":"customemojis:font/emoji/bruh.png","chars":[""],"height":9,"ascent":8,"type":"bitmap"},{"file":"customemojis:font/emoji/cat.png","chars":[""],"height":9,"ascent":8,"type":"bitmap"},{"file":"customemojis:font/emoji/cheems.png","chars":[""],"height":9,"ascent":8,"type":"bitmap"},{"file":"customemojis:font/emoji/cheems_dorime.png","chars":[""],"height":9,"ascent":8,"type":"bitmap"},{"file":"customemojis:font/emoji/clown.png","chars":[""],"height":9,"ascent":8,"type":"bitmap"},{"file":"customemojis:font/emoji/cool.png","chars":[""],"height":9,"ascent":8,"type":"bitmap"},{"file":"customemojis:font/emoji/doge.png","chars":[""],"height":9,"ascent":8,"type":"bitmap"},{"file":"customemojis:font/emoji/flush.png","chars":[""],"height":9,"ascent":8,"type":"bitmap"},{"file":"customemojis:font/emoji/heart.png","chars":[""],"height":9,"ascent":8,"type":"bitmap"},{"file":"customemojis:font/emoji/laugh.png","chars":[""],"height":9,"ascent":8,"type":"bitmap"},{"file":"customemojis:font/emoji/meme_emoji_1.png","chars":[""],"height":9,"ascent":8,"type":"bitmap"},{"file":"customemojis:font/emoji/meme_emoji_2.png","chars":[""],"height":9,"ascent":8,"type":"bitmap"},{"file":"customemojis:font/emoji/meme_emoji_3.png","chars":[""],"height":9,"ascent":8,"type":"bitmap"},{"file":"customemojis:font/emoji/meme_emoji_4.png","chars":[""],"height":9,"ascent":8,"type":"bitmap"},{"file":"customemojis:font/emoji/meme_emoji_5.png","chars":[""],"height":9,"ascent":8,"type":"bitmap"},{"file":"customemojis:font/emoji/meme_emoji_6.png","chars":[""],"height":9,"ascent":8,"type":"bitmap"},{"file":"customemojis:font/emoji/meme_emoji_7.png","chars":[""],"height":9,"ascent":8,"type":"bitmap"},{"file":"customemojis:font/emoji/meme_emoji_8.png","chars":[""],"height":9,"ascent":8,"type":"bitmap"},{"file":"customemojis:font/emoji/meme_emoji_9.png","chars":[""],"height":9,"ascent":8,"type":"bitmap"},{"file":"customemojis:font/emoji/meme_emoji_10.png","chars":[""],"height":9,"ascent":8,"type":"bitmap"},{"file":"customemojis:font/emoji/meme_emoji_11.png","chars":[""],"height":9,"ascent":8,"type":"bitmap"},{"file":"customemojis:font/emoji/meme_emoji_12.png","chars":[""],"height":9,"ascent":8,"type":"bitmap"},{"file":"customemojis:font/emoji/meme_emoji_13.png","chars":[""],"height":9,"ascent":8,"type":"bitmap"},{"file":"customemojis:font/emoji/meme_emoji_14.png","chars":[""],"height":9,"ascent":8,"type":"bitmap"},{"file":"customemojis:font/emoji/meme_emoji_15.png","chars":[""],"height":9,"ascent":8,"type":"bitmap"},{"file":"customemojis:font/emoji/mrincredible.png","chars":[""],"height":9,"ascent":8,"type":"bitmap"},{"file":"customemojis:font/emoji/mrincredible_2.png","chars":[""],"height":9,"ascent":8,"type":"bitmap"},{"file":"customemojis:font/emoji/nerd.png","chars":[""],"height":9,"ascent":8,"type":"bitmap"},{"file":"customemojis:font/emoji/noot_noot.png","chars":[""],"height":9,"ascent":8,"type":"bitmap"},{"file":"customemojis:font/emoji/not_stonks.png","chars":[""],"height":9,"ascent":8,"type":"bitmap"},{"file":"_iainternal:hud/small_cooldown_bar/0.png","chars":[""],"height":22,"ascent":-42,"type":"bitmap"},{"file":"_iainternal:hud/small_cooldown_bar/1.png","chars":[""],"height":22,"ascent":-42,"type":"bitmap"},{"file":"_iainternal:hud/small_cooldown_bar/2.png","chars":[""],"height":22,"ascent":-42,"type":"bitmap"},{"file":"_iainternal:hud/small_cooldown_bar/3.png","chars":[""],"height":22,"ascent":-42,"type":"bitmap"},{"file":"_iainternal:hud/small_cooldown_bar/4.png","chars":[""],"height":22,"ascent":-42,"type":"bitmap"},{"file":"_iainternal:hud/small_cooldown_bar/5.png","chars":[""],"height":22,"ascent":-42,"type":"bitmap"},{"file":"_iainternal:hud/small_cooldown_bar/6.png","chars":[""],"height":22,"ascent":-42,"type":"bitmap"},{"file":"_iainternal:hud/small_cooldown_bar/7.png","chars":[""],"height":22,"ascent":-42,"type":"bitmap"},{"file":"_iainternal:hud/small_cooldown_bar/8.png","chars":[""],"height":22,"ascent":-42,"type":"bitmap"},{"file":"_iainternal:hud/small_cooldown_bar/9.png","chars":[""],"height":22,"ascent":-42,"type":"bitmap"},{"file":"_iainternal:hud/small_cooldown_bar/10.png","chars":[""],"height":22,"ascent":-42,"type":"bitmap"},{"file":"_iainternal:hud/small_cooldown_bar/11.png","chars":[""],"height":22,"ascent":-42,"type":"bitmap"},{"file":"_iainternal:hud/small_cooldown_bar/12.png","chars":[""],"height":22,"ascent":-42,"type":"bitmap"},{"file":"_iainternal:hud/small_cooldown_bar/13.png","chars":[""],"height":22,"ascent":-42,"type":"bitmap"},{"file":"_iainternal:hud/small_cooldown_bar/14.png","chars":[""],"height":22,"ascent":-42,"type":"bitmap"},{"file":"_iainternal:hud/small_cooldown_bar/15.png","chars":[""],"height":22,"ascent":-42,"type":"bitmap"},{"file":"_iainternal:hud/small_cooldown_bar/16.png","chars":[""],"height":22,"ascent":-42,"type":"bitmap"},{"file":"_iainternal:hud/small_cooldown_bar/17.png","chars":[""],"height":22,"ascent":-42,"type":"bitmap"},{"file":"_iainternal:hud/small_cooldown_bar/18.png","chars":[""],"height":22,"ascent":-42,"type":"bitmap"},{"file":"_iainternal:hud/small_cooldown_bar/19.png","chars":[""],"height":22,"ascent":-42,"type":"bitmap"},{"file":"_iainternal:hud/small_cooldown_bar/20.png","chars":[""],"height":22,"ascent":-42,"type":"bitmap"}]}