{"credit":"Made by PolygonMC","texture_size":[28,28],"textures":{"1":"saintpatricksset:animations/animations_1","3":"saintpatricksset:greatsword","particle":"saintpatricksset:animations/animations_1"},"elements":[{"from":[7.5,0,7.5],"to":[8.5,1.75,8.5],"rotation":{"angle":0,"axis":"y","origin":[7.5,0,7.5]},"faces":{"north":{"uv":[8.57143,2.28571,9.14286,3.28571],"texture":"#3"},"east":{"uv":[8.57143,3.42857,9.14286,4.42857],"texture":"#3"},"south":{"uv":[8.57143,4.57143,9.14286,5.57143],"texture":"#3"},"west":{"uv":[5.71429,8.57143,6.28571,9.57143],"texture":"#3"},"up":{"uv":[11.42857,1.71429,10.85714,1.14286],"texture":"#3"}}},{"from":[7.5,2.75,7.5],"to":[8.5,4.5,8.5],"rotation":{"angle":0,"axis":"y","origin":[7.5,2.5,7.5]},"faces":{"north":{"uv":[8,4.57143,8.57143,5.57143],"texture":"#3"},"east":{"uv":[8,5.71429,8.57143,6.71429],"texture":"#3"},"south":{"uv":[6.85714,8,7.42857,9],"texture":"#3"},"west":{"uv":[8,6.85714,8.57143,7.85714],"texture":"#3"},"up":{"uv":[6.85714,5.14286,6.28571,4.57143],"texture":"#3"},"down":{"uv":[6.85714,8.57143,6.28571,9.14286],"texture":"#3"}}},{"from":[7.6,1.75,7.6],"to":[8.4,2.75,8.4],"rotation":{"angle":0,"axis":"y","origin":[7.5,2,7.5]},"faces":{"north":{"uv":[10.85714,1.71429,11.28571,2.28571],"texture":"#3"},"east":{"uv":[10.85714,2.28571,11.28571,2.85714],"texture":"#3"},"south":{"uv":[10.85714,2.85714,11.28571,3.42857],"texture":"#3"},"west":{"uv":[10.85714,3.42857,11.28571,4],"texture":"#3"}}},{"from":[7.4,0.75,7.4],"to":[8.6,1.25,8.6],"rotation":{"angle":0,"axis":"y","origin":[7.5,0.25,7.5]},"faces":{"north":{"uv":[10.85714,6.28571,11.57143,6.57143],"texture":"#3"},"east":{"uv":[10.85714,6.85714,11.57143,7.14286],"texture":"#3"},"south":{"uv":[10.85714,7.42857,11.57143,7.71429],"texture":"#3"},"west":{"uv":[10.85714,8,11.57143,8.28571],"texture":"#3"},"up":{"uv":[9.28571,6.42857,8.57143,5.71429],"texture":"#3"},"down":{"uv":[9.28571,6.85714,8.57143,7.57143],"texture":"#3"}}},{"from":[7.4,3.25,7.4],"to":[8.6,3.75,8.6],"rotation":{"angle":0,"axis":"y","origin":[7.5,2.75,7.5]},"faces":{"north":{"uv":[8.57143,10.85714,9.28571,11.14286],"texture":"#3"},"east":{"uv":[10.85714,8.57143,11.57143,8.85714],"texture":"#3"},"south":{"uv":[10.85714,9.14286,11.57143,9.42857],"texture":"#3"},"west":{"uv":[10.85714,9.71429,11.57143,10],"texture":"#3"},"up":{"uv":[9.28571,8.71429,8.57143,8],"texture":"#3"},"down":{"uv":[9.85714,0,9.14286,0.71429],"texture":"#3"}}},{"from":[7.5,-3.25,7.5],"to":[8.5,-1.5,8.5],"rotation":{"angle":0,"axis":"y","origin":[7.5,-3.25,7.5]},"faces":{"north":{"uv":[7.42857,8,8,9],"texture":"#3"},"east":{"uv":[8,8,8.57143,9],"texture":"#3"},"south":{"uv":[8.57143,0,9.14286,1],"texture":"#3"},"west":{"uv":[8.57143,1.14286,9.14286,2.14286],"texture":"#3"},"up":{"uv":[9.71429,10.85714,9.14286,10.28571],"texture":"#3"}}},{"from":[7.6,-1.5,7.6],"to":[8.4,-0.5,8.4],"rotation":{"angle":0,"axis":"y","origin":[7.5,-1.25,7.5]},"faces":{"north":{"uv":[10.85714,4,11.28571,4.57143],"texture":"#3"},"east":{"uv":[10.85714,4.57143,11.28571,5.14286],"texture":"#3"},"south":{"uv":[10.85714,5.14286,11.28571,5.71429],"texture":"#3"},"west":{"uv":[10.85714,5.71429,11.28571,6.28571],"texture":"#3"}}},{"from":[7.4,-2.5,7.4],"to":[8.6,-2,8.6],"rotation":{"angle":0,"axis":"y","origin":[7.5,-3,7.5]},"faces":{"north":{"uv":[3.42857,11.42857,4.14286,11.71429],"texture":"#3"},"east":{"uv":[11.42857,3.42857,12.14286,3.71429],"texture":"#3"},"south":{"uv":[11.42857,4,12.14286,4.28571],"texture":"#3"},"west":{"uv":[11.42857,4.57143,12.14286,4.85714],"texture":"#3"},"up":{"uv":[8.14286,9.85714,7.42857,9.14286],"texture":"#3"},"down":{"uv":[9.28571,9.14286,8.57143,9.85714],"texture":"#3"}}},{"from":[7.4,-0.5,7.4],"to":[8.6,0,8.6],"rotation":{"angle":0,"axis":"y","origin":[7.5,-1,7.5]},"faces":{"north":{"uv":[11.42857,1.14286,12.14286,1.42857],"texture":"#3"},"east":{"uv":[11.42857,1.71429,12.14286,2],"texture":"#3"},"south":{"uv":[11.42857,2.28571,12.14286,2.57143],"texture":"#3"},"west":{"uv":[11.42857,2.85714,12.14286,3.14286],"texture":"#3"},"up":{"uv":[9.85714,5.28571,9.14286,4.57143],"texture":"#3"},"down":{"uv":[7,9.14286,6.28571,9.85714],"texture":"#3"}}},{"from":[7.455,-4.095,7.405],"to":[8.545,-2.905,8.595],"rotation":{"angle":-45,"axis":"x","origin":[8,-3.5,8]},"faces":{"north":{"uv":[10.28571,1.71429,10.85714,2.42857],"texture":"#3"},"east":{"uv":[9.14286,1.14286,9.85714,1.85714],"texture":"#3"},"south":{"uv":[10.28571,2.85714,10.85714,3.57143],"texture":"#3"},"west":{"uv":[9.14286,2.28571,9.85714,3],"texture":"#3"},"up":{"uv":[4,11,3.42857,10.28571],"texture":"#3"},"down":{"uv":[4.57143,10.28571,4,11],"texture":"#3"}}},{"from":[7.255,-3.945,7.555],"to":[8.745,-3.055,8.445],"rotation":{"angle":-45,"axis":"x","origin":[8,-3.5,8]},"faces":{"north":{"uv":[9.71429,5.71429,10.57143,6.28571],"texture":"#3"},"east":{"uv":[10.28571,4,10.85714,4.57143],"texture":"#3"},"south":{"uv":[9.71429,6.28571,10.57143,6.85714],"texture":"#3"},"west":{"uv":[10.28571,4.57143,10.85714,5.14286],"texture":"#3"},"up":{"uv":[10.57143,7.42857,9.71429,6.85714],"texture":"#3"},"down":{"uv":[10.57143,7.42857,9.71429,8],"texture":"#3"}}},{"from":[7.055,5.055,7.655],"to":[8.945,6.495,9.095],"rotation":{"angle":-45,"axis":"x","origin":[8,5.4,8]},"faces":{"north":{"uv":[6.28571,3.42857,7.42857,4.28571],"texture":"#3"},"east":{"uv":[7.42857,3.42857,8.28571,4.28571],"texture":"#3"},"south":{"uv":[5.71429,6.28571,6.85714,7.14286],"texture":"#3"},"west":{"uv":[5.71429,7.42857,6.57143,8.28571],"texture":"#3"},"up":{"uv":[8,5.42857,6.85714,4.57143],"texture":"#3"},"down":{"uv":[8,5.71429,6.85714,6.57143],"texture":"#3"}}},{"from":[7.255,4.805,7.405],"to":[8.745,6.745,9.345],"rotation":{"angle":-45,"axis":"x","origin":[8,5.4,8]},"faces":{"north":{"uv":[6.85714,6.85714,7.71429,8],"texture":"#3"},"east":{"uv":[5.71429,5.14286,6.85714,6.28571],"texture":"#3"},"south":{"uv":[7.42857,0,8.28571,1.14286],"texture":"#3"},"west":{"uv":[6.28571,0,7.42857,1.14286],"texture":"#3"},"up":{"uv":[8.28571,2.28571,7.42857,1.14286],"texture":"#3"},"down":{"uv":[8.28571,2.28571,7.42857,3.42857],"texture":"#3"}}},{"from":[7.39,4.5,7.39],"to":[8.61,5.11,8.61],"rotation":{"angle":0,"axis":"y","origin":[7.39,4.5,7.39]},"faces":{"north":{"uv":[10.85714,10.28571,11.57143,10.57143],"texture":"#3"},"east":{"uv":[10.85714,10.85714,11.57143,11.14286],"texture":"#3"},"south":{"uv":[11.42857,0,12.14286,0.28571],"texture":"#3"},"west":{"uv":[11.42857,0.57143,12.14286,0.85714],"texture":"#3"},"up":{"uv":[4.14286,9.85714,3.42857,9.14286],"texture":"#3"},"down":{"uv":[9.85714,3.42857,9.14286,4.14286],"texture":"#3"}}},{"from":[7.75,6,7],"to":[8.25,8,9],"rotation":{"angle":45,"axis":"x","origin":[8,7,8]},"faces":{"north":{"uv":[6.28571,10.28571,6.57143,11.42857],"texture":"#3"},"east":{"uv":[6.28571,1.14286,7.42857,2.28571],"texture":"#3"},"south":{"uv":[6.85714,10.28571,7.14286,11.42857],"texture":"#3"},"west":{"uv":[6.28571,2.28571,7.42857,3.42857],"texture":"#3"},"up":{"uv":[7.71429,11.42857,7.42857,10.28571],"texture":"#3"},"down":{"uv":[8.28571,10.28571,8,11.42857],"texture":"#3"}}},{"from":[7.975,-6.5,6.5],"to":[8.025,-3.5,9.5],"rotation":{"angle":-45,"axis":"x","origin":[7.975,-5,8]},"faces":{"east":{"uv":[13.85714,0,15.57143,1.71429],"rotation":270,"texture":"#3"},"west":{"uv":[13.85714,0,15.57143,1.71429],"texture":"#3"}}},{"from":[7.325,7.6,7.58839],"to":[7.825,8.6,8.08839],"rotation":{"angle":-45,"axis":"x","origin":[7.575,7.975,8.08839]},"faces":{"north":{"uv":[11.42857,5.14286,11.71429,5.71429],"texture":"#3"},"east":{"uv":[5.71429,11.42857,6,12],"texture":"#3"},"south":{"uv":[11.42857,5.71429,11.71429,6.28571],"texture":"#3"},"west":{"uv":[6.28571,11.42857,6.57143,12],"texture":"#3"},"up":{"uv":[12.28571,12.28571,12,12],"texture":"#3"},"down":{"uv":[12.85714,0,12.57143,0.28571],"texture":"#3"}}},{"from":[7.325,7.6,8.08839],"to":[7.825,8.1,8.58839],"rotation":{"angle":-45,"axis":"x","origin":[7.575,7.975,8.08839]},"faces":{"east":{"uv":[12.57143,0.57143,12.85714,0.85714],"texture":"#3"},"south":{"uv":[12.57143,1.14286,12.85714,1.42857],"texture":"#3"},"west":{"uv":[12.57143,1.71429,12.85714,2],"texture":"#3"},"up":{"uv":[12.85714,2.57143,12.57143,2.28571],"texture":"#3"},"down":{"uv":[12.85714,2.85714,12.57143,3.14286],"texture":"#3"}}},{"from":[7.325,6.57617,7.39455],"to":[7.825,7.57617,7.89455],"rotation":{"angle":22.5,"axis":"x","origin":[7.575,7.20117,7.39455]},"faces":{"north":{"uv":[6.85714,11.42857,7.14286,12],"texture":"#3"},"east":{"uv":[7.42857,11.42857,7.71429,12],"texture":"#3"},"south":{"uv":[8,11.42857,8.28571,12],"texture":"#3"},"west":{"uv":[8.57143,11.42857,8.85714,12],"texture":"#3"},"up":{"uv":[3.71429,12.85714,3.42857,12.57143],"texture":"#3"},"down":{"uv":[12.85714,3.42857,12.57143,3.71429],"texture":"#3"}}},{"from":[7.325,7.07617,6.89455],"to":[7.825,7.57617,7.39455],"rotation":{"angle":22.5,"axis":"x","origin":[7.575,7.20117,7.39455]},"faces":{"north":{"uv":[4,12.57143,4.28571,12.85714],"texture":"#3"},"east":{"uv":[12.57143,4,12.85714,4.28571],"texture":"#3"},"west":{"uv":[12.57143,4.57143,12.85714,4.85714],"texture":"#3"},"up":{"uv":[12.85714,5.42857,12.57143,5.14286],"texture":"#3"},"down":{"uv":[6,12.57143,5.71429,12.85714],"texture":"#3"}}},{"from":[7.325,6.57617,8.10545],"to":[7.825,7.57617,8.60545],"rotation":{"angle":-22.5,"axis":"x","origin":[7.575,7.20117,8.60545]},"faces":{"north":{"uv":[9.14286,11.42857,9.42857,12],"texture":"#3"},"east":{"uv":[9.71429,11.42857,10,12],"texture":"#3"},"south":{"uv":[10.28571,11.42857,10.57143,12],"texture":"#3"},"west":{"uv":[10.85714,11.42857,11.14286,12],"texture":"#3"},"up":{"uv":[12.85714,6,12.57143,5.71429],"texture":"#3"},"down":{"uv":[6.57143,12.57143,6.28571,12.85714],"texture":"#3"}}},{"from":[7.325,7.07617,8.60545],"to":[7.825,7.57617,9.10545],"rotation":{"angle":-22.5,"axis":"x","origin":[7.575,7.20117,8.60545]},"faces":{"east":{"uv":[12.57143,6.28571,12.85714,6.57143],"texture":"#3"},"south":{"uv":[6.85714,12.57143,7.14286,12.85714],"texture":"#3"},"west":{"uv":[12.57143,6.85714,12.85714,7.14286],"texture":"#3"},"up":{"uv":[7.71429,12.85714,7.42857,12.57143],"texture":"#3"},"down":{"uv":[12.85714,7.42857,12.57143,7.71429],"texture":"#3"}}},{"from":[7.425,6.85628,7.5],"to":[7.875,7.85628,8.5],"rotation":{"angle":-45,"axis":"x","origin":[7.7,7.35628,8]},"faces":{"north":{"uv":[11.42857,11.42857,11.71429,12],"texture":"#3"},"east":{"uv":[10.28571,5.14286,10.85714,5.71429],"texture":"#3"},"south":{"uv":[3.42857,12,3.71429,12.57143],"texture":"#3"},"west":{"uv":[10.28571,8,10.85714,8.57143],"texture":"#3"},"up":{"uv":[4.28571,12.57143,4,12],"texture":"#3"},"down":{"uv":[12.28571,5.14286,12,5.71429],"texture":"#3"}}},{"from":[8.125,6.85628,7.5],"to":[8.575,7.85628,8.5],"rotation":{"angle":-45,"axis":"x","origin":[8.3,7.35628,8]},"faces":{"north":{"uv":[5.71429,12,6,12.57143],"texture":"#3"},"east":{"uv":[8.57143,10.28571,9.14286,10.85714],"texture":"#3"},"south":{"uv":[12,5.71429,12.28571,6.28571],"texture":"#3"},"west":{"uv":[10.28571,8.57143,10.85714,9.14286],"texture":"#3"},"up":{"uv":[6.57143,12.57143,6.28571,12],"texture":"#3"},"down":{"uv":[12.28571,6.28571,12,6.85714],"texture":"#3"}}},{"from":[8.175,7.6,7.58839],"to":[8.675,8.6,8.08839],"rotation":{"angle":-45,"axis":"x","origin":[8.425,7.975,8.08839]},"faces":{"north":{"uv":[6.85714,12,7.14286,12.57143],"texture":"#3"},"east":{"uv":[12,6.85714,12.28571,7.42857],"texture":"#3"},"south":{"uv":[7.42857,12,7.71429,12.57143],"texture":"#3"},"west":{"uv":[12,7.42857,12.28571,8],"texture":"#3"},"up":{"uv":[8.28571,12.85714,8,12.57143],"texture":"#3"},"down":{"uv":[12.85714,8,12.57143,8.28571],"texture":"#3"}}},{"from":[8.175,7.6,8.08839],"to":[8.675,8.1,8.58839],"rotation":{"angle":-45,"axis":"x","origin":[8.425,7.975,8.08839]},"faces":{"east":{"uv":[8.57143,12.57143,8.85714,12.85714],"texture":"#3"},"south":{"uv":[12.57143,8.57143,12.85714,8.85714],"texture":"#3"},"west":{"uv":[9.14286,12.57143,9.42857,12.85714],"texture":"#3"},"up":{"uv":[12.85714,9.42857,12.57143,9.14286],"texture":"#3"},"down":{"uv":[10,12.57143,9.71429,12.85714],"texture":"#3"}}},{"from":[8.175,6.57617,8.10545],"to":[8.675,7.57617,8.60545],"rotation":{"angle":-22.5,"axis":"x","origin":[8.425,7.20117,8.60545]},"faces":{"north":{"uv":[8,12,8.28571,12.57143],"texture":"#3"},"east":{"uv":[12,8,12.28571,8.57143],"texture":"#3"},"south":{"uv":[8.57143,12,8.85714,12.57143],"texture":"#3"},"west":{"uv":[12,8.57143,12.28571,9.14286],"texture":"#3"},"up":{"uv":[12.85714,10,12.57143,9.71429],"texture":"#3"},"down":{"uv":[10.57143,12.57143,10.28571,12.85714],"texture":"#3"}}},{"from":[8.175,7.07617,8.60545],"to":[8.675,7.57617,9.10545],"rotation":{"angle":-22.5,"axis":"x","origin":[8.425,7.20117,8.60545]},"faces":{"east":{"uv":[12.57143,10.28571,12.85714,10.57143],"texture":"#3"},"south":{"uv":[10.85714,12.57143,11.14286,12.85714],"texture":"#3"},"west":{"uv":[12.57143,10.85714,12.85714,11.14286],"texture":"#3"},"up":{"uv":[11.71429,12.85714,11.42857,12.57143],"texture":"#3"},"down":{"uv":[12.85714,11.42857,12.57143,11.71429],"texture":"#3"}}},{"from":[8.175,6.57617,7.39455],"to":[8.675,7.57617,7.89455],"rotation":{"angle":22.5,"axis":"x","origin":[8.425,7.20117,7.39455]},"faces":{"north":{"uv":[9.14286,12,9.42857,12.57143],"texture":"#3"},"east":{"uv":[12,9.14286,12.28571,9.71429],"texture":"#3"},"south":{"uv":[9.71429,12,10,12.57143],"texture":"#3"},"west":{"uv":[12,9.71429,12.28571,10.28571],"texture":"#3"},"up":{"uv":[12.28571,12.85714,12,12.57143],"texture":"#3"},"down":{"uv":[12.85714,12,12.57143,12.28571],"texture":"#3"}}},{"from":[8.175,7.07617,6.89455],"to":[8.675,7.57617,7.39455],"rotation":{"angle":22.5,"axis":"x","origin":[8.425,7.20117,7.39455]},"faces":{"north":{"uv":[12.57143,12.57143,12.85714,12.85714],"texture":"#3"},"east":{"uv":[13.14286,0,13.42857,0.28571],"texture":"#3"},"west":{"uv":[13.14286,0.57143,13.42857,0.85714],"texture":"#3"},"up":{"uv":[13.42857,1.42857,13.14286,1.14286],"texture":"#3"},"down":{"uv":[13.42857,1.71429,13.14286,2],"texture":"#3"}}},{"from":[7.75,8.53553,8.79289],"to":[8.25,10.53553,9.79289],"rotation":{"angle":45,"axis":"x","origin":[7.75,8.82843,8]},"faces":{"north":{"uv":[10.28571,9.14286,10.57143,10.28571],"texture":"#3"},"east":{"uv":[3.42857,8,4,9.14286],"texture":"#3"},"south":{"uv":[10.28571,10.28571,10.57143,11.42857],"texture":"#3"},"west":{"uv":[4,8,4.57143,9.14286],"texture":"#3"},"up":{"uv":[10.57143,12.57143,10.28571,12],"texture":"#3"},"down":{"uv":[12.28571,10.28571,12,10.85714],"texture":"#3"}}},{"from":[7.75,23.53553,8.79289],"to":[8.25,24.53553,9.79289],"rotation":{"angle":45,"axis":"x","origin":[7.75,22.82843,8]},"faces":{"north":{"uv":[10.85714,12,11.14286,12.57143],"texture":"#3"},"east":{"uv":[10.85714,0,11.42857,0.57143],"texture":"#3"},"south":{"uv":[12,10.85714,12.28571,11.42857],"texture":"#3"},"west":{"uv":[10.85714,0.57143,11.42857,1.14286],"texture":"#3"},"up":{"uv":[11.71429,12.57143,11.42857,12],"texture":"#3"},"down":{"uv":[12.28571,11.42857,12,12],"texture":"#3"}}},{"from":[7.755,8.76777,9.47487],"to":[8.245,22.76777,10.47487],"rotation":{"angle":0,"axis":"x","origin":[8.005,9.76777,9.97487]},"faces":{"north":{"uv":[4.57143,5.14286,4.85714,13.14286],"texture":"#3"},"east":{"uv":[3.42857,0,4,8],"texture":"#3"},"south":{"uv":[5.14286,5.14286,5.42857,13.14286],"texture":"#3"},"west":{"uv":[4,0,4.57143,8],"texture":"#3"}}},{"from":[7.77,7.25,8.34701],"to":[8.23,10.25,11.34701],"rotation":{"angle":-22.5,"axis":"x","origin":[7.77,6.25,7.34701]},"faces":{"north":{"uv":[5.71429,9.71429,6,11.42857],"texture":"#3"},"east":{"uv":[4.57143,1.71429,6.28571,3.42857],"texture":"#3"},"south":{"uv":[9.71429,8,10,9.71429],"texture":"#3"},"west":{"uv":[4.57143,3.42857,6.28571,5.14286],"texture":"#3"},"up":{"uv":[10,11.42857,9.71429,9.71429],"texture":"#3"},"down":{"uv":[10.57143,0,10.28571,1.71429],"texture":"#3"}}},{"from":[7.975,6.25,5.375],"to":[8.025,31.75,10.625],"rotation":{"angle":0,"axis":"y","origin":[7.975,7,5.625]},"faces":{"east":{"uv":[3,0,0,14.57143],"texture":"#3"},"west":{"uv":[0,0,3,14.57143],"texture":"#3"}}},{"from":[7.175,3,5],"to":[7.175,9,11],"rotation":{"angle":45,"axis":"x","origin":[7.175,6,8]},"faces":{"west":{"uv":[0,0,12,12],"texture":"#1"}}},{"from":[8.825,3,5],"to":[8.825,9,11],"rotation":{"angle":45,"axis":"x","origin":[8.825,6,8]},"faces":{"east":{"uv":[12,0,0,12],"texture":"#1"}}}],"gui_light":"front","display":{"thirdperson_righthand":{"translation":[0,3.5,1]},"thirdperson_lefthand":{"translation":[0,3.5,1]},"firstperson_righthand":{"rotation":[-10,0,0],"translation":[0,3.5,0]},"firstperson_lefthand":{"rotation":[-10,0,0],"translation":[0,3.5,0]},"ground":{"rotation":[-45,0,0],"translation":[0,13.75,0]},"gui":{"rotation":[-90,45,90],"translation":[2.25,-2.25,0],"scale":[0.65821,0.65821,0.65821]},"head":{"rotation":[0,90,0],"scale":[1.5,1.5,1.5]},"fixed":{"rotation":[90,-90,90],"translation":[0,-5,-1],"scale":[1.5,1.5,1.5]}}}