{"credit":"Made by PolygonMC","texture_size":[24,24],"textures":{"1":"saintpatricksset:animations/animations_1","3":"saintpatricksset:hammer","particle":"saintpatricksset:animations/animations_1"},"elements":[{"from":[7.5,0,7.5],"to":[8.5,1.75,8.5],"rotation":{"angle":0,"axis":"y","origin":[7.5,0,7.5]},"faces":{"north":{"uv":[5.33333,0,6,1.16667],"texture":"#3"},"east":{"uv":[2.66667,6,3.33333,7.16667],"texture":"#3"},"south":{"uv":[5.33333,9.33333,6,10.5],"texture":"#3"},"west":{"uv":[0,10,0.66667,11.16667],"texture":"#3"},"up":{"uv":[6,2,5.33333,1.33333],"texture":"#3"}}},{"from":[7.5,2.75,7.5],"to":[8.5,4.5,8.5],"rotation":{"angle":0,"axis":"y","origin":[7.5,2.5,7.5]},"faces":{"north":{"uv":[10,0,10.66667,1.16667],"texture":"#3"},"east":{"uv":[0.66667,10,1.33333,11.16667],"texture":"#3"},"south":{"uv":[1.33333,10,2,11.16667],"texture":"#3"},"west":{"uv":[10,1.33333,10.66667,2.5],"texture":"#3"},"up":{"uv":[5.33333,6,4.66667,5.33333],"texture":"#3"},"down":{"uv":[6.66667,2.66667,6,3.33333],"texture":"#3"}}},{"from":[7.6,1.75,7.6],"to":[8.4,2.75,8.4],"rotation":{"angle":0,"axis":"y","origin":[7.5,2,7.5]},"faces":{"north":{"uv":[0,12.66667,0.5,13.33333],"texture":"#3"},"east":{"uv":[0.66667,12.66667,1.16667,13.33333],"texture":"#3"},"south":{"uv":[1.33333,12.66667,1.83333,13.33333],"texture":"#3"},"west":{"uv":[2,12.66667,2.5,13.33333],"texture":"#3"}}},{"from":[7.4,0.75,7.4],"to":[8.6,1.25,8.6],"rotation":{"angle":0,"axis":"y","origin":[7.5,0.25,7.5]},"faces":{"north":{"uv":[12.66667,4,13.5,4.33333],"texture":"#3"},"east":{"uv":[4.66667,12.66667,5.5,13],"texture":"#3"},"south":{"uv":[6,12.66667,6.83333,13],"texture":"#3"},"west":{"uv":[12.66667,7.33333,13.5,7.66667],"texture":"#3"},"up":{"uv":[11.5,0.83333,10.66667,0],"texture":"#3"},"down":{"uv":[11.5,1.33333,10.66667,2.16667],"texture":"#3"}}},{"from":[7.4,3.25,7.4],"to":[8.6,3.75,8.6],"rotation":{"angle":0,"axis":"y","origin":[7.5,2.75,7.5]},"faces":{"north":{"uv":[12.66667,8,13.5,8.33333],"texture":"#3"},"east":{"uv":[12.66667,8.66667,13.5,9],"texture":"#3"},"south":{"uv":[12.66667,9.33333,13.5,9.66667],"texture":"#3"},"west":{"uv":[10,12.66667,10.83333,13],"texture":"#3"},"up":{"uv":[3.5,11.5,2.66667,10.66667],"texture":"#3"},"down":{"uv":[11.5,2.66667,10.66667,3.5],"texture":"#3"}}},{"from":[7.455,-0.845,7.405],"to":[8.545,0.345,8.595],"rotation":{"angle":-45,"axis":"x","origin":[8,-0.25,8]},"faces":{"north":{"uv":[12,2,12.66667,2.83333],"texture":"#3"},"east":{"uv":[4,10.66667,4.83333,11.5],"texture":"#3"},"south":{"uv":[2.66667,12,3.33333,12.83333],"texture":"#3"},"west":{"uv":[10.66667,4,11.5,4.83333],"texture":"#3"},"up":{"uv":[4,12.83333,3.33333,12],"texture":"#3"},"down":{"uv":[12.66667,3.33333,12,4.16667],"texture":"#3"}}},{"from":[7.255,-0.695,7.555],"to":[8.745,0.195,8.445],"rotation":{"angle":-45,"axis":"x","origin":[8,-0.25,8]},"faces":{"north":{"uv":[1.33333,11.33333,2.33333,12],"texture":"#3"},"east":{"uv":[2.66667,7.33333,3.33333,8],"texture":"#3"},"south":{"uv":[5.33333,11.33333,6.33333,12],"texture":"#3"},"west":{"uv":[8,6.66667,8.66667,7.33333],"texture":"#3"},"up":{"uv":[12.33333,11.33333,11.33333,10.66667],"texture":"#3"},"down":{"uv":[12.33333,11.33333,11.33333,12],"texture":"#3"}}},{"from":[7.055,13.055,7.655],"to":[8.945,14.495,9.095],"rotation":{"angle":-45,"axis":"x","origin":[8,13.4,8]},"faces":{"north":{"uv":[4.66667,8,6,9],"texture":"#3"},"east":{"uv":[4,9.33333,5,10.33333],"texture":"#3"},"south":{"uv":[8,5.33333,9.33333,6.33333],"texture":"#3"},"west":{"uv":[9.33333,5.33333,10.33333,6.33333],"texture":"#3"},"up":{"uv":[1.33333,9.66667,0,8.66667],"texture":"#3"},"down":{"uv":[10,0,8.66667,1],"texture":"#3"}}},{"from":[7.255,12.805,7.405],"to":[8.745,14.745,9.345],"rotation":{"angle":-45,"axis":"x","origin":[8,13.4,8]},"faces":{"north":{"uv":[8.66667,1.33333,9.66667,2.66667],"texture":"#3"},"east":{"uv":[6.66667,4,8,5.33333],"texture":"#3"},"south":{"uv":[8.66667,2.66667,9.66667,4],"texture":"#3"},"west":{"uv":[7.33333,0,8.66667,1.33333],"texture":"#3"},"up":{"uv":[7,10,6,8.66667],"texture":"#3"},"down":{"uv":[9.66667,6.66667,8.66667,8],"texture":"#3"}}},{"from":[7.5,5.105,7.5],"to":[8.5,6.855,8.5],"rotation":{"angle":0,"axis":"y","origin":[7.39,5.21,7.39]},"faces":{"north":{"uv":[2,10,2.66667,11.16667],"texture":"#3"},"east":{"uv":[10,2.66667,10.66667,3.83333],"texture":"#3"},"south":{"uv":[10,4,10.66667,5.16667],"texture":"#3"},"west":{"uv":[6,10,6.66667,11.16667],"texture":"#3"},"up":{"uv":[6,11.33333,5.33333,10.66667],"texture":"#3"}}},{"from":[7.5,7.855,7.5],"to":[8.5,9.605,8.5],"rotation":{"angle":0,"axis":"y","origin":[7.39,5.21,7.39]},"faces":{"north":{"uv":[6.66667,10,7.33333,11.16667],"texture":"#3"},"east":{"uv":[10,6.66667,10.66667,7.83333],"texture":"#3"},"south":{"uv":[10,8,10.66667,9.16667],"texture":"#3"},"west":{"uv":[10,9.33333,10.66667,10.5],"texture":"#3"},"up":{"uv":[8,12.66667,7.33333,12],"texture":"#3"},"down":{"uv":[12.66667,7.33333,12,8],"texture":"#3"}}},{"from":[7.6,6.855,7.6],"to":[8.4,7.855,8.4],"rotation":{"angle":0,"axis":"y","origin":[7.39,5.21,7.39]},"faces":{"north":{"uv":[12.66667,2,13.16667,2.66667],"texture":"#3"},"east":{"uv":[12.66667,2.66667,13.16667,3.33333],"texture":"#3"},"south":{"uv":[12.66667,3.33333,13.16667,4],"texture":"#3"},"west":{"uv":[4,12.66667,4.5,13.33333],"texture":"#3"}}},{"from":[7.4,5.855,7.4],"to":[8.6,6.355,8.6],"rotation":{"angle":0,"axis":"y","origin":[7.39,5.21,7.39]},"faces":{"north":{"uv":[12.66667,10,13.5,10.33333],"texture":"#3"},"east":{"uv":[12.66667,10.66667,13.5,11],"texture":"#3"},"south":{"uv":[11.33333,12.66667,12.16667,13],"texture":"#3"},"west":{"uv":[12.66667,11.33333,13.5,11.66667],"texture":"#3"},"up":{"uv":[11.5,6.16667,10.66667,5.33333],"texture":"#3"},"down":{"uv":[11.5,6.66667,10.66667,7.5],"texture":"#3"}}},{"from":[7.4,8.355,7.4],"to":[8.6,8.855,8.6],"rotation":{"angle":0,"axis":"y","origin":[7.39,5.21,7.39]},"faces":{"north":{"uv":[12.66667,12,13.5,12.33333],"texture":"#3"},"east":{"uv":[12.66667,12.66667,13.5,13],"texture":"#3"},"south":{"uv":[0,13.33333,0.83333,13.66667],"texture":"#3"},"west":{"uv":[13.33333,0,14.16667,0.33333],"texture":"#3"},"up":{"uv":[8.16667,11.5,7.33333,10.66667],"texture":"#3"},"down":{"uv":[11.5,8,10.66667,8.83333],"texture":"#3"}}},{"from":[7.39,9.605,7.39],"to":[8.61,10.215,8.61],"rotation":{"angle":0,"axis":"y","origin":[7.39,5.21,7.39]},"faces":{"north":{"uv":[13.33333,0.66667,14.16667,1],"texture":"#3"},"east":{"uv":[1.33333,13.33333,2.16667,13.66667],"texture":"#3"},"south":{"uv":[13.33333,1.33333,14.16667,1.66667],"texture":"#3"},"west":{"uv":[13.33333,2,14.16667,2.33333],"texture":"#3"},"up":{"uv":[9.5,11.5,8.66667,10.66667],"texture":"#3"},"down":{"uv":[11.5,9.33333,10.66667,10.16667],"texture":"#3"}}},{"from":[7.39,4.495,7.39],"to":[8.61,5.105,8.61],"rotation":{"angle":0,"axis":"y","origin":[7.39,-2.505,7.39]},"faces":{"north":{"uv":[2.66667,13.33333,3.5,13.66667],"texture":"#3"},"east":{"uv":[13.33333,2.66667,14.16667,3],"texture":"#3"},"south":{"uv":[13.33333,3.33333,14.16667,3.66667],"texture":"#3"},"west":{"uv":[4,13.33333,4.83333,13.66667],"texture":"#3"},"up":{"uv":[10.83333,11.5,10,10.66667],"texture":"#3"},"down":{"uv":[0.83333,11.33333,0,12.16667],"texture":"#3"}}},{"from":[7.29,10.215,7.29],"to":[8.71,13.6,8.71],"rotation":{"angle":0,"axis":"y","origin":[7.39,10.825,7.39]},"faces":{"north":{"uv":[3.33333,5.33333,4.33333,7.66667],"texture":"#3"},"east":{"uv":[5.33333,3.33333,6.33333,5.66667],"texture":"#3"},"south":{"uv":[0,6,1,8.33333],"texture":"#3"},"west":{"uv":[6,0,7,2.33333],"texture":"#3"},"up":{"uv":[8.33333,10.33333,7.33333,9.33333],"texture":"#3"},"down":{"uv":[9.66667,9.33333,8.66667,10.33333],"texture":"#3"}}},{"from":[7.75,14,7],"to":[8.25,16,9],"rotation":{"angle":45,"axis":"x","origin":[8,15,8]},"faces":{"north":{"uv":[8,12,8.33333,13.33333],"texture":"#3"},"east":{"uv":[7.33333,1.33333,8.66667,2.66667],"texture":"#3"},"south":{"uv":[12,8,12.33333,9.33333],"texture":"#3"},"west":{"uv":[6,7.33333,7.33333,8.66667],"texture":"#3"},"up":{"uv":[9,13.33333,8.66667,12],"texture":"#3"},"down":{"uv":[9.66667,12,9.33333,13.33333],"texture":"#3"}}},{"from":[7.975,-3.25,6.5],"to":[8.025,-0.25,9.5],"rotation":{"angle":-45,"axis":"x","origin":[7.975,-1.75,8]},"faces":{"east":{"uv":[12.5,14,14.5,16],"rotation":270,"texture":"#3"},"west":{"uv":[12.5,14,14.5,16],"texture":"#3"}}},{"from":[7.35,15.6,7.58839],"to":[8.65,16.6,8.08839],"rotation":{"angle":-45,"axis":"x","origin":[7.6,15.975,8.08839]},"faces":{"north":{"uv":[4,12,4.83333,12.66667],"texture":"#3"},"east":{"uv":[7.33333,12.66667,7.66667,13.33333],"texture":"#3"},"south":{"uv":[12,4.66667,12.83333,5.33333],"texture":"#3"},"west":{"uv":[14,4,14.33333,4.66667],"texture":"#3"},"up":{"uv":[14.16667,5,13.33333,4.66667],"texture":"#3"},"down":{"uv":[6.16667,13.33333,5.33333,13.66667],"texture":"#3"}}},{"from":[7.35,15.6,8.08839],"to":[8.65,16.1,8.58839],"rotation":{"angle":-45,"axis":"x","origin":[7.6,15.975,8.08839]},"faces":{"east":{"uv":[14,10,14.33333,10.33333],"texture":"#3"},"south":{"uv":[13.33333,5.33333,14.16667,5.66667],"texture":"#3"},"west":{"uv":[10.66667,14,11,14.33333],"texture":"#3"},"up":{"uv":[14.16667,6.33333,13.33333,6],"texture":"#3"},"down":{"uv":[7.5,13.33333,6.66667,13.66667],"texture":"#3"}}},{"from":[7.35,14.57617,7.39455],"to":[8.65,15.57617,7.89455],"rotation":{"angle":22.5,"axis":"x","origin":[7.6,15.20117,7.39455]},"faces":{"north":{"uv":[5.33333,12,6.16667,12.66667],"texture":"#3"},"east":{"uv":[5.33333,14,5.66667,14.66667],"texture":"#3"},"south":{"uv":[12,5.33333,12.83333,6],"texture":"#3"},"west":{"uv":[6,14,6.33333,14.66667],"texture":"#3"},"up":{"uv":[14.16667,7,13.33333,6.66667],"texture":"#3"},"down":{"uv":[8.83333,13.33333,8,13.66667],"texture":"#3"}}},{"from":[7.35,15.07617,6.89455],"to":[8.65,15.57617,7.39455],"rotation":{"angle":22.5,"axis":"x","origin":[7.6,15.20117,7.39455]},"faces":{"north":{"uv":[9.33333,13.33333,10.16667,13.66667],"texture":"#3"},"east":{"uv":[14,10.66667,14.33333,11],"texture":"#3"},"west":{"uv":[11.33333,14,11.66667,14.33333],"texture":"#3"},"up":{"uv":[11.5,13.66667,10.66667,13.33333],"texture":"#3"},"down":{"uv":[12.83333,13.33333,12,13.66667],"texture":"#3"}}},{"from":[7.35,14.57617,8.10545],"to":[8.65,15.57617,8.60545],"rotation":{"angle":-22.5,"axis":"x","origin":[7.6,15.20117,8.60545]},"faces":{"north":{"uv":[12,6,12.83333,6.66667],"texture":"#3"},"east":{"uv":[6.66667,14,7,14.66667],"texture":"#3"},"south":{"uv":[12,6.66667,12.83333,7.33333],"texture":"#3"},"west":{"uv":[7.33333,14,7.66667,14.66667],"texture":"#3"},"up":{"uv":[14.16667,13.66667,13.33333,13.33333],"texture":"#3"},"down":{"uv":[0.83333,14,0,14.33333],"texture":"#3"}}},{"from":[7.35,15.07617,8.60545],"to":[8.65,15.57617,9.10545],"rotation":{"angle":-22.5,"axis":"x","origin":[7.6,15.20117,8.60545]},"faces":{"east":{"uv":[14,11.33333,14.33333,11.66667],"texture":"#3"},"south":{"uv":[1.33333,14,2.16667,14.33333],"texture":"#3"},"west":{"uv":[12,14,12.33333,14.33333],"texture":"#3"},"up":{"uv":[3.5,14.33333,2.66667,14],"texture":"#3"},"down":{"uv":[4.83333,14,4,14.33333],"texture":"#3"}}},{"from":[7.425,14.85628,7.5],"to":[7.875,15.85628,8.5],"rotation":{"angle":-45,"axis":"x","origin":[7.7,15.35628,8]},"faces":{"north":{"uv":[14,7.33333,14.33333,8],"texture":"#3"},"east":{"uv":[12,9.33333,12.66667,10],"texture":"#3"},"south":{"uv":[8,14,8.33333,14.66667],"texture":"#3"},"west":{"uv":[10,12,10.66667,12.66667],"texture":"#3"},"up":{"uv":[14.33333,8.66667,14,8],"texture":"#3"},"down":{"uv":[9,14,8.66667,14.66667],"texture":"#3"}}},{"from":[8.125,14.85628,7.5],"to":[8.575,15.85628,8.5],"rotation":{"angle":-45,"axis":"x","origin":[8.3,15.35628,8]},"faces":{"north":{"uv":[14,8.66667,14.33333,9.33333],"texture":"#3"},"east":{"uv":[12,10,12.66667,10.66667],"texture":"#3"},"south":{"uv":[9.33333,14,9.66667,14.66667],"texture":"#3"},"west":{"uv":[10.66667,12,11.33333,12.66667],"texture":"#3"},"up":{"uv":[14.33333,10,14,9.33333],"texture":"#3"},"down":{"uv":[10.33333,14,10,14.66667],"texture":"#3"}}},{"from":[4.97868,10.85,2.1],"to":[10.97868,16.85,2.15],"rotation":{"angle":0,"axis":"z","origin":[7.97868,13.85,2.1]},"faces":{"north":{"uv":[0,0,12,12],"texture":"#1"},"south":{"uv":[0,0,12,12],"texture":"#1"}}},{"from":[4.97868,10.85,13.85],"to":[10.97868,16.85,13.9],"rotation":{"angle":0,"axis":"z","origin":[7.97868,13.85,13.9]},"faces":{"north":{"uv":[12,0,0,12],"texture":"#1"},"south":{"uv":[12,0,0,12],"texture":"#1"}}},{"from":[6.5,12.45,5.35],"to":[9.5,15.45,6.85],"rotation":{"angle":45,"axis":"z","origin":[8,13.95,5.85]},"faces":{"north":{"uv":[0,2,2,4],"texture":"#3"},"east":{"uv":[1.33333,6,2.33333,8],"texture":"#3"},"south":{"uv":[2,0,4,2],"texture":"#3"},"west":{"uv":[4.66667,6,5.66667,8],"texture":"#3"},"up":{"uv":[8,7,6,6],"texture":"#3"},"down":{"uv":[8.66667,2.66667,6.66667,3.66667],"texture":"#3"}}},{"from":[6.5,12.45,1.85],"to":[9.5,15.45,3.85],"rotation":{"angle":45,"axis":"z","origin":[8,13.95,2.85]},"faces":{"north":{"uv":[2,2,4,4],"texture":"#3"},"east":{"uv":[4,0,5.33333,2],"texture":"#3"},"south":{"uv":[0,4,2,6],"texture":"#3"},"west":{"uv":[2,4,3.33333,6],"texture":"#3"},"up":{"uv":[6,3.33333,4,2],"texture":"#3"},"down":{"uv":[5.33333,4,3.33333,5.33333],"texture":"#3"}}},{"from":[6.75,12.7,3.85],"to":[9.25,15.2,5.35],"rotation":{"angle":45,"axis":"z","origin":[8,13.95,3.85]},"faces":{"east":{"uv":[7.33333,7.33333,8.33333,9],"texture":"#3"},"west":{"uv":[7.33333,7.33333,8.33333,9],"texture":"#3"},"up":{"uv":[7.33333,7.33333,8.33333,9],"rotation":90,"texture":"#3"},"down":{"uv":[7.33333,7.33333,8.33333,9],"rotation":90,"texture":"#3"}}},{"from":[7.07322,15.09057,1.35],"to":[8.07322,16.09057,2.85],"rotation":{"angle":45,"axis":"z","origin":[7.82322,15.09057,2.35]},"faces":{"north":{"uv":[11.33333,12,12,12.66667],"texture":"#3"},"east":{"uv":[1.33333,12,2.33333,12.66667],"texture":"#3"},"south":{"uv":[12,12,12.66667,12.66667],"texture":"#3"},"west":{"uv":[12,1.33333,13,2],"texture":"#3"},"up":{"uv":[7.33333,12.33333,6.66667,11.33333],"texture":"#3"}}},{"from":[7.07322,14.09057,1.35],"to":[9.07322,15.09057,2.85],"rotation":{"angle":45,"axis":"z","origin":[7.82322,15.09057,2.35]},"faces":{"north":{"uv":[4,3.33333,5.33333,4],"texture":"#3"},"east":{"uv":[12,0,13,0.66667],"texture":"#3"},"south":{"uv":[6.66667,5.33333,8,6],"texture":"#3"},"west":{"uv":[12,0.66667,13,1.33333],"texture":"#3"},"up":{"uv":[10,9,8.66667,8],"texture":"#3"},"down":{"uv":[4,9.33333,2.66667,10.33333],"texture":"#3"}}},{"from":[9.21089,13.29291,1.35],"to":[10.21089,14.29291,2.85],"rotation":{"angle":22.5,"axis":"z","origin":[9.21089,13.54291,2.1]},"faces":{"north":{"uv":[11.33333,12,12,12.66667],"rotation":270,"texture":"#3"},"east":{"uv":[7.33333,12.33333,6.66667,11.33333],"rotation":90,"texture":"#3"},"south":{"uv":[12,12,12.66667,12.66667],"rotation":90,"texture":"#3"},"up":{"uv":[12,1.33333,13,2],"rotation":90,"texture":"#3"},"down":{"uv":[1.33333,12,2.33333,12.66667],"rotation":90,"texture":"#3"}}},{"from":[8.21089,12.29291,1.35],"to":[9.21089,14.29291,2.85],"rotation":{"angle":22.5,"axis":"z","origin":[9.21089,13.54291,2.1]},"faces":{"north":{"uv":[4,3.33333,5.33333,4],"rotation":270,"texture":"#3"},"east":{"uv":[10,9,8.66667,8],"rotation":90,"texture":"#3"},"south":{"uv":[6.66667,5.33333,8,6],"rotation":90,"texture":"#3"},"west":{"uv":[4,9.33333,2.66667,10.33333],"rotation":90,"texture":"#3"},"up":{"uv":[12,0.66667,13,1.33333],"rotation":90,"texture":"#3"},"down":{"uv":[12,0,13,0.66667],"rotation":90,"texture":"#3"}}},{"from":[5.78911,13.29291,1.35],"to":[6.78911,14.29291,2.85],"rotation":{"angle":-22.5,"axis":"z","origin":[6.78911,13.54291,2.1]},"faces":{"north":{"uv":[11.33333,12.66667,12,12],"rotation":270,"texture":"#3"},"south":{"uv":[12,12.66667,12.66667,12],"rotation":90,"texture":"#3"},"west":{"uv":[7.33333,11.33333,6.66667,12.33333],"rotation":90,"texture":"#3"},"up":{"uv":[12,2,13,1.33333],"rotation":90,"texture":"#3"},"down":{"uv":[1.33333,12.66667,2.33333,12],"rotation":90,"texture":"#3"}}},{"from":[6.78911,12.29291,1.35],"to":[7.78911,14.29291,2.85],"rotation":{"angle":-22.5,"axis":"z","origin":[6.78911,13.54291,2.1]},"faces":{"north":{"uv":[4,4,5.33333,3.33333],"rotation":270,"texture":"#3"},"east":{"uv":[4,10.33333,2.66667,9.33333],"rotation":90,"texture":"#3"},"south":{"uv":[6.66667,6,8,5.33333],"rotation":90,"texture":"#3"},"west":{"uv":[10,8,8.66667,9],"rotation":90,"texture":"#3"},"up":{"uv":[12,1.33333,13,0.66667],"rotation":90,"texture":"#3"},"down":{"uv":[12,0.66667,13,0],"rotation":90,"texture":"#3"}}},{"from":[6.5,12.45,9.15],"to":[9.5,15.45,10.65],"rotation":{"angle":45,"axis":"z","origin":[8,13.95,10.15]},"faces":{"north":{"uv":[4,0,2,2],"texture":"#3"},"east":{"uv":[2.33333,6,1.33333,8],"texture":"#3"},"south":{"uv":[2,2,0,4],"texture":"#3"},"west":{"uv":[5.66667,6,4.66667,8],"texture":"#3"},"up":{"uv":[8,6,6,7],"texture":"#3"},"down":{"uv":[8.66667,3.66667,6.66667,2.66667],"texture":"#3"}}},{"from":[6.75,12.7,10.65],"to":[9.25,15.2,12.15],"rotation":{"angle":45,"axis":"z","origin":[8,13.95,12.15]},"faces":{"east":{"uv":[8.33333,7.33333,7.33333,9],"texture":"#3"},"west":{"uv":[8.33333,7.33333,7.33333,9],"texture":"#3"},"up":{"uv":[8.33333,7.33333,7.33333,9],"rotation":90,"texture":"#3"},"down":{"uv":[8.33333,7.33333,7.33333,9],"rotation":90,"texture":"#3"}}},{"from":[6.5,12.45,12.15],"to":[9.5,15.45,14.15],"rotation":{"angle":45,"axis":"z","origin":[8,13.95,13.15]},"faces":{"north":{"uv":[2,4,0,6],"texture":"#3"},"east":{"uv":[5.33333,0,4,2],"texture":"#3"},"south":{"uv":[4,2,2,4],"texture":"#3"},"west":{"uv":[3.33333,4,2,6],"texture":"#3"},"up":{"uv":[6,2,4,3.33333],"texture":"#3"},"down":{"uv":[5.33333,5.33333,3.33333,4],"texture":"#3"}}},{"from":[7.07322,14.09057,13.15],"to":[9.07322,15.09057,14.65],"rotation":{"angle":45,"axis":"z","origin":[7.82322,15.09057,13.65]},"faces":{"north":{"uv":[8,5.33333,6.66667,6],"texture":"#3"},"east":{"uv":[13,0,12,0.66667],"texture":"#3"},"south":{"uv":[5.33333,3.33333,4,4],"texture":"#3"},"west":{"uv":[13,0.66667,12,1.33333],"texture":"#3"},"up":{"uv":[10,8,8.66667,9],"texture":"#3"},"down":{"uv":[4,10.33333,2.66667,9.33333],"texture":"#3"}}},{"from":[7.07322,15.09057,13.15],"to":[8.07322,16.09057,14.65],"rotation":{"angle":45,"axis":"z","origin":[7.82322,15.09057,13.65]},"faces":{"north":{"uv":[12.66667,12,12,12.66667],"texture":"#3"},"east":{"uv":[2.33333,12,1.33333,12.66667],"texture":"#3"},"south":{"uv":[12,12,11.33333,12.66667],"texture":"#3"},"west":{"uv":[13,1.33333,12,2],"texture":"#3"},"up":{"uv":[7.33333,11.33333,6.66667,12.33333],"texture":"#3"}}},{"from":[8.21089,12.29291,13.15],"to":[9.21089,14.29291,14.65],"rotation":{"angle":22.5,"axis":"z","origin":[9.21089,13.54291,13.9]},"faces":{"north":{"uv":[6.66667,6,8,5.33333],"rotation":90,"texture":"#3"},"east":{"uv":[10,8,8.66667,9],"rotation":90,"texture":"#3"},"south":{"uv":[4,4,5.33333,3.33333],"rotation":270,"texture":"#3"},"west":{"uv":[4,10.33333,2.66667,9.33333],"rotation":90,"texture":"#3"},"up":{"uv":[13,0.66667,12,1.33333],"rotation":90,"texture":"#3"},"down":{"uv":[13,0,12,0.66667],"rotation":90,"texture":"#3"}}},{"from":[9.21089,13.29291,13.15],"to":[10.21089,14.29291,14.65],"rotation":{"angle":22.5,"axis":"z","origin":[9.21089,13.54291,13.9]},"faces":{"north":{"uv":[12,12.66667,12.66667,12],"rotation":90,"texture":"#3"},"east":{"uv":[7.33333,11.33333,6.66667,12.33333],"rotation":90,"texture":"#3"},"south":{"uv":[11.33333,12.66667,12,12],"rotation":270,"texture":"#3"},"up":{"uv":[13,1.33333,12,2],"rotation":90,"texture":"#3"},"down":{"uv":[2.33333,12,1.33333,12.66667],"rotation":90,"texture":"#3"}}},{"from":[6.78911,12.29291,13.15],"to":[7.78911,14.29291,14.65],"rotation":{"angle":-22.5,"axis":"z","origin":[6.78911,13.54291,13.9]},"faces":{"north":{"uv":[6.66667,5.33333,8,6],"rotation":90,"texture":"#3"},"east":{"uv":[4,9.33333,2.66667,10.33333],"rotation":90,"texture":"#3"},"south":{"uv":[4,3.33333,5.33333,4],"rotation":270,"texture":"#3"},"west":{"uv":[10,9,8.66667,8],"rotation":90,"texture":"#3"},"up":{"uv":[13,1.33333,12,0.66667],"rotation":90,"texture":"#3"},"down":{"uv":[13,0.66667,12,0],"rotation":90,"texture":"#3"}}},{"from":[5.78911,13.29291,13.15],"to":[6.78911,14.29291,14.65],"rotation":{"angle":-22.5,"axis":"z","origin":[6.78911,13.54291,13.9]},"faces":{"north":{"uv":[12,12,12.66667,12.66667],"rotation":90,"texture":"#3"},"south":{"uv":[11.33333,12,12,12.66667],"rotation":270,"texture":"#3"},"west":{"uv":[7.33333,12.33333,6.66667,11.33333],"rotation":90,"texture":"#3"},"up":{"uv":[13,2,12,1.33333],"rotation":90,"texture":"#3"},"down":{"uv":[2.33333,12.66667,1.33333,12],"rotation":90,"texture":"#3"}}}],"gui_light":"front","display":{"thirdperson_righthand":{"translation":[0,2.5,1]},"thirdperson_lefthand":{"translation":[0,2.5,1]},"firstperson_righthand":{"rotation":[-10,0,0],"translation":[0,4,0]},"firstperson_lefthand":{"rotation":[-10,0,0],"translation":[0,4,0]},"ground":{"rotation":[-45,0,0],"translation":[0,13.75,0]},"gui":{"rotation":[-90,45,90],"translation":[0.75,-0.75,0],"scale":[0.73633,0.73633,0.73633]},"head":{"rotation":[0,90,0],"scale":[1.5,1.5,1.5]},"fixed":{"rotation":[90,-90,90],"translation":[0,2.25,-1],"scale":[1.5,1.5,1.5]}}}