{"credit":"Made by PolygonMC","texture_size":[24,24],"textures":{"1":"saintpatricksset:animations/animations_1","3":"saintpatricksset:spear","particle":"saintpatricksset:animations/animations_1"},"elements":[{"from":[7.5,0,7.5],"to":[8.5,1.75,8.5],"rotation":{"angle":0,"axis":"y","origin":[7.5,0,7.5]},"faces":{"north":{"uv":[5.33333,0,6,1.16667],"texture":"#3"},"east":{"uv":[9.33333,1.33333,10,2.5],"texture":"#3"},"south":{"uv":[7.33333,9.33333,8,10.5],"texture":"#3"},"west":{"uv":[8,9.33333,8.66667,10.5],"texture":"#3"},"up":{"uv":[6,2,5.33333,1.33333],"texture":"#3"}}},{"from":[7.5,2.75,7.5],"to":[8.5,4.5,8.5],"rotation":{"angle":0,"axis":"y","origin":[7.5,2.5,7.5]},"faces":{"north":{"uv":[9.33333,8,10,9.16667],"texture":"#3"},"east":{"uv":[8.66667,9.33333,9.33333,10.5],"texture":"#3"},"south":{"uv":[9.33333,9.33333,10,10.5],"texture":"#3"},"west":{"uv":[0,10,0.66667,11.16667],"texture":"#3"},"up":{"uv":[6,8,5.33333,7.33333],"texture":"#3"},"down":{"uv":[8.66667,12,8,12.66667],"texture":"#3"}}},{"from":[7.6,1.75,7.6],"to":[8.4,2.75,8.4],"rotation":{"angle":0,"axis":"y","origin":[7.5,2,7.5]},"faces":{"north":{"uv":[12.66667,2,13.16667,2.66667],"texture":"#3"},"east":{"uv":[2.66667,12.66667,3.16667,13.33333],"texture":"#3"},"south":{"uv":[12.66667,2.66667,13.16667,3.33333],"texture":"#3"},"west":{"uv":[3.33333,12.66667,3.83333,13.33333],"texture":"#3"}}},{"from":[7.4,0.75,7.4],"to":[8.6,1.25,8.6],"rotation":{"angle":0,"axis":"y","origin":[7.5,0.25,7.5]},"faces":{"north":{"uv":[7.33333,12.66667,8.16667,13],"texture":"#3"},"east":{"uv":[12.66667,8,13.5,8.33333],"texture":"#3"},"south":{"uv":[8.66667,12.66667,9.5,13],"texture":"#3"},"west":{"uv":[12.66667,8.66667,13.5,9],"texture":"#3"},"up":{"uv":[10.83333,8.83333,10,8],"texture":"#3"},"down":{"uv":[10.83333,9.33333,10,10.16667],"texture":"#3"}}},{"from":[7.4,3.25,7.4],"to":[8.6,3.75,8.6],"rotation":{"angle":0,"axis":"y","origin":[7.5,2.75,7.5]},"faces":{"north":{"uv":[12.66667,9.33333,13.5,9.66667],"texture":"#3"},"east":{"uv":[12.66667,10,13.5,10.33333],"texture":"#3"},"south":{"uv":[12.66667,10.66667,13.5,11],"texture":"#3"},"west":{"uv":[12.66667,11.33333,13.5,11.66667],"texture":"#3"},"up":{"uv":[11.5,0.83333,10.66667,0],"texture":"#3"},"down":{"uv":[11.5,1.33333,10.66667,2.16667],"texture":"#3"}}},{"from":[7.455,-0.845,7.405],"to":[8.545,0.345,8.595],"rotation":{"angle":-45,"axis":"x","origin":[8,-0.25,8]},"faces":{"north":{"uv":[12,0,12.66667,0.83333],"texture":"#3"},"east":{"uv":[10.66667,2.66667,11.5,3.5],"texture":"#3"},"south":{"uv":[12,1.33333,12.66667,2.16667],"texture":"#3"},"west":{"uv":[10.66667,4,11.5,4.83333],"texture":"#3"},"up":{"uv":[12.66667,3.5,12,2.66667],"texture":"#3"},"down":{"uv":[12.66667,4,12,4.83333],"texture":"#3"}}},{"from":[7.255,-0.695,7.555],"to":[8.745,0.195,8.445],"rotation":{"angle":-45,"axis":"x","origin":[8,-0.25,8]},"faces":{"north":{"uv":[11.33333,9.33333,12.33333,10],"texture":"#3"},"east":{"uv":[8.66667,12,9.33333,12.66667],"texture":"#3"},"south":{"uv":[11.33333,10,12.33333,10.66667],"texture":"#3"},"west":{"uv":[9.33333,12,10,12.66667],"texture":"#3"},"up":{"uv":[12.33333,11.33333,11.33333,10.66667],"texture":"#3"},"down":{"uv":[12.33333,11.33333,11.33333,12],"texture":"#3"}}},{"from":[7.055,17.055,7.655],"to":[8.945,18.495,9.095],"rotation":{"angle":-45,"axis":"x","origin":[8,17.4,8]},"faces":{"north":{"uv":[7.33333,2.66667,8.66667,3.66667],"texture":"#3"},"east":{"uv":[8.66667,2.66667,9.66667,3.66667],"texture":"#3"},"south":{"uv":[4,7.33333,5.33333,8.33333],"texture":"#3"},"west":{"uv":[3.33333,8.66667,4.33333,9.66667],"texture":"#3"},"up":{"uv":[8.66667,5,7.33333,4],"texture":"#3"},"down":{"uv":[8.66667,5.33333,7.33333,6.33333],"texture":"#3"}}},{"from":[7.255,16.805,7.405],"to":[8.745,18.745,9.345],"rotation":{"angle":-45,"axis":"x","origin":[8,17.4,8]},"faces":{"north":{"uv":[7.33333,6.66667,8.33333,8],"texture":"#3"},"east":{"uv":[7.33333,0,8.66667,1.33333],"texture":"#3"},"south":{"uv":[5.33333,8,6.33333,9.33333],"texture":"#3"},"west":{"uv":[1.33333,7.33333,2.66667,8.66667],"texture":"#3"},"up":{"uv":[7.66667,9.33333,6.66667,8],"texture":"#3"},"down":{"uv":[9,8,8,9.33333],"texture":"#3"}}},{"from":[7.39,4.5,7.39],"to":[8.61,5.11,8.61],"rotation":{"angle":0,"axis":"y","origin":[7.39,4.5,7.39]},"faces":{"north":{"uv":[12.66667,12,13.5,12.33333],"texture":"#3"},"east":{"uv":[12.66667,12.66667,13.5,13],"texture":"#3"},"south":{"uv":[0,13.33333,0.83333,13.66667],"texture":"#3"},"west":{"uv":[13.33333,0,14.16667,0.33333],"texture":"#3"},"up":{"uv":[11.5,6.16667,10.66667,5.33333],"texture":"#3"},"down":{"uv":[11.5,6.66667,10.66667,7.5],"texture":"#3"}}},{"from":[7.5,9.105,7.5],"to":[8.5,10.855,8.5],"rotation":{"angle":0,"axis":"y","origin":[7.39,9.21,7.39]},"faces":{"north":{"uv":[4,10,4.66667,11.16667],"texture":"#3"},"east":{"uv":[10,4,10.66667,5.16667],"texture":"#3"},"south":{"uv":[10,5.33333,10.66667,6.5],"texture":"#3"},"west":{"uv":[10,6.66667,10.66667,7.83333],"texture":"#3"},"up":{"uv":[2.66667,13.33333,2,12.66667],"texture":"#3"}}},{"from":[7.5,11.855,7.5],"to":[8.5,13.605,8.5],"rotation":{"angle":0,"axis":"y","origin":[7.39,9.21,7.39]},"faces":{"north":{"uv":[0.66667,10,1.33333,11.16667],"texture":"#3"},"east":{"uv":[10,1.33333,10.66667,2.5],"texture":"#3"},"south":{"uv":[10,2.66667,10.66667,3.83333],"texture":"#3"},"west":{"uv":[3.33333,10,4,11.16667],"texture":"#3"},"up":{"uv":[2,13.33333,1.33333,12.66667],"texture":"#3"},"down":{"uv":[13.33333,1.33333,12.66667,2],"texture":"#3"}}},{"from":[7.6,10.855,7.6],"to":[8.4,11.855,8.4],"rotation":{"angle":0,"axis":"y","origin":[7.39,9.21,7.39]},"faces":{"north":{"uv":[12.66667,4.66667,13.16667,5.33333],"texture":"#3"},"east":{"uv":[5.33333,12.66667,5.83333,13.33333],"texture":"#3"},"south":{"uv":[6,12.66667,6.5,13.33333],"texture":"#3"},"west":{"uv":[6.66667,12.66667,7.16667,13.33333],"texture":"#3"}}},{"from":[7.4,9.855,7.4],"to":[8.6,10.355,8.6],"rotation":{"angle":0,"axis":"y","origin":[7.39,9.21,7.39]},"faces":{"north":{"uv":[8,14,8.83333,14.33333],"texture":"#3"},"east":{"uv":[14,8,14.83333,8.33333],"texture":"#3"},"south":{"uv":[14,8.66667,14.83333,9],"texture":"#3"},"west":{"uv":[9.33333,14,10.16667,14.33333],"texture":"#3"},"up":{"uv":[4.83333,12.16667,4,11.33333],"texture":"#3"},"down":{"uv":[12.16667,8,11.33333,8.83333],"texture":"#3"}}},{"from":[7.4,12.355,7.4],"to":[8.6,12.855,8.6],"rotation":{"angle":0,"axis":"y","origin":[7.39,9.21,7.39]},"faces":{"north":{"uv":[2.66667,14,3.5,14.33333],"texture":"#3"},"east":{"uv":[4,14,4.83333,14.33333],"texture":"#3"},"south":{"uv":[5.33333,14,6.16667,14.33333],"texture":"#3"},"west":{"uv":[6.66667,14,7.5,14.33333],"texture":"#3"},"up":{"uv":[2.16667,12.16667,1.33333,11.33333],"texture":"#3"},"down":{"uv":[3.5,11.33333,2.66667,12.16667],"texture":"#3"}}},{"from":[7.39,13.605,7.39],"to":[8.61,14.215,8.61],"rotation":{"angle":0,"axis":"y","origin":[7.39,9.21,7.39]},"faces":{"north":{"uv":[12,13.33333,12.83333,13.66667],"texture":"#3"},"east":{"uv":[13.33333,13.33333,14.16667,13.66667],"texture":"#3"},"south":{"uv":[0,14,0.83333,14.33333],"texture":"#3"},"west":{"uv":[1.33333,14,2.16667,14.33333],"texture":"#3"},"up":{"uv":[10.83333,11.5,10,10.66667],"texture":"#3"},"down":{"uv":[0.83333,11.33333,0,12.16667],"texture":"#3"}}},{"from":[7.39,8.495,7.39],"to":[8.61,9.105,8.61],"rotation":{"angle":0,"axis":"y","origin":[7.39,1.495,7.39]},"faces":{"north":{"uv":[13.33333,0.66667,14.16667,1],"texture":"#3"},"east":{"uv":[1.33333,13.33333,2.16667,13.66667],"texture":"#3"},"south":{"uv":[13.33333,1.33333,14.16667,1.66667],"texture":"#3"},"west":{"uv":[13.33333,2,14.16667,2.33333],"texture":"#3"},"up":{"uv":[8.16667,11.5,7.33333,10.66667],"texture":"#3"},"down":{"uv":[9.5,10.66667,8.66667,11.5],"texture":"#3"}}},{"from":[7.29,5.11,7.29],"to":[8.71,8.495,8.71],"rotation":{"angle":0,"axis":"y","origin":[7.39,5.72,7.39]},"faces":{"north":{"uv":[3.33333,2,4.33333,4.33333],"texture":"#3"},"east":{"uv":[4.66667,2,5.66667,4.33333],"texture":"#3"},"south":{"uv":[3.33333,4.66667,4.33333,7],"texture":"#3"},"west":{"uv":[4.66667,4.66667,5.66667,7],"texture":"#3"},"up":{"uv":[9.66667,5,8.66667,4],"texture":"#3"},"down":{"uv":[9.66667,5.33333,8.66667,6.33333],"texture":"#3"}}},{"from":[7.29,14.215,7.29],"to":[8.71,17.6,8.71],"rotation":{"angle":0,"axis":"y","origin":[7.39,14.825,7.39]},"faces":{"north":{"uv":[6,0,7,2.33333],"texture":"#3"},"east":{"uv":[6,2.66667,7,5],"texture":"#3"},"south":{"uv":[6,5.33333,7,7.66667],"texture":"#3"},"west":{"uv":[0,7.33333,1,9.66667],"texture":"#3"},"up":{"uv":[9.66667,7.66667,8.66667,6.66667],"texture":"#3"},"down":{"uv":[10.33333,0,9.33333,1],"texture":"#3"}}},{"from":[7.75,18,7],"to":[8.25,20,9],"rotation":{"angle":45,"axis":"x","origin":[8,19,8]},"faces":{"north":{"uv":[10,12,10.33333,13.33333],"texture":"#3"},"east":{"uv":[7.33333,1.33333,8.66667,2.66667],"texture":"#3"},"south":{"uv":[10.66667,12,11,13.33333],"texture":"#3"},"west":{"uv":[2.66667,7.33333,4,8.66667],"texture":"#3"},"up":{"uv":[11.66667,13.33333,11.33333,12],"texture":"#3"},"down":{"uv":[12.33333,12,12,13.33333],"texture":"#3"}}},{"from":[7.975,-3.25,6.5],"to":[8.025,-0.25,9.5],"rotation":{"angle":-45,"axis":"x","origin":[7.975,-1.75,8]},"faces":{"east":{"uv":[3.33333,0,5.33333,2],"rotation":270,"texture":"#3"},"west":{"uv":[3.33333,0,5.33333,2],"texture":"#3"}}},{"from":[7.78375,19.44954,8.15007],"to":[8.21625,23.36454,8.98257],"rotation":{"angle":0,"axis":"x","origin":[8,20.18417,8.94894]},"faces":{"north":{"uv":[4.66667,8.66667,5,11.33333],"texture":"#3"},"east":{"uv":[8.66667,0,9.16667,2.66667],"texture":"#3"},"south":{"uv":[5.33333,9.33333,5.66667,12],"texture":"#3"},"west":{"uv":[1.33333,8.66667,1.83333,11.33333],"texture":"#3"},"up":{"uv":[2.33333,15.16667,2,14.66667],"texture":"#3"},"down":{"uv":[15,2,14.66667,2.5],"texture":"#3"}}},{"from":[7.78375,19.44954,7.01743],"to":[8.21625,23.36454,7.84993],"rotation":{"angle":0,"axis":"x","origin":[8,20.18417,7.05106]},"faces":{"north":{"uv":[6,9.33333,6.33333,12],"texture":"#3"},"east":{"uv":[2,8.66667,2.5,11.33333],"texture":"#3"},"south":{"uv":[6.66667,9.33333,7,12],"texture":"#3"},"west":{"uv":[2.66667,8.66667,3.16667,11.33333],"texture":"#3"},"up":{"uv":[4.33333,15.16667,4,14.66667],"texture":"#3"},"down":{"uv":[15,4,14.66667,4.5],"texture":"#3"}}},{"from":[7.79625,22.9362,7.04084],"to":[8.20375,23.8512,7.64834],"rotation":{"angle":-45,"axis":"x","origin":[7.9875,23.3937,7.23209]},"faces":{"north":{"uv":[1.33333,14.66667,1.66667,15.33333],"texture":"#3"},"east":{"uv":[12.66667,4,13.16667,4.66667],"texture":"#3"},"south":{"uv":[14.66667,1.33333,15,2],"texture":"#3"},"west":{"uv":[4.66667,12.66667,5.16667,13.33333],"texture":"#3"},"up":{"uv":[3.66667,15.16667,3.33333,14.66667],"texture":"#3"},"down":{"uv":[15,3.33333,14.66667,3.83333],"texture":"#3"}}},{"from":[7.79625,22.9362,8.35166],"to":[8.20375,23.8512,8.95916],"rotation":{"angle":45,"axis":"x","origin":[7.9875,23.3937,8.76791]},"faces":{"north":{"uv":[15,1.33333,14.66667,2],"texture":"#3"},"east":{"uv":[13.16667,4,12.66667,4.66667],"texture":"#3"},"south":{"uv":[1.66667,14.66667,1.33333,15.33333],"texture":"#3"},"west":{"uv":[5.16667,12.66667,4.66667,13.33333],"texture":"#3"},"up":{"uv":[3.66667,14.66667,3.33333,15.16667],"texture":"#3"},"down":{"uv":[15,3.83333,14.66667,3.33333],"texture":"#3"}}},{"from":[7.35,19.6,7.58839],"to":[8.65,20.6,8.08839],"rotation":{"angle":-45,"axis":"x","origin":[7.6,19.975,8.08839]},"faces":{"north":{"uv":[5.33333,12,6.16667,12.66667],"texture":"#3"},"east":{"uv":[10.66667,14,11,14.66667],"texture":"#3"},"south":{"uv":[12,5.33333,12.83333,6],"texture":"#3"},"west":{"uv":[14,10.66667,14.33333,11.33333],"texture":"#3"},"up":{"uv":[3.5,13.66667,2.66667,13.33333],"texture":"#3"},"down":{"uv":[14.16667,2.66667,13.33333,3],"texture":"#3"}}},{"from":[7.35,19.6,8.08839],"to":[8.65,20.1,8.58839],"rotation":{"angle":-45,"axis":"x","origin":[7.6,19.975,8.08839]},"faces":{"east":{"uv":[4.66667,14.66667,5,15],"texture":"#3"},"south":{"uv":[13.33333,3.33333,14.16667,3.66667],"texture":"#3"},"west":{"uv":[14.66667,4.66667,15,5],"texture":"#3"},"up":{"uv":[4.83333,13.66667,4,13.33333],"texture":"#3"},"down":{"uv":[14.16667,4,13.33333,4.33333],"texture":"#3"}}},{"from":[7.35,18.57617,7.39455],"to":[8.65,19.57617,7.89455],"rotation":{"angle":22.5,"axis":"x","origin":[7.6,19.20117,7.39455]},"faces":{"north":{"uv":[12,6,12.83333,6.66667],"texture":"#3"},"east":{"uv":[11.33333,14,11.66667,14.66667],"texture":"#3"},"south":{"uv":[6.66667,12,7.5,12.66667],"texture":"#3"},"west":{"uv":[14,11.33333,14.33333,12],"texture":"#3"},"up":{"uv":[14.16667,5,13.33333,4.66667],"texture":"#3"},"down":{"uv":[6.16667,13.33333,5.33333,13.66667],"texture":"#3"}}},{"from":[7.35,19.07617,6.89455],"to":[8.65,19.57617,7.39455],"rotation":{"angle":22.5,"axis":"x","origin":[7.6,19.20117,7.39455]},"faces":{"north":{"uv":[13.33333,5.33333,14.16667,5.66667],"texture":"#3"},"east":{"uv":[5.33333,14.66667,5.66667,15],"texture":"#3"},"west":{"uv":[14.66667,5.33333,15,5.66667],"texture":"#3"},"up":{"uv":[14.16667,6.33333,13.33333,6],"texture":"#3"},"down":{"uv":[7.5,13.33333,6.66667,13.66667],"texture":"#3"}}},{"from":[7.35,18.57617,8.10545],"to":[8.65,19.57617,8.60545],"rotation":{"angle":-22.5,"axis":"x","origin":[7.6,19.20117,8.60545]},"faces":{"north":{"uv":[12,6.66667,12.83333,7.33333],"texture":"#3"},"east":{"uv":[12,14,12.33333,14.66667],"texture":"#3"},"south":{"uv":[12,7.33333,12.83333,8],"texture":"#3"},"west":{"uv":[14,12,14.33333,12.66667],"texture":"#3"},"up":{"uv":[14.16667,7,13.33333,6.66667],"texture":"#3"},"down":{"uv":[14.16667,7.33333,13.33333,7.66667],"texture":"#3"}}},{"from":[7.35,19.07617,8.60545],"to":[8.65,19.57617,9.10545],"rotation":{"angle":-22.5,"axis":"x","origin":[7.6,19.20117,8.60545]},"faces":{"east":{"uv":[6,14.66667,6.33333,15],"texture":"#3"},"south":{"uv":[8,13.33333,8.83333,13.66667],"texture":"#3"},"west":{"uv":[14.66667,6,15,6.33333],"texture":"#3"},"up":{"uv":[10.16667,13.66667,9.33333,13.33333],"texture":"#3"},"down":{"uv":[11.5,13.33333,10.66667,13.66667],"texture":"#3"}}},{"from":[7.425,18.85628,7.5],"to":[7.875,19.85628,8.5],"rotation":{"angle":-45,"axis":"x","origin":[7.7,19.35628,8]},"faces":{"north":{"uv":[12.66667,14,13,14.66667],"texture":"#3"},"east":{"uv":[0,12.66667,0.66667,13.33333],"texture":"#3"},"south":{"uv":[14,12.66667,14.33333,13.33333],"texture":"#3"},"west":{"uv":[12.66667,0,13.33333,0.66667],"texture":"#3"},"up":{"uv":[13.66667,14.66667,13.33333,14],"texture":"#3"},"down":{"uv":[14.33333,14,14,14.66667],"texture":"#3"}}},{"from":[8.125,18.85628,7.5],"to":[8.575,19.85628,8.5],"rotation":{"angle":-45,"axis":"x","origin":[8.3,19.35628,8]},"faces":{"north":{"uv":[0,14.66667,0.33333,15.33333],"texture":"#3"},"east":{"uv":[0.66667,12.66667,1.33333,13.33333],"texture":"#3"},"south":{"uv":[14.66667,0,15,0.66667],"texture":"#3"},"west":{"uv":[12.66667,0.66667,13.33333,1.33333],"texture":"#3"},"up":{"uv":[1,15.33333,0.66667,14.66667],"texture":"#3"},"down":{"uv":[15,0.66667,14.66667,1.33333],"texture":"#3"}}},{"from":[7.975,18,5.625],"to":[8.025,29,10.375],"rotation":{"angle":0,"axis":"y","origin":[7.975,18,5.625]},"faces":{"east":{"uv":[3.16667,0,0,7.33333],"texture":"#3"},"west":{"uv":[0,0,3.16667,7.33333],"texture":"#3"}}},{"from":[7.175,14.9,5],"to":[7.175,20.9,11],"rotation":{"angle":45,"axis":"x","origin":[7.175,17.9,8]},"faces":{"west":{"uv":[0,0,12,12],"texture":"#1"}}},{"from":[8.825,14.9,5],"to":[8.825,20.9,11],"rotation":{"angle":45,"axis":"x","origin":[8.825,17.9,8]},"faces":{"east":{"uv":[12,0,0,12],"texture":"#1"}}}],"gui_light":"front","display":{"thirdperson_righthand":{"translation":[0,-5.25,1]},"thirdperson_lefthand":{"translation":[0,-5.25,1]},"firstperson_righthand":{"rotation":[-10,0,0],"translation":[0,-2,0]},"firstperson_lefthand":{"rotation":[-10,0,0],"translation":[0,-2,0]},"ground":{"rotation":[45,0,0],"translation":[0,13.75,0]},"gui":{"rotation":[-90,45,90],"translation":[2.5,-2.5,0],"scale":[0.73633,0.73633,0.73633]},"head":{"rotation":[0,90,0],"scale":[1.5,1.5,1.5]},"fixed":{"rotation":[-90,90,90],"translation":[0,-9,-1],"scale":[1.5,1.5,1.5]}}}