{"sources":[{"type":"single","resource":"fairyset:crossbow_1"},{"type":"single","resource":"valerieset:armor/valerie_legging_icon"},{"type":"single","resource":"fairyset:crossbow_2"},{"type":"single","resource":"xmasset:scythe"},{"type":"single","resource":"valerieset:bow_1"},{"type":"single","resource":"fairyset:greatsword"},{"type":"single","resource":"valerieset:bow_2"},{"type":"single","resource":"summerset:animations/animations_hoe"},{"type":"single","resource":"xmasset:animations/animation_1"},{"type":"single","resource":"summerset:wings"},{"type":"single","resource":"valerieset:sword"},{"type":"single","resource":"fairyset:hoe"},{"type":"single","resource":"summerset:armor/summer_leggings_icon"},{"type":"single","resource":"malikaset:armor/malika_boots_icon"},{"type":"single","resource":"valerieset:crossbow"},{"type":"single","resource":"vampireset:effect_vampire_set_long"},{"type":"single","resource":"saintpatricksset:greatsword"},{"type":"single","resource":"thunderboltset:bow"},{"type":"single","resource":"xmasset:crossbow"},{"type":"single","resource":"fairyset:animations/animations_pickaxe"},{"type":"single","resource":"summerset:armor/summer_boots_icon"},{"type":"single","resource":"fairyset:armor/fairy_chestplate_icon"},{"type":"single","resource":"_iainternal:icons/icon_next_orange"},{"type":"single","resource":"vampireset:axe_vampire_penguin"},{"type":"single","resource":"saintpatricksset:crossbow"},{"type":"single","resource":"saintpatricksset:fishing_rod_cast"},{"type":"single","resource":"noraset:bow"},{"type":"single","resource":"fairyset:trident"},{"type":"single","resource":"mysticcyanset:scythe"},{"type":"single","resource":"valerieset:spear"},{"type":"single","resource":"xmasset:bow"},{"type":"single","resource":"summerset:shield"},{"type":"single","resource":"summerset:animations/animations_pickaxe"},{"type":"single","resource":"saintpatricksset:crossbow_1"},{"type":"single","resource":"saintpatricksset:crossbow_2"},{"type":"single","resource":"nexusset:armor/nexus_chestplate_icon"},{"type":"single","resource":"mysticcyanset:animations/animation_wings"},{"type":"single","resource":"noraset:animations/animations_4"},{"type":"single","resource":"saintpatricksset:trident"},{"type":"single","resource":"valerieset:shield"},{"type":"single","resource":"valerieset:scythe"},{"type":"single","resource":"noraset:animations/animations_5"},{"type":"single","resource":"noraset:animations/animations_6"},{"type":"single","resource":"noraset:animations/animations_7"},{"type":"single","resource":"saintpatricksset:fishing_rod"},{"type":"single","resource":"mysticcyanset:backpack"},{"type":"single","resource":"mysticcyanset:wings"},{"type":"single","resource":"noraset:animations/animations_1"},{"type":"single","resource":"noraset:animations/animations_2"},{"type":"single","resource":"noraset:animations/animations_3"},{"type":"single","resource":"fairyset:bow_1"},{"type":"single","resource":"fairyset:chest"},{"type":"single","resource":"noraset:fishing_rod"},{"type":"single","resource":"nexusset:fishing_rod_cast"},{"type":"single","resource":"summerset:animations/animations_trident"},{"type":"single","resource":"mysticcyanset:animations/animations_greatsword"},{"type":"single","resource":"nexusset:hammer"},{"type":"single","resource":"discordnitroset:hammer"},{"type":"single","resource":"malikaset:bow"},{"type":"single","resource":"_iainternal:icons/icon_cancel"},{"type":"single","resource":"noraset:shovel"},{"type":"single","resource":"mysticcyanset:crossbow"},{"type":"single","resource":"noraset:crossbow_1"},{"type":"single","resource":"noraset:crossbow_2"},{"type":"single","resource":"fairyset:spear"},{"type":"single","resource":"thunderboltset:helmet"},{"type":"single","resource":"discordnitroset:animations/animations_nitro"},{"type":"single","resource":"fairyset:bow_2"},{"type":"single","resource":"valerieset:armor/valerie_chestplate_icon"},{"type":"single","resource":"noraset:hoe"},{"type":"single","resource":"summerset:axe"},{"type":"single","resource":"saintpatricksset:hat"},{"type":"single","resource":"_iainternal:icons/icon_arrow_chest"},{"type":"single","resource":"valerieset:axe"},{"type":"single","resource":"thunderboltset:scythe"},{"type":"single","resource":"thunderboltset:shield"},{"type":"single","resource":"thunderboltset:sword"},{"type":"single","resource":"summerset:greatsword"},{"type":"single","resource":"discordnitroset:crossbow"},{"type":"single","resource":"fairyset:key"},{"type":"single","resource":"fairyset:sword"},{"type":"single","resource":"thunderboltset:chest"},{"type":"single","resource":"discordnitroset:armor/discordnitro_leggings_icon"},{"type":"single","resource":"noraset:staff"},{"type":"single","resource":"fairyset:armor/fairy_helmet_icon"},{"type":"single","resource":"malikaset:armor/malika_chestplate_icon"},{"type":"single","resource":"vampireset:shovel_vampire"},{"type":"single","resource":"thunderboltset:bow_1"},{"type":"single","resource":"thunderboltset:bow_2"},{"type":"single","resource":"saintpatricksset:wings"},{"type":"single","resource":"nexusset:shovel"},{"type":"single","resource":"thunderboltset:hoe"},{"type":"single","resource":"discordnitroset:animations/nitro_gems"},{"type":"single","resource":"mysticcyanset:shovel"},{"type":"single","resource":"fairyset:fishing_rod_cast"},{"type":"single","resource":"summerset:armor/summer_chestplate_icon"},{"type":"single","resource":"fairyset:bow"},{"type":"single","resource":"summerset:animations/animations_sword"},{"type":"single","resource":"noraset:scythe"},{"type":"single","resource":"thunderboltset:spear"},{"type":"single","resource":"mysticcyanset:fishing_rod_cast"},{"type":"single","resource":"mysticcyanset:animations/animations_scythe"},{"type":"single","resource":"nexusset:armor/nexus_boots_icon"},{"type":"single","resource":"mysticcyanset:staff"},{"type":"single","resource":"mysticcyanset:chest"},{"type":"single","resource":"saintpatricksset:staff"},{"type":"single","resource":"saintpatricksset:armor/saintpatrick_boots_icon"},{"type":"single","resource":"nexusset:staff"},{"type":"single","resource":"discordnitroset:chest"},{"type":"single","resource":"summerset:animations/animations_spear"},{"type":"single","resource":"mysticcyanset:key"},{"type":"single","resource":"vampireset:bow_vampire_penguin"},{"type":"single","resource":"discordnitroset:spear"},{"type":"single","resource":"saintpatricksset:chest"},{"type":"single","resource":"saintpatricksset:key"},{"type":"single","resource":"thunderboltset:key"},{"type":"single","resource":"xmasset:armor/xmas_leggings_icon"},{"type":"single","resource":"summerset:crossbow_firework"},{"type":"single","resource":"discordnitroset:bow_2"},{"type":"single","resource":"discordnitroset:bow_1"},{"type":"single","resource":"malikaset:armor/malika_leggings_icon"},{"type":"single","resource":"xmasset:spear"},{"type":"single","resource":"fairyset:shield"},{"type":"single","resource":"malikaset:scythe"},{"type":"single","resource":"nexusset:animations/animations_nexus"},{"type":"single","resource":"xmasset:fishing_rod"},{"type":"single","resource":"discordnitroset:axe"},{"type":"single","resource":"thunderboltset:fishing_rod_cast"},{"type":"single","resource":"discordnitroset:sword"},{"type":"single","resource":"discordnitroset:wings"},{"type":"single","resource":"xmasset:fishing_rod_cast"},{"type":"single","resource":"noraset:key"},{"type":"single","resource":"valerieset:fishing_rod_cast"},{"type":"single","resource":"mysticcyanset:hoe"},{"type":"single","resource":"nexusset:greatsword"},{"type":"single","resource":"saintpatricksset:hoe"},{"type":"single","resource":"saintpatricksset:armor/saintpatrick_leggings_icon"},{"type":"single","resource":"valerieset:animations/animation_1"},{"type":"single","resource":"valerieset:animations/animation_2"},{"type":"single","resource":"thunderboltset:fishing_rod"},{"type":"single","resource":"xmasset:shovel"},{"type":"single","resource":"discordnitroset:animations/animations_1"},{"type":"single","resource":"nexusset:key"},{"type":"single","resource":"discordnitroset:shield"},{"type":"single","resource":"discordnitroset:scythe"},{"type":"single","resource":"nexusset:trident"},{"type":"single","resource":"noraset:crossbow"},{"type":"single","resource":"fairyset:helmet"},{"type":"single","resource":"valerieset:hammer"},{"type":"single","resource":"saintpatricksset:hammer"},{"type":"single","resource":"summerset:pickaxe"},{"type":"single","resource":"discordnitroset:helmet"},{"type":"single","resource":"fairyset:scythe"},{"type":"single","resource":"mysticcyanset:animations/animations_1"},{"type":"single","resource":"xmasset:chest"},{"type":"single","resource":"nexusset:crossbow"},{"type":"single","resource":"valerieset:armor/valerie_helmet_icon"},{"type":"single","resource":"mysticcyanset:armor/mysticcyan_leggings_icon"},{"type":"single","resource":"saintpatricksset:armor/saintpatrick_chestplate_icon"},{"type":"single","resource":"malikaset:hammer"},{"type":"single","resource":"malikaset:fishing_rod"},{"type":"single","resource":"summerset:animations/animations_scythe"},{"type":"single","resource":"_iainternal:icons/icon_search"},{"type":"single","resource":"nexusset:hoe"},{"type":"single","resource":"mysticcyanset:animations/animations_2"},{"type":"single","resource":"summerset:crossbow_2"},{"type":"single","resource":"mysticcyanset:animations/animations_3"},{"type":"single","resource":"mysticcyanset:animations/animations_4"},{"type":"single","resource":"fairyset:hammer"},{"type":"single","resource":"summerset:hammer"},{"type":"single","resource":"summerset:crossbow_1"},{"type":"single","resource":"malikaset:staff"},{"type":"single","resource":"xmasset:bow_1"},{"type":"single","resource":"noraset:greatsword"},{"type":"single","resource":"saintpatricksset:shield"},{"type":"single","resource":"noraset:fishing_rod_cast"},{"type":"single","resource":"malikaset:gems1"},{"type":"single","resource":"xmasset:bow_2"},{"type":"single","resource":"malikaset:crossbow"},{"type":"single","resource":"nexusset:fishing_rod"},{"type":"single","resource":"saintpatricksset:scythe"},{"type":"single","resource":"nexusset:pickaxe"},{"type":"single","resource":"xmasset:wings"},{"type":"single","resource":"xmasset:axe"},{"type":"single","resource":"xmasset:sword"},{"type":"single","resource":"summerset:fishing_rod_cast"},{"type":"single","resource":"discordnitroset:pickaxe"},{"type":"single","resource":"malikaset:animations_2"},{"type":"single","resource":"malikaset:animations_1"},{"type":"single","resource":"fairyset:animations/animations_04"},{"type":"single","resource":"fairyset:animations/animations_03"},{"type":"single","resource":"fairyset:animations/animations_axe"},{"type":"single","resource":"noraset:shield"},{"type":"single","resource":"valerieset:shovel"},{"type":"single","resource":"mysticcyanset:bow"},{"type":"single","resource":"thunderboltset:pickaxe"},{"type":"single","resource":"saintpatricksset:bow"},{"type":"single","resource":"discordnitroset:shovel"},{"type":"single","resource":"malikaset:axe"},{"type":"single","resource":"_iainternal:icons/icon_left_blue"},{"type":"single","resource":"summerset:backpack"},{"type":"single","resource":"malikaset:spear"},{"type":"single","resource":"summerset:bow"},{"type":"single","resource":"mysticcyanset:armor/mysticcyan_helmet_icon"},{"type":"single","resource":"fairyset:armor/fairy_boots_icon"},{"type":"single","resource":"summerset:animations/animations_shovel"},{"type":"single","resource":"mysticcyanset:pickaxe"},{"type":"single","resource":"malikaset:shield"},{"type":"single","resource":"thunderboltset:shovel"},{"type":"single","resource":"malikaset:chest"},{"type":"single","resource":"valerieset:staff"},{"type":"single","resource":"malikaset:helmet"},{"type":"single","resource":"valerieset:key"},{"type":"single","resource":"mysticcyanset:fishing_rod"},{"type":"single","resource":"fairyset:armor/fairy_leggings_icon"},{"type":"single","resource":"summerset:crossbow"},{"type":"single","resource":"fairyset:animations/animations_02"},{"type":"single","resource":"fairyset:axe"},{"type":"single","resource":"fairyset:animations/animations_01"},{"type":"single","resource":"thunderboltset:wings"},{"type":"single","resource":"noraset:armor/nora_leggings_icon"},{"type":"single","resource":"fairyset:staff"},{"type":"single","resource":"noraset:bow_1"},{"type":"single","resource":"nexusset:helmet"},{"type":"single","resource":"noraset:bow_2"},{"type":"single","resource":"valerieset:hoe"},{"type":"single","resource":"malikaset:trident"},{"type":"single","resource":"xmasset:key"},{"type":"single","resource":"thunderboltset:axe"},{"type":"single","resource":"mysticcyanset:animations/animations_sword"},{"type":"single","resource":"valerieset:armor/valerie_boots_icon"},{"type":"single","resource":"thunderboltset:armor/thunderbolt_chestplate_icon"},{"type":"single","resource":"valerieset:pickaxe"},{"type":"single","resource":"noraset:sword"},{"type":"single","resource":"vampireset:hoe_vampire_penguin"},{"type":"single","resource":"saintpatricksset:sword"},{"type":"single","resource":"mysticcyanset:bow_2"},{"type":"single","resource":"discordnitroset:key"},{"type":"single","resource":"mysticcyanset:bow_1"},{"type":"single","resource":"noraset:axe"},{"type":"single","resource":"valerieset:trident"},{"type":"single","resource":"mysticcyanset:sword"},{"type":"single","resource":"discordnitroset:armor/discordnitro_chestplate_icon"},{"type":"single","resource":"saintpatricksset:bow_1"},{"type":"single","resource":"saintpatricksset:bow_2"},{"type":"single","resource":"xmasset:hat"},{"type":"single","resource":"mysticcyanset:crossbow_firework"},{"type":"single","resource":"fairyset:wings"},{"type":"single","resource":"nexusset:armor/nexus_helmet_icon"},{"type":"single","resource":"valerieset:fishing_rod"},{"type":"single","resource":"noraset:spear"},{"type":"single","resource":"nexusset:bow"},{"type":"single","resource":"noraset:helmet"},{"type":"single","resource":"thunderboltset:armor/thunderbolt_boots_icon"},{"type":"single","resource":"thunderboltset:armor/thunderbolt_leggings_icon"},{"type":"single","resource":"thunderboltset:animation_1"},{"type":"single","resource":"nexusset:chest"},{"type":"single","resource":"saintpatricksset:spear"},{"type":"single","resource":"xmasset:armor/xmas_boots_icon"},{"type":"single","resource":"thunderboltset:animation_3"},{"type":"single","resource":"thunderboltset:animation_2"},{"type":"single","resource":"summerset:key"},{"type":"single","resource":"nexusset:bow_1"},{"type":"single","resource":"nexusset:bow_2"},{"type":"single","resource":"discordnitroset:hoe"},{"type":"single","resource":"malikaset:gems"},{"type":"single","resource":"xmasset:crossbow_1"},{"type":"single","resource":"malikaset:crossbow_1"},{"type":"single","resource":"xmasset:greatsword"},{"type":"single","resource":"xmasset:shield"},{"type":"single","resource":"summerset:animations/bubble_1"},{"type":"single","resource":"thunderboltset:staff"},{"type":"single","resource":"malikaset:greatsword"},{"type":"single","resource":"thunderboltset:animation_4"},{"type":"single","resource":"xmasset:hoe"},{"type":"single","resource":"malikaset:crossbow_2"},{"type":"single","resource":"summerset:armor/summer_helmet_icon"},{"type":"single","resource":"summerset:animations/animations_water"},{"type":"single","resource":"xmasset:crossbow_2"},{"type":"single","resource":"mysticcyanset:greatsword"},{"type":"single","resource":"noraset:armor/nora_boots_icon"},{"type":"single","resource":"discordnitroset:fishing_rod_cast"},{"type":"single","resource":"fairyset:shovel"},{"type":"single","resource":"fairyset:pickaxe"},{"type":"single","resource":"nexusset:spear"},{"type":"single","resource":"nexusset:crossbow_2"},{"type":"single","resource":"nexusset:crossbow_1"},{"type":"single","resource":"discordnitroset:staff"},{"type":"single","resource":"mysticcyanset:animations/animations_hammer"},{"type":"single","resource":"summerset:fishing_rod"},{"type":"single","resource":"xmasset:trident"},{"type":"single","resource":"mysticcyanset:spear"},{"type":"single","resource":"fairyset:crossbow_firework"},{"type":"single","resource":"fairyset:fishing_rod"},{"type":"single","resource":"noraset:wings"},{"type":"single","resource":"discordnitroset:armor/discordnitro_helmet_icon"},{"type":"single","resource":"noraset:hammer"},{"type":"single","resource":"summerset:sword"},{"type":"single","resource":"discordnitroset:trident"},{"type":"single","resource":"saintpatricksset:pickaxe"},{"type":"single","resource":"thunderboltset:hammer"},{"type":"single","resource":"valerieset:bow"},{"type":"single","resource":"discordnitroset:fishing_rod"},{"type":"single","resource":"malikaset:key"},{"type":"single","resource":"summerset:animations/spin_animations"},{"type":"single","resource":"summerset:animations/animations_greatsword"},{"type":"single","resource":"vampireset:pickaxe_vampire_penguin"},{"type":"single","resource":"summerset:hoe"},{"type":"single","resource":"saintpatricksset:shovel"},{"type":"single","resource":"discordnitroset:armor/discordnitro_boots_icon"},{"type":"single","resource":"discordnitroset:greatsword"},{"type":"single","resource":"mysticcyanset:crossbow_2"},{"type":"single","resource":"mysticcyanset:crossbow_1"},{"type":"single","resource":"mysticcyanset:shield"},{"type":"single","resource":"nexusset:shield"},{"type":"single","resource":"nexusset:axe"},{"type":"single","resource":"vampireset:sword_vampire_penguin"},{"type":"single","resource":"noraset:chest"},{"type":"single","resource":"summerset:weapons_theme_3"},{"type":"single","resource":"summerset:weapons_theme_1"},{"type":"single","resource":"noraset:trident"},{"type":"single","resource":"summerset:weapons_theme_2"},{"type":"single","resource":"nexusset:scythe"},{"type":"single","resource":"valerieset:crossbow_2"},{"type":"single","resource":"valerieset:crossbow_1"},{"type":"single","resource":"malikaset:wings"},{"type":"single","resource":"mysticcyanset:axe"},{"type":"single","resource":"saintpatricksset:axe"},{"type":"single","resource":"malikaset:pickaxe"},{"type":"single","resource":"valerieset:greatsword"},{"type":"single","resource":"summerset:chest"},{"type":"single","resource":"discordnitroset:crossbow_2"},{"type":"single","resource":"summerset:bow_2"},{"type":"single","resource":"discordnitroset:crossbow_1"},{"type":"single","resource":"summerset:bow_1"},{"type":"single","resource":"summerset:animations/animations_axe"},{"type":"single","resource":"_iainternal:icons/icon_back_orange"},{"type":"single","resource":"noraset:armor/nora_chestplate_icon"},{"type":"single","resource":"xmasset:staff"},{"type":"single","resource":"saintpatricksset:armor/saintpatrick_helmet_icon"},{"type":"single","resource":"mysticcyanset:helmet"},{"type":"single","resource":"mysticcyanset:trident"},{"type":"single","resource":"malikaset:bow_1"},{"type":"single","resource":"malikaset:bow_2"},{"type":"single","resource":"valerieset:wings"},{"type":"single","resource":"summerset:shovel"},{"type":"single","resource":"nexusset:animations/animations_bolt"},{"type":"single","resource":"noraset:pickaxe"},{"type":"single","resource":"nexusset:armor/nexus_leggings_icon"},{"type":"single","resource":"_iainternal:icons/icon_right_blue"},{"type":"single","resource":"mysticcyanset:armor/mysticcyan_boots_icon"},{"type":"single","resource":"xmasset:pickaxe"},{"type":"single","resource":"malikaset:fishing_rod_cast"},{"type":"single","resource":"malikaset:shovel"},{"type":"single","resource":"malikaset:sword"},{"type":"single","resource":"xmasset:armor/xmas_chestplate_icon"},{"type":"single","resource":"mysticcyanset:armor/mysticcyan_chestplate_icon"},{"type":"single","resource":"mysticcyanset:hammer"},{"type":"single","resource":"nexusset:sword"},{"type":"single","resource":"discordnitroset:bow"},{"type":"single","resource":"fairyset:crossbow"},{"type":"single","resource":"valerieset:chest"},{"type":"single","resource":"nexusset:wings"},{"type":"single","resource":"xmasset:hammer"},{"type":"single","resource":"malikaset:hoe"},{"type":"single","resource":"saintpatricksset:animations/animations_1"},{"type":"single","resource":"summerset:mask"}]}