{"credit":"Made by PolygonMC","texture_size":[32,32],"textures":{"0":"nexusset:chest","2":"nexusset:animations/animations_bolt","3":"nexusset:animations/animations_nexus","particle":"nexusset:chest"},"elements":[{"from":[4.5,8.25,4.5],"to":[11.5,11.25,11.5],"rotation":{"angle":0,"axis":"y","origin":[8,-1,8]},"faces":{"north":{"uv":[7,5,10.5,6.5],"texture":"#0"},"east":{"uv":[7,6.5,10.5,8],"texture":"#0"},"south":{"uv":[7,8,10.5,9.5],"texture":"#0"},"west":{"uv":[0,9.5,3.5,11],"texture":"#0"},"up":{"uv":[7,3.5,3.5,0],"texture":"#0"},"down":{"uv":[7,3.5,3.5,7],"texture":"#0"}}},{"from":[3.5,8.5,3.5],"to":[5,9.5,5],"rotation":{"angle":0,"axis":"y","origin":[0,-1.5,0]},"faces":{"north":{"uv":[6.5,13,7.25,13.5],"texture":"#0"},"east":{"uv":[7.5,13,8.25,13.5],"texture":"#0"},"south":{"uv":[13,7.5,13.75,8],"texture":"#0"},"west":{"uv":[13,8,13.75,8.5],"texture":"#0"},"up":{"uv":[12.75,12.25,12,11.5],"texture":"#0"},"down":{"uv":[13.25,3,12.5,3.75],"texture":"#0"}}},{"from":[4,9.5,4],"to":[5,10.5,5],"rotation":{"angle":0,"axis":"y","origin":[0,-1.5,0]},"faces":{"north":{"uv":[11.5,4.5,12,5],"texture":"#0"},"east":{"uv":[8.5,13,9,13.5],"texture":"#0"},"south":{"uv":[9,13,9.5,13.5],"texture":"#0"},"west":{"uv":[10.5,13,11,13.5],"texture":"#0"}}},{"from":[4,10.5,4],"to":[5,11.5,12],"rotation":{"angle":0,"axis":"y","origin":[0,-1.5,0]},"faces":{"north":{"uv":[13,10.5,13.5,11],"texture":"#0"},"east":{"uv":[5.5,10.5,9.5,11],"texture":"#0"},"south":{"uv":[11,13,11.5,13.5],"texture":"#0"},"west":{"uv":[10.5,7,14.5,7.5],"texture":"#0"},"up":{"uv":[10,14.5,9.5,10.5],"texture":"#0"},"down":{"uv":[10.5,10.5,10,14.5],"texture":"#0"}}},{"from":[4.475,11,3],"to":[4.525,13,13],"rotation":{"angle":0,"axis":"z","origin":[13.975,9,8]},"faces":{"east":{"uv":[4.5,9.5,9.5,10.5],"texture":"#0"},"west":{"uv":[4.5,9.5,9.5,10.5],"texture":"#0"}}},{"from":[7,9.75,4],"to":[9,11.75,12],"rotation":{"angle":0,"axis":"y","origin":[7,-1.5,0]},"faces":{"north":{"uv":[10.5,12,11.5,13],"texture":"#0"},"east":{"uv":[9.5,9.5,13.5,10.5],"texture":"#0"},"south":{"uv":[12,10.5,13,11.5],"texture":"#0"},"west":{"uv":[10.5,0,14.5,1],"texture":"#0"},"up":{"uv":[11.5,5,10.5,1],"texture":"#0"},"down":{"uv":[5.5,10.5,4.5,14.5],"texture":"#0"}}},{"from":[4,9.5,11],"to":[5,10.5,12],"rotation":{"angle":0,"axis":"y","origin":[0,-1.5,16]},"faces":{"north":{"uv":[9.5,13,9,13.5],"texture":"#0"},"east":{"uv":[9,13,8.5,13.5],"texture":"#0"},"south":{"uv":[12,4.5,11.5,5],"texture":"#0"},"west":{"uv":[11,13,10.5,13.5],"texture":"#0"}}},{"from":[3.5,8.5,11],"to":[5,9.5,12.5],"rotation":{"angle":0,"axis":"y","origin":[0,-1.5,16]},"faces":{"north":{"uv":[13.75,7.5,13,8],"texture":"#0"},"east":{"uv":[8.25,13,7.5,13.5],"texture":"#0"},"south":{"uv":[7.25,13,6.5,13.5],"texture":"#0"},"west":{"uv":[13.75,8,13,8.5],"texture":"#0"},"up":{"uv":[12.75,11.5,12,12.25],"texture":"#0"},"down":{"uv":[13.25,3.75,12.5,3],"texture":"#0"}}},{"from":[11,8.5,11],"to":[12.5,9.5,12.5],"rotation":{"angle":0,"axis":"y","origin":[16,-1.5,16]},"faces":{"north":{"uv":[13,7.5,13.75,8],"texture":"#0"},"east":{"uv":[13,8,13.75,8.5],"texture":"#0"},"south":{"uv":[6.5,13,7.25,13.5],"texture":"#0"},"west":{"uv":[7.5,13,8.25,13.5],"texture":"#0"},"up":{"uv":[12,11.5,12.75,12.25],"texture":"#0"},"down":{"uv":[12.5,3.75,13.25,3],"texture":"#0"}}},{"from":[11,9.5,11],"to":[12,10.5,12],"rotation":{"angle":0,"axis":"y","origin":[16,-1.5,16]},"faces":{"north":{"uv":[9,13,9.5,13.5],"texture":"#0"},"east":{"uv":[10.5,13,11,13.5],"texture":"#0"},"south":{"uv":[11.5,4.5,12,5],"texture":"#0"},"west":{"uv":[8.5,13,9,13.5],"texture":"#0"}}},{"from":[11,8.5,3.5],"to":[12.5,9.5,5],"rotation":{"angle":0,"axis":"y","origin":[16,-1.5,0]},"faces":{"north":{"uv":[7.25,13,6.5,13.5],"texture":"#0"},"east":{"uv":[13.75,8,13,8.5],"texture":"#0"},"south":{"uv":[13.75,7.5,13,8],"texture":"#0"},"west":{"uv":[8.25,13,7.5,13.5],"texture":"#0"},"up":{"uv":[12,12.25,12.75,11.5],"texture":"#0"},"down":{"uv":[12.5,3,13.25,3.75],"texture":"#0"}}},{"from":[11,9.5,4],"to":[12,10.5,5],"rotation":{"angle":0,"axis":"y","origin":[16,-1.5,0]},"faces":{"north":{"uv":[12,4.5,11.5,5],"texture":"#0"},"east":{"uv":[11,13,10.5,13.5],"texture":"#0"},"south":{"uv":[9.5,13,9,13.5],"texture":"#0"},"west":{"uv":[9,13,8.5,13.5],"texture":"#0"}}},{"from":[11,10.5,4],"to":[12,11.5,12],"rotation":{"angle":0,"axis":"y","origin":[16,-1.5,0]},"faces":{"north":{"uv":[13.5,10.5,13,11],"texture":"#0"},"east":{"uv":[14.5,7,10.5,7.5],"texture":"#0"},"south":{"uv":[11.5,13,11,13.5],"texture":"#0"},"west":{"uv":[9.5,10.5,5.5,11],"texture":"#0"},"up":{"uv":[9.5,14.5,10,10.5],"texture":"#0"},"down":{"uv":[10,10.5,10.5,14.5],"texture":"#0"}}},{"from":[11.475,11,3],"to":[11.525,13,13],"rotation":{"angle":0,"axis":"z","origin":[2.025,9,8]},"faces":{"east":{"uv":[9.5,9.5,4.5,10.5],"texture":"#0"},"west":{"uv":[9.5,9.5,4.5,10.5],"texture":"#0"}}},{"from":[5,3.5,4],"to":[11,4.5,5],"rotation":{"angle":0,"axis":"y","origin":[8,4,8]},"faces":{"north":{"uv":[10.5,9,13.5,9.5],"texture":"#0"},"south":{"uv":[0,11,3,11.5],"texture":"#0"},"up":{"uv":[8.5,11.5,5.5,11],"texture":"#0"},"down":{"uv":[3,11.5,0,12],"texture":"#0"}}},{"from":[4.5,4,4.5],"to":[11.5,8.25,11.5],"rotation":{"angle":0,"axis":"y","origin":[8,4,8]},"faces":{"north":{"uv":[0,7,3.5,9.125],"texture":"#0"},"east":{"uv":[7,0,10.5,2.125],"texture":"#0"},"south":{"uv":[7,2.5,10.5,4.625],"texture":"#0"},"west":{"uv":[3.5,7,7,9.125],"texture":"#0"},"up":{"uv":[3.5,3.5,0,0],"texture":"#0"},"down":{"uv":[3.5,3.5,0,7],"texture":"#0"}}},{"from":[5,7.5,4],"to":[11,8.5,5],"rotation":{"angle":0,"axis":"y","origin":[8,4,8]},"faces":{"north":{"uv":[11.5,1,14.5,1.5],"texture":"#0"},"south":{"uv":[11.5,1.5,14.5,2],"texture":"#0"},"up":{"uv":[14.5,2.5,11.5,2],"texture":"#0"},"down":{"uv":[14.5,2.5,11.5,3],"texture":"#0"}}},{"from":[3,7.5,3],"to":[5,8.5,5],"rotation":{"angle":0,"axis":"y","origin":[0,3.5,0]},"faces":{"north":{"uv":[12.5,4,13.5,4.5],"texture":"#0"},"east":{"uv":[8.5,12.5,9.5,13],"texture":"#0"},"south":{"uv":[12,12.5,13,13],"texture":"#0"},"west":{"uv":[0,13,1,13.5],"texture":"#0"},"up":{"uv":[1,13,0,12],"texture":"#0"},"down":{"uv":[2,12,1,13],"texture":"#0"}}},{"from":[3.5,4.5,3.5],"to":[5,7.5,5],"rotation":{"angle":0,"axis":"y","origin":[0,3.5,0]},"faces":{"north":{"uv":[11.5,3,12.25,4.5],"texture":"#0"},"east":{"uv":[5.5,11.5,6.25,13],"texture":"#0"},"south":{"uv":[6.5,11.5,7.25,13],"texture":"#0"},"west":{"uv":[7.5,11.5,8.25,13],"texture":"#0"}}},{"from":[3,3.5,3],"to":[5,4.5,5],"rotation":{"angle":0,"axis":"y","origin":[0,3.5,0]},"faces":{"north":{"uv":[1,13,2,13.5],"texture":"#0"},"east":{"uv":[2,13,3,13.5],"texture":"#0"},"south":{"uv":[13,4.5,14,5],"texture":"#0"},"west":{"uv":[13,5,14,5.5],"texture":"#0"},"up":{"uv":[3,13,2,12],"texture":"#0"},"down":{"uv":[13,4.5,12,5.5],"texture":"#0"}}},{"from":[6.75,6.5,3.5],"to":[9.25,9,4.5],"rotation":{"angle":-45,"axis":"z","origin":[8,7.75,4]},"faces":{"north":{"uv":[10.5,7.5,11.75,8.75],"texture":"#0"},"east":{"uv":[3,11,3.5,12.25],"texture":"#0"},"south":{"uv":[10.5,10.5,11.75,11.75],"texture":"#0"},"west":{"uv":[11.5,12,12,13.25],"texture":"#0"},"up":{"uv":[13.25,7,12,6.5],"texture":"#0"},"down":{"uv":[13.25,8.5,12,9],"texture":"#0"}}},{"from":[3,5,7],"to":[3.5,7,9],"rotation":{"angle":0,"axis":"y","origin":[0,3.5,7]},"faces":{"north":{"uv":[13,11,13.25,12],"texture":"#0"},"east":{"uv":[12,5.5,13,6.5],"texture":"#0"},"south":{"uv":[12,13,12.25,14],"texture":"#0"},"west":{"uv":[12,7.5,13,8.5],"texture":"#0"},"up":{"uv":[13.25,13,13,12],"texture":"#0"},"down":{"uv":[12.75,13,12.5,14],"texture":"#0"}}},{"from":[3.5,6.5,7],"to":[4.5,7,9],"rotation":{"angle":0,"axis":"y","origin":[0,3.5,7]},"faces":{"north":{"uv":[13,13,13.5,13.25],"texture":"#0"},"south":{"uv":[0,13.5,0.5,13.75],"texture":"#0"},"up":{"uv":[3.5,13.5,3,12.5],"texture":"#0"},"down":{"uv":[6,13,5.5,14],"texture":"#0"}}},{"from":[3.5,5,7],"to":[4.5,5.5,9],"rotation":{"angle":0,"axis":"y","origin":[0,3.5,7]},"faces":{"north":{"uv":[0.5,13.5,1,13.75],"texture":"#0"},"south":{"uv":[1,13.5,1.5,13.75],"texture":"#0"},"up":{"uv":[13.5,6.5,13,5.5],"texture":"#0"},"down":{"uv":[6.5,13,6,14],"texture":"#0"}}},{"from":[1,3.975,3],"to":[3,4.025,13],"rotation":{"angle":0,"axis":"y","origin":[2,3.475,0]},"faces":{"up":{"uv":[4.5,14.5,3.5,9.5],"texture":"#0"},"down":{"uv":[4.5,14.5,3.5,9.5],"texture":"#0"}}},{"from":[1.5,5.15,6],"to":[4,5.2,10],"rotation":{"angle":45,"axis":"z","origin":[2.75,5.575,8]},"faces":{"up":{"uv":[11.75,7,10.5,5],"texture":"#0"},"down":{"uv":[11.75,7,10.5,5],"texture":"#0"}}},{"from":[3.25,4.5,3.25],"to":[5,7.5,3.3],"rotation":{"angle":0,"axis":"y","origin":[0,3.5,0]},"faces":{"north":{"uv":[8.5,11,9.375,12.5],"texture":"#0"},"south":{"uv":[9.375,11,8.5,12.5],"texture":"#0"}}},{"from":[5,3.5,11],"to":[11,4.5,12],"rotation":{"angle":0,"axis":"y","origin":[8,4,8]},"faces":{"north":{"uv":[3,11,0,11.5],"texture":"#0"},"south":{"uv":[13.5,9,10.5,9.5],"texture":"#0"},"up":{"uv":[8.5,11,5.5,11.5],"texture":"#0"},"down":{"uv":[3,12,0,11.5],"texture":"#0"}}},{"from":[4,3.5,5],"to":[5,4.5,11],"rotation":{"angle":0,"axis":"y","origin":[8,4,8]},"faces":{"east":{"uv":[3,11,0,11.5],"texture":"#0"},"west":{"uv":[13.5,9,10.5,9.5],"texture":"#0"},"up":{"uv":[8.5,11,5.5,11.5],"rotation":90,"texture":"#0"},"down":{"uv":[3,12,0,11.5],"rotation":270,"texture":"#0"}}},{"from":[11,3.5,5],"to":[12,4.5,11],"rotation":{"angle":0,"axis":"y","origin":[8,4,8]},"faces":{"east":{"uv":[10.5,9,13.5,9.5],"texture":"#0"},"west":{"uv":[0,11,3,11.5],"texture":"#0"},"up":{"uv":[8.5,11.5,5.5,11],"rotation":90,"texture":"#0"},"down":{"uv":[3,11.5,0,12],"rotation":270,"texture":"#0"}}},{"from":[5,7.5,11],"to":[11,8.5,12],"rotation":{"angle":0,"axis":"y","origin":[8,4,8]},"faces":{"north":{"uv":[14.5,1.5,11.5,2],"texture":"#0"},"south":{"uv":[14.5,1,11.5,1.5],"texture":"#0"},"up":{"uv":[14.5,2,11.5,2.5],"texture":"#0"},"down":{"uv":[14.5,3,11.5,2.5],"texture":"#0"}}},{"from":[4,7.5,5],"to":[5,8.5,11],"rotation":{"angle":0,"axis":"y","origin":[8,8,8]},"faces":{"east":{"uv":[14.5,1.5,11.5,2],"texture":"#0"},"west":{"uv":[14.5,1,11.5,1.5],"texture":"#0"},"up":{"uv":[14.5,2,11.5,2.5],"rotation":90,"texture":"#0"},"down":{"uv":[14.5,3,11.5,2.5],"rotation":270,"texture":"#0"}}},{"from":[11,7.5,5],"to":[12,8.5,11],"rotation":{"angle":0,"axis":"y","origin":[8,8,8]},"faces":{"east":{"uv":[11.5,1,14.5,1.5],"texture":"#0"},"west":{"uv":[11.5,1.5,14.5,2],"texture":"#0"},"up":{"uv":[14.5,2.5,11.5,2],"rotation":90,"texture":"#0"},"down":{"uv":[14.5,2.5,11.5,3],"rotation":270,"texture":"#0"}}},{"from":[11,3.5,3],"to":[13,4.5,5],"rotation":{"angle":0,"axis":"y","origin":[16,3.5,0]},"faces":{"north":{"uv":[2,13,1,13.5],"texture":"#0"},"east":{"uv":[14,5,13,5.5],"texture":"#0"},"south":{"uv":[14,4.5,13,5],"texture":"#0"},"west":{"uv":[3,13,2,13.5],"texture":"#0"},"up":{"uv":[2,13,3,12],"texture":"#0"},"down":{"uv":[12,4.5,13,5.5],"texture":"#0"}}},{"from":[11,4.5,3.5],"to":[12.5,7.5,5],"rotation":{"angle":0,"axis":"y","origin":[16,3.5,0]},"faces":{"north":{"uv":[12.25,3,11.5,4.5],"texture":"#0"},"east":{"uv":[8.25,11.5,7.5,13],"texture":"#0"},"south":{"uv":[7.25,11.5,6.5,13],"texture":"#0"},"west":{"uv":[6.25,11.5,5.5,13],"texture":"#0"}}},{"from":[11,7.5,3],"to":[13,8.5,5],"rotation":{"angle":0,"axis":"y","origin":[16,3.5,0]},"faces":{"north":{"uv":[13.5,4,12.5,4.5],"texture":"#0"},"east":{"uv":[1,13,0,13.5],"texture":"#0"},"south":{"uv":[13,12.5,12,13],"texture":"#0"},"west":{"uv":[9.5,12.5,8.5,13],"texture":"#0"},"up":{"uv":[0,13,1,12],"texture":"#0"},"down":{"uv":[1,12,2,13],"texture":"#0"}}},{"from":[3,3.5,11],"to":[5,4.5,13],"rotation":{"angle":0,"axis":"y","origin":[0,3.5,16]},"faces":{"north":{"uv":[14,4.5,13,5],"texture":"#0"},"east":{"uv":[3,13,2,13.5],"texture":"#0"},"south":{"uv":[2,13,1,13.5],"texture":"#0"},"west":{"uv":[14,5,13,5.5],"texture":"#0"},"up":{"uv":[3,12,2,13],"texture":"#0"},"down":{"uv":[13,5.5,12,4.5],"texture":"#0"}}},{"from":[3.5,4.5,11],"to":[5,7.5,12.5],"rotation":{"angle":0,"axis":"y","origin":[0,3.5,16]},"faces":{"north":{"uv":[7.25,11.5,6.5,13],"texture":"#0"},"east":{"uv":[6.25,11.5,5.5,13],"texture":"#0"},"south":{"uv":[12.25,3,11.5,4.5],"texture":"#0"},"west":{"uv":[8.25,11.5,7.5,13],"texture":"#0"}}},{"from":[3,7.5,11],"to":[5,8.5,13],"rotation":{"angle":0,"axis":"y","origin":[0,3.5,16]},"faces":{"north":{"uv":[13,12.5,12,13],"texture":"#0"},"east":{"uv":[9.5,12.5,8.5,13],"texture":"#0"},"south":{"uv":[13.5,4,12.5,4.5],"texture":"#0"},"west":{"uv":[1,13,0,13.5],"texture":"#0"},"up":{"uv":[1,12,0,13],"texture":"#0"},"down":{"uv":[2,13,1,12],"texture":"#0"}}},{"from":[11,3.5,11],"to":[13,4.5,13],"rotation":{"angle":0,"axis":"y","origin":[16,3.5,16]},"faces":{"north":{"uv":[13,4.5,14,5],"texture":"#0"},"east":{"uv":[13,5,14,5.5],"texture":"#0"},"south":{"uv":[1,13,2,13.5],"texture":"#0"},"west":{"uv":[2,13,3,13.5],"texture":"#0"},"up":{"uv":[2,12,3,13],"texture":"#0"},"down":{"uv":[12,5.5,13,4.5],"texture":"#0"}}},{"from":[11,4.5,11],"to":[12.5,7.5,12.5],"rotation":{"angle":0,"axis":"y","origin":[16,3.5,16]},"faces":{"north":{"uv":[6.5,11.5,7.25,13],"texture":"#0"},"east":{"uv":[7.5,11.5,8.25,13],"texture":"#0"},"south":{"uv":[11.5,3,12.25,4.5],"texture":"#0"},"west":{"uv":[5.5,11.5,6.25,13],"texture":"#0"}}},{"from":[11,7.5,11],"to":[13,8.5,13],"rotation":{"angle":0,"axis":"y","origin":[16,3.5,16]},"faces":{"north":{"uv":[12,12.5,13,13],"texture":"#0"},"east":{"uv":[0,13,1,13.5],"texture":"#0"},"south":{"uv":[12.5,4,13.5,4.5],"texture":"#0"},"west":{"uv":[8.5,12.5,9.5,13],"texture":"#0"},"up":{"uv":[0,12,1,13],"texture":"#0"},"down":{"uv":[1,13,2,12],"texture":"#0"}}},{"from":[11,4.5,3.25],"to":[12.75,7.5,3.3],"rotation":{"angle":0,"axis":"y","origin":[16,3.5,0]},"faces":{"north":{"uv":[9.375,11,8.5,12.5],"texture":"#0"},"south":{"uv":[8.5,11,9.375,12.5],"texture":"#0"}}},{"from":[3.25,4.5,12.7],"to":[5,7.5,12.75],"rotation":{"angle":0,"axis":"y","origin":[0,3.5,16]},"faces":{"north":{"uv":[8.5,11,9.375,12.5],"texture":"#0"},"south":{"uv":[9.375,11,8.5,12.5],"texture":"#0"}}},{"from":[11,4.5,12.7],"to":[12.75,7.5,12.75],"rotation":{"angle":0,"axis":"y","origin":[16,3.5,16]},"faces":{"north":{"uv":[9.375,11,8.5,12.5],"texture":"#0"},"south":{"uv":[8.5,11,9.375,12.5],"texture":"#0"}}},{"from":[12.7,4.5,3.25],"to":[12.75,7.5,5],"rotation":{"angle":0,"axis":"y","origin":[10.725,6,4.125]},"faces":{"east":{"uv":[8.5,11,9.375,12.5],"texture":"#0"},"west":{"uv":[9.375,11,8.5,12.5],"texture":"#0"}}},{"from":[3.25,4.5,3.25],"to":[3.3,7.5,5],"rotation":{"angle":0,"axis":"y","origin":[5.275,6,4.125]},"faces":{"east":{"uv":[8.5,11,9.375,12.5],"texture":"#0"},"west":{"uv":[9.375,11,8.5,12.5],"texture":"#0"}}},{"from":[12.7,4.5,11],"to":[12.75,7.5,12.75],"rotation":{"angle":0,"axis":"y","origin":[10.725,6,11.875]},"faces":{"east":{"uv":[9.375,11,8.5,12.5],"texture":"#0"},"west":{"uv":[8.5,11,9.375,12.5],"texture":"#0"}}},{"from":[3.25,4.5,11],"to":[3.3,7.5,12.75],"rotation":{"angle":0,"axis":"y","origin":[5.275,6,11.875]},"faces":{"east":{"uv":[9.375,11,8.5,12.5],"texture":"#0"},"west":{"uv":[8.5,11,9.375,12.5],"texture":"#0"}}},{"from":[11.5,5,7],"to":[12.5,5.5,9],"rotation":{"angle":0,"axis":"y","origin":[16,3.5,7]},"faces":{"north":{"uv":[1,13.5,0.5,13.75],"texture":"#0"},"south":{"uv":[1.5,13.5,1,13.75],"texture":"#0"},"up":{"uv":[13,6.5,13.5,5.5],"texture":"#0"},"down":{"uv":[6,13,6.5,14],"texture":"#0"}}},{"from":[12.5,5,7],"to":[13,7,9],"rotation":{"angle":0,"axis":"y","origin":[16,3.5,7]},"faces":{"north":{"uv":[13.25,11,13,12],"texture":"#0"},"east":{"uv":[13,7.5,12,8.5],"texture":"#0"},"south":{"uv":[12.25,13,12,14],"texture":"#0"},"west":{"uv":[13,5.5,12,6.5],"texture":"#0"},"up":{"uv":[13,13,13.25,12],"texture":"#0"},"down":{"uv":[12.5,13,12.75,14],"texture":"#0"}}},{"from":[11.5,6.5,7],"to":[12.5,7,9],"rotation":{"angle":0,"axis":"y","origin":[16,3.5,7]},"faces":{"north":{"uv":[13.5,13,13,13.25],"texture":"#0"},"south":{"uv":[0.5,13.5,0,13.75],"texture":"#0"},"up":{"uv":[3,13.5,3.5,12.5],"texture":"#0"},"down":{"uv":[5.5,13,6,14],"texture":"#0"}}},{"from":[12,5.15,6],"to":[14.5,5.2,10],"rotation":{"angle":-45,"axis":"z","origin":[13.25,5.575,8]},"faces":{"up":{"uv":[10.5,7,11.75,5],"texture":"#0"},"down":{"uv":[10.5,7,11.75,5],"texture":"#0"}}},{"from":[13,3.975,3],"to":[15,4.025,13],"rotation":{"angle":0,"axis":"y","origin":[14,3.475,0]},"faces":{"up":{"uv":[3.5,14.5,4.5,9.5],"texture":"#0"},"down":{"uv":[3.5,14.5,4.5,9.5],"texture":"#0"}}},{"from":[4.33534,10.6,2.5],"to":[4.38534,14.6,13.5],"rotation":{"angle":0,"axis":"z","origin":[4.33534,12.6,8]},"faces":{"east":{"uv":[5.33333,0,0,14.66667],"rotation":90,"texture":"#2"},"west":{"uv":[0,0,5.33333,14.66667],"rotation":90,"texture":"#2"}}},{"from":[11.61466,10.6,2.5],"to":[11.66466,14.6,13.5],"rotation":{"angle":0,"axis":"z","origin":[11.66466,12.6,8]},"faces":{"east":{"uv":[0,14.66667,5.33333,0],"rotation":90,"texture":"#2"},"west":{"uv":[5.33333,14.66667,0,0],"rotation":90,"texture":"#2"}}},{"from":[-0.25,4.16613,3.3632],"to":[2.75,4.16613,12.3632],"rotation":{"angle":0,"axis":"z","origin":[1.25,4.16613,7.8632]},"faces":{"up":{"uv":[9.33333,0,5.33333,12],"rotation":180,"texture":"#2"}}},{"from":[13.25,4.16613,3.3632],"to":[16.25,4.16613,12.3632],"rotation":{"angle":0,"axis":"z","origin":[14.75,4.16613,7.8632]},"faces":{"up":{"uv":[5.33333,0,9.33333,12],"rotation":180,"texture":"#2"}}},{"from":[5.5,8.25,3.75],"to":[10.5,13.25,3.75],"rotation":{"angle":0,"axis":"y","origin":[8,10.75,3.75]},"faces":{"north":{"uv":[0,0,10,10],"texture":"#3"}}}],"gui_light":"front","display":{"thirdperson_righthand":{"rotation":[84.25,0,0],"translation":[0,3,2.75],"scale":[0.71484,0.71484,0.71484]},"thirdperson_lefthand":{"rotation":[84.25,0,0],"translation":[0,3,2.75],"scale":[0.71484,0.71484,0.71484]},"firstperson_righthand":{"rotation":[158,0,-180],"translation":[-2,3.5,0]},"firstperson_lefthand":{"rotation":[158,0,-180],"translation":[-2,3.5,0]},"ground":{"translation":[0,6.5,0]},"gui":{"rotation":[35,135,0],"translation":[0,0.5,0]},"head":{"rotation":[0,180,0],"translation":[0,-32,0],"scale":[2.45703,2.45703,2.45703]},"fixed":{"rotation":[-90,0,0],"translation":[0,0,-14.5],"scale":[3.25195,3.25195,3.25195]}}}