{"credit":"Made by PolygonMC","texture_size":[4,4],"textures":{"3":"mysticcyanset:staff","4":"mysticcyanset:animations/animations_1","5":"mysticcyanset:animations/animations_4","particle":"mysticcyanset:animations/animations_4"},"elements":[{"from":[7.25,0.55,6.125],"to":[8.75,1.05,7.625],"rotation":{"angle":0,"axis":"y","origin":[7.5,0.55,7.375]},"faces":{"north":{"uv":[3.33333,12,4.33333,12.33333],"texture":"#3"},"east":{"uv":[12,3.33333,13,3.66667],"texture":"#3"},"south":{"uv":[12,4,13,4.33333],"texture":"#3"},"west":{"uv":[4.66667,12,5.66667,12.33333],"texture":"#3"},"up":{"uv":[9,1,8,0],"texture":"#3"},"down":{"uv":[2.33333,8,1.33333,9],"texture":"#3"}}},{"from":[7.25,6.55,6.125],"to":[8.75,7.05,7.625],"rotation":{"angle":0,"axis":"y","origin":[7.5,0.075,8.375]},"faces":{"north":{"uv":[12,12,13,12.33333],"texture":"#3"},"east":{"uv":[0,12.66667,1,13],"texture":"#3"},"south":{"uv":[12.66667,0,13.66667,0.33333],"texture":"#3"},"west":{"uv":[1.33333,12.66667,2.33333,13],"texture":"#3"},"up":{"uv":[9,8.33333,8,7.33333],"texture":"#3"},"down":{"uv":[9.66667,2.66667,8.66667,3.66667],"texture":"#3"}}},{"from":[7.25,10.25,7.25],"to":[8.75,10.75,8.75],"rotation":{"angle":0,"axis":"y","origin":[7.5,10.25,8.5]},"faces":{"north":{"uv":[12,4.66667,13,5],"texture":"#3"},"east":{"uv":[12,5.33333,13,5.66667],"texture":"#3"},"south":{"uv":[6,12,7,12.33333],"texture":"#3"},"west":{"uv":[12,6,13,6.33333],"texture":"#3"},"up":{"uv":[9,2.33333,8,1.33333],"texture":"#3"},"down":{"uv":[3.66667,8,2.66667,9],"texture":"#3"}}},{"from":[7.25,11.5,7.25],"to":[8.75,12,8.75],"rotation":{"angle":0,"axis":"y","origin":[7.5,11.5,8.5]},"faces":{"north":{"uv":[12,6.66667,13,7],"texture":"#3"},"east":{"uv":[7.33333,12,8.33333,12.33333],"texture":"#3"},"south":{"uv":[12,7.33333,13,7.66667],"texture":"#3"},"west":{"uv":[12,8,13,8.33333],"texture":"#3"},"up":{"uv":[9,5.66667,8,4.66667],"texture":"#3"},"down":{"uv":[9,6,8,7],"texture":"#3"}}},{"from":[7.35,17.5,7.35],"to":[8.65,18.5,8.65],"rotation":{"angle":0,"axis":"y","origin":[7.5,9.75,8.5]},"faces":{"north":{"uv":[10,4,10.83333,4.66667],"texture":"#3"},"east":{"uv":[4.66667,10,5.5,10.66667],"texture":"#3"},"south":{"uv":[9.33333,10,10.16667,10.66667],"texture":"#3"},"west":{"uv":[0,10.66667,0.83333,11.33333],"texture":"#3"},"up":{"uv":[8.83333,10.16667,8,9.33333],"texture":"#3"},"down":{"uv":[10.16667,8.66667,9.33333,9.5],"texture":"#3"}}},{"from":[7.35,6.725,6.15],"to":[8.65,7.225,7.65],"rotation":{"angle":22.5,"axis":"x","origin":[8,6.975,7.875]},"faces":{"north":{"uv":[2.66667,12.66667,3.5,13],"texture":"#3"},"east":{"uv":[8.66667,12,9.66667,12.33333],"texture":"#3"},"south":{"uv":[4,12.66667,4.83333,13],"texture":"#3"},"west":{"uv":[12,8.66667,13,9],"texture":"#3"},"up":{"uv":[10.16667,2.33333,9.33333,1.33333],"texture":"#3"},"down":{"uv":[2.83333,9.33333,2,10.33333],"texture":"#3"}}},{"from":[7.35,9.325,7.125],"to":[8.65,9.825,8.625],"rotation":{"angle":22.5,"axis":"x","origin":[8,9.575,7.875]},"faces":{"north":{"uv":[5.33333,12.66667,6.16667,13],"texture":"#3"},"east":{"uv":[12,9.33333,13,9.66667],"texture":"#3"},"south":{"uv":[6.66667,12.66667,7.5,13],"texture":"#3"},"west":{"uv":[10,12,11,12.33333],"texture":"#3"},"up":{"uv":[10.16667,5.66667,9.33333,4.66667],"texture":"#3"},"down":{"uv":[6.83333,9.33333,6,10.33333],"texture":"#3"}}},{"from":[7.5,6.5,6.825],"to":[8.5,9.5,7.825],"rotation":{"angle":22.5,"axis":"x","origin":[8,8.075,7.875]},"faces":{"north":{"uv":[4,5.33333,4.66667,7.33333],"texture":"#3"},"east":{"uv":[5.33333,4,6,6],"texture":"#3"},"south":{"uv":[6,0,6.66667,2],"texture":"#3"},"west":{"uv":[6,2,6.66667,4],"texture":"#3"}}},{"from":[7.4,9.5,7.4],"to":[8.6,11.5,8.6],"rotation":{"angle":0,"axis":"y","origin":[7.5,9.5,8.5]},"faces":{"north":{"uv":[4,7.33333,4.83333,8.66667],"texture":"#3"},"east":{"uv":[5.33333,7.33333,6.16667,8.66667],"texture":"#3"},"south":{"uv":[6.66667,7.33333,7.5,8.66667],"texture":"#3"},"west":{"uv":[0,8,0.83333,9.33333],"texture":"#3"}}},{"from":[7.4,-0.45,6.275],"to":[8.6,0.55,7.475],"rotation":{"angle":0,"axis":"y","origin":[7.25,-0.45,6.625]},"faces":{"north":{"uv":[0,10,0.83333,10.66667],"texture":"#3"},"east":{"uv":[10,0,10.83333,0.66667],"texture":"#3"},"south":{"uv":[10,0.66667,10.83333,1.33333],"texture":"#3"},"west":{"uv":[10,2.66667,10.83333,3.33333],"texture":"#3"}}},{"from":[7.3975,-0.82322,6.325],"to":[8.6025,0.02678,7.175],"rotation":{"angle":-45,"axis":"x","origin":[7.9975,-0.27322,6.875]},"faces":{"north":{"uv":[0.66667,12,1.5,12.5],"texture":"#3"},"east":{"uv":[13.33333,1.33333,13.83333,1.83333],"texture":"#3"},"south":{"uv":[12,0.66667,12.83333,1.16667],"texture":"#3"},"west":{"uv":[2,13.33333,2.5,13.83333],"texture":"#3"},"up":{"uv":[12.83333,1.83333,12,1.33333],"texture":"#3"},"down":{"uv":[2.83333,12,2,12.5],"texture":"#3"}}},{"from":[7.25,21.71421,7],"to":[8.75,23.71421,9],"rotation":{"angle":45,"axis":"x","origin":[8,22.71421,8]},"faces":{"north":{"uv":[6,4,7,5.33333],"texture":"#3"},"east":{"uv":[0.66667,4,2,5.33333],"texture":"#3"},"south":{"uv":[5.33333,6,6.33333,7.33333],"texture":"#3"},"west":{"uv":[2,4,3.33333,5.33333],"texture":"#3"},"up":{"uv":[7.66667,1.33333,6.66667,0],"texture":"#3"},"down":{"uv":[7.66667,1.33333,6.66667,2.66667],"texture":"#3"}}},{"from":[7.375,20.24461,4.9098],"to":[8.625,20.74461,7.1598],"rotation":{"angle":0,"axis":"x","origin":[8,20.49461,5.79019]},"faces":{"north":{"uv":[8.83333,13,8,12.66667],"rotation":180,"texture":"#3"},"east":{"uv":[11.33333,3.33333,11.66667,4.83333],"rotation":90,"texture":"#3"},"south":{"uv":[10.16667,12.66667,9.33333,13],"texture":"#3"},"west":{"uv":[11.33333,5.33333,11.66667,6.83333],"rotation":270,"texture":"#3"},"up":{"uv":[7.33333,2.66667,8.16667,4.16667],"texture":"#3"},"down":{"uv":[6.66667,5.33333,7.5,6.83333],"rotation":180,"texture":"#3"}}},{"from":[7.376,20.38866,4.88115],"to":[8.624,21.23866,5.80615],"rotation":{"angle":22.5,"axis":"x","origin":[8,20.49461,5.79019]},"faces":{"north":{"uv":[12.83333,2.5,12,2],"rotation":180,"texture":"#3"},"east":{"uv":[12,10,12.5,10.66667],"rotation":90,"texture":"#3"},"west":{"uv":[12,10.66667,12.5,11.33333],"rotation":270,"texture":"#3"},"up":{"uv":[3.33333,10,4.16667,10.66667],"texture":"#3"}}},{"from":[7.376,19.75055,4.88115],"to":[8.624,20.60055,5.80615],"rotation":{"angle":-22.5,"axis":"x","origin":[8,20.49461,5.79019]},"faces":{"north":{"uv":[12.83333,3.16667,12,2.66667],"rotation":180,"texture":"#3"},"east":{"uv":[11.33333,12,11.83333,12.66667],"rotation":90,"texture":"#3"},"west":{"uv":[12,11.33333,12.5,12],"rotation":270,"texture":"#3"},"down":{"uv":[10,3.33333,10.83333,4],"rotation":180,"texture":"#3"}}},{"from":[7.5,20.02113,4.26368],"to":[8.5,22.02113,6.26368],"rotation":{"angle":-45,"axis":"x","origin":[8,20.49461,5.79019]},"faces":{"north":{"uv":[6.66667,2.66667,7.33333,4],"texture":"#3"},"east":{"uv":[3.33333,4,4.66667,5.33333],"texture":"#3"},"south":{"uv":[4,8.66667,4.66667,10],"texture":"#3"},"west":{"uv":[4.66667,0,6,1.33333],"texture":"#3"},"up":{"uv":[5.33333,10,4.66667,8.66667],"texture":"#3"},"down":{"uv":[6,8.66667,5.33333,10],"texture":"#3"}}},{"from":[7.375,20.74461,5.9098],"to":[8.625,21.24461,7.1598],"rotation":{"angle":0,"axis":"x","origin":[8,20.49461,5.79019]},"faces":{"north":{"uv":[12.16667,13,11.33333,12.66667],"rotation":180,"texture":"#3"},"east":{"uv":[12.66667,10,13,10.83333],"rotation":90,"texture":"#3"},"south":{"uv":[13.5,11.33333,12.66667,11.66667],"texture":"#3"},"west":{"uv":[10.66667,12.66667,11,13.5],"rotation":270,"texture":"#3"},"up":{"uv":[9.33333,6,10.16667,6.83333],"texture":"#3"}}},{"from":[7.375,19.74461,5.9098],"to":[8.625,20.24461,7.1598],"rotation":{"angle":0,"axis":"x","origin":[8,20.49461,5.79019]},"faces":{"north":{"uv":[1.5,13.66667,0.66667,13.33333],"rotation":180,"texture":"#3"},"east":{"uv":[12.66667,12.66667,13,13.5],"rotation":90,"texture":"#3"},"south":{"uv":[14.16667,0.66667,13.33333,1],"texture":"#3"},"west":{"uv":[0,13.33333,0.33333,14.16667],"rotation":270,"texture":"#3"},"down":{"uv":[9.33333,7.33333,10.16667,8.16667],"rotation":180,"texture":"#3"}}},{"from":[7.375,20.24461,8.8402],"to":[8.625,20.74461,11.0902],"rotation":{"angle":0,"axis":"x","origin":[8,20.49461,10.20981]},"faces":{"north":{"uv":[9.33333,12.66667,10.16667,13],"texture":"#3"},"east":{"uv":[11.33333,4.83333,11.66667,3.33333],"rotation":90,"texture":"#3"},"south":{"uv":[8,13,8.83333,12.66667],"rotation":180,"texture":"#3"},"west":{"uv":[11.33333,6.83333,11.66667,5.33333],"rotation":270,"texture":"#3"},"up":{"uv":[7.33333,4.16667,8.16667,2.66667],"texture":"#3"},"down":{"uv":[6.66667,6.83333,7.5,5.33333],"rotation":180,"texture":"#3"}}},{"from":[7.376,20.38866,10.19385],"to":[8.624,21.23866,11.11885],"rotation":{"angle":-22.5,"axis":"x","origin":[8,20.49461,10.20981]},"faces":{"east":{"uv":[12,10.66667,12.5,10],"rotation":90,"texture":"#3"},"south":{"uv":[12,2.5,12.83333,2],"rotation":180,"texture":"#3"},"west":{"uv":[12,11.33333,12.5,10.66667],"rotation":270,"texture":"#3"},"up":{"uv":[3.33333,10.66667,4.16667,10],"texture":"#3"}}},{"from":[7.376,19.75055,10.19385],"to":[8.624,20.60055,11.11885],"rotation":{"angle":22.5,"axis":"x","origin":[8,20.49461,10.20981]},"faces":{"east":{"uv":[11.33333,12.66667,11.83333,12],"rotation":90,"texture":"#3"},"south":{"uv":[12,3.16667,12.83333,2.66667],"rotation":180,"texture":"#3"},"west":{"uv":[12,12,12.5,11.33333],"rotation":270,"texture":"#3"},"down":{"uv":[10,4,10.83333,3.33333],"rotation":180,"texture":"#3"}}},{"from":[7.5,20.02113,9.73632],"to":[8.5,22.02113,11.73632],"rotation":{"angle":45,"axis":"x","origin":[8,20.49461,10.20981]},"faces":{"north":{"uv":[4.66667,8.66667,4,10],"texture":"#3"},"east":{"uv":[4.66667,4,3.33333,5.33333],"texture":"#3"},"south":{"uv":[7.33333,2.66667,6.66667,4],"texture":"#3"},"west":{"uv":[6,0,4.66667,1.33333],"texture":"#3"},"up":{"uv":[5.33333,8.66667,4.66667,10],"texture":"#3"},"down":{"uv":[6,10,5.33333,8.66667],"texture":"#3"}}},{"from":[7.375,20.74461,8.8402],"to":[8.625,21.24461,10.0902],"rotation":{"angle":0,"axis":"x","origin":[8,20.49461,10.20981]},"faces":{"north":{"uv":[12.66667,11.33333,13.5,11.66667],"texture":"#3"},"east":{"uv":[12.66667,10.83333,13,10],"rotation":90,"texture":"#3"},"south":{"uv":[11.33333,13,12.16667,12.66667],"rotation":180,"texture":"#3"},"west":{"uv":[10.66667,13.5,11,12.66667],"rotation":270,"texture":"#3"},"up":{"uv":[9.33333,6.83333,10.16667,6],"texture":"#3"}}},{"from":[7.375,19.74461,8.8402],"to":[8.625,20.24461,10.0902],"rotation":{"angle":0,"axis":"x","origin":[8,20.49461,10.20981]},"faces":{"north":{"uv":[13.33333,0.66667,14.16667,1],"texture":"#3"},"east":{"uv":[12.66667,13.5,13,12.66667],"rotation":90,"texture":"#3"},"south":{"uv":[0.66667,13.66667,1.5,13.33333],"rotation":180,"texture":"#3"},"west":{"uv":[0,14.16667,0.33333,13.33333],"rotation":270,"texture":"#3"},"down":{"uv":[9.33333,8.16667,10.16667,7.33333],"rotation":180,"texture":"#3"}}},{"from":[7.5,18.5,6],"to":[8.5,22.5,7],"rotation":{"angle":45,"axis":"x","origin":[8,20.5,8]},"faces":{"north":{"uv":[4.66667,1.33333,5.33333,4],"texture":"#3"},"east":{"uv":[4.66667,4,5.33333,6.66667],"texture":"#3"},"south":{"uv":[0.66667,5.33333,1.33333,8],"texture":"#3"},"west":{"uv":[1.33333,5.33333,2,8],"texture":"#3"}}},{"from":[7.5,18.5,9],"to":[8.5,22.5,10],"rotation":{"angle":45,"axis":"x","origin":[8,20.5,8]},"faces":{"north":{"uv":[5.33333,1.33333,6,4],"texture":"#3"},"east":{"uv":[2,5.33333,2.66667,8],"texture":"#3"},"south":{"uv":[2.66667,5.33333,3.33333,8],"texture":"#3"},"west":{"uv":[3.33333,5.33333,4,8],"texture":"#3"},"up":{"uv":[6.66667,6,6,5.33333],"texture":"#3"},"down":{"uv":[5.33333,6.66667,4.66667,7.33333],"texture":"#3"}}},{"from":[7.5,18.5,7],"to":[8.5,19.5,9],"rotation":{"angle":45,"axis":"x","origin":[8,20.5,8]},"faces":{"east":{"uv":[8.66667,4,10,4.66667],"texture":"#3"},"west":{"uv":[6,8.66667,7.33333,9.33333],"texture":"#3"},"up":{"uv":[8.00059,10,7.33393,8.66785],"texture":"#3"},"down":{"uv":[8,8.66667,7.33333,10],"texture":"#3"}}},{"from":[7.5,21.5,7],"to":[8.5,22.5,9],"rotation":{"angle":45,"axis":"x","origin":[8,20.5,8]},"faces":{"east":{"uv":[8,8.66667,9.33333,9.33333],"texture":"#3"},"west":{"uv":[0,9.33333,1.33333,10],"texture":"#3"},"up":{"uv":[10,1.33333,9.33333,0],"texture":"#3"},"down":{"uv":[2,9.33333,1.33333,10.66667],"texture":"#3"}}},{"from":[7,19.48921,7],"to":[9,21.48921,9],"rotation":{"angle":45,"axis":"x","origin":[8,20.48921,8]},"faces":{"north":{"uv":[6.5,0,10.5,4],"texture":"#4"},"east":{"uv":[6.5,0,10.5,4],"texture":"#4"},"south":{"uv":[6.5,0,10.5,4],"texture":"#4"},"west":{"uv":[6.5,0,10.5,4],"texture":"#4"},"up":{"uv":[6.5,0,10.5,4],"texture":"#4"},"down":{"uv":[6.5,0,10.5,4],"texture":"#4"}}},{"from":[5.65,19.25,4.7],"to":[5.68,24.25,7.7],"rotation":{"angle":22.5,"axis":"y","origin":[5.65,19.25,3.7]},"faces":{"east":{"uv":[6,0,0,10],"texture":"#4"},"west":{"uv":[0,0,6,10],"texture":"#4"}}},{"from":[5.65,19.25,8.3],"to":[5.68,24.25,11.3],"rotation":{"angle":-22.5,"axis":"y","origin":[5.65,19.25,12.3]},"faces":{"east":{"uv":[0,0,6,10],"texture":"#4"},"west":{"uv":[6,0,0,10],"texture":"#4"}}},{"from":[10.32,19.25,8.3],"to":[10.35,24.25,11.3],"rotation":{"angle":22.5,"axis":"y","origin":[10.35,19.25,12.3]},"faces":{"east":{"uv":[0,0,6,10],"texture":"#4"},"west":{"uv":[6,0,0,10],"texture":"#4"}}},{"from":[10.32,19.25,4.7],"to":[10.35,24.25,7.7],"rotation":{"angle":-22.5,"axis":"y","origin":[10.35,19.25,3.7]},"faces":{"east":{"uv":[6,0,0,10],"texture":"#4"},"west":{"uv":[0,0,6,10],"texture":"#4"}}},{"from":[7.5,1.05,6.375],"to":[8.5,6.55,7.375],"rotation":{"angle":0,"axis":"y","origin":[7.5,1.05,6.375]},"faces":{"north":{"uv":[0,0,0.66667,3.66667],"texture":"#3"},"east":{"uv":[0.66667,0,1.33333,3.66667],"texture":"#3"},"south":{"uv":[1.33333,0,2,3.66667],"texture":"#3"},"west":{"uv":[2,0,2.66667,3.66667],"texture":"#3"}}},{"from":[7.5,12,7.5],"to":[8.5,17.5,8.5],"rotation":{"angle":0,"axis":"y","origin":[7.5,0.5,7.5]},"faces":{"north":{"uv":[2.66667,0,3.33333,3.66667],"texture":"#3"},"east":{"uv":[3.33333,0,4,3.66667],"texture":"#3"},"south":{"uv":[0,4,0.66667,7.66667],"texture":"#3"},"west":{"uv":[4,0,4.66667,3.66667],"texture":"#3"}}},{"from":[7.5,23.87591,7.375],"to":[8.5,24.87591,8.625],"rotation":{"angle":-22.5,"axis":"x","origin":[8,26.23359,8.42916]},"faces":{"north":{"uv":[0,12,0.66667,12.66667],"rotation":180,"texture":"#3"},"east":{"uv":[0,11.33333,0.83333,12],"rotation":180,"texture":"#3"},"south":{"uv":[11.33333,11.33333,12,12],"rotation":180,"texture":"#3"},"west":{"uv":[11.33333,0,12.16667,0.66667],"rotation":180,"texture":"#3"},"up":{"uv":[12,2,11.33333,2.83333],"texture":"#3"},"down":{"uv":[12,1.5,11.33333,0.66667],"texture":"#3"}}},{"from":[7.502,23.65197,7.10749],"to":[8.498,24.57697,8.35749],"rotation":{"angle":0,"axis":"x","origin":[8,26.23359,8.42916]},"faces":{"north":{"uv":[11.33333,10.66667,12,11.33333],"rotation":180,"texture":"#3"},"east":{"uv":[10.66667,8.66667,11.5,9.33333],"rotation":180,"texture":"#3"},"south":{"uv":[11.33333,10,12,10.66667],"rotation":180,"texture":"#3"},"west":{"uv":[9.33333,10.66667,10.16667,11.33333],"rotation":180,"texture":"#3"},"up":{"uv":[11.33333,10.66667,10.66667,11.5],"texture":"#3"},"down":{"uv":[11.33333,10.16667,10.66667,9.33333],"texture":"#3"}}},{"from":[7.5035,23.34271,6.94604],"to":[8.4965,24.19271,8.19604],"rotation":{"angle":22.5,"axis":"x","origin":[8,26.23359,8.42916]},"faces":{"north":{"uv":[10.66667,11.33333,10,12],"rotation":180,"texture":"#3"},"east":{"uv":[10.66667,7.33333,11.33333,8.16667],"rotation":270,"texture":"#3"},"south":{"uv":[12,10,11.33333,9.33333],"texture":"#3"},"west":{"uv":[8.66667,10.66667,9.33333,11.5],"rotation":90,"texture":"#3"},"up":{"uv":[6.66667,10.66667,7.33333,11.5],"rotation":180,"texture":"#3"},"down":{"uv":[8,10.66667,8.66667,11.5],"texture":"#3"}}},{"from":[7.512,28.60437,6.91523],"to":[8.488,29.27937,8.16523],"rotation":{"angle":45,"axis":"x","origin":[8,26.23359,8.42916]},"faces":{"north":{"uv":[4,10,3.33333,9.33333],"rotation":180,"texture":"#3"},"east":{"uv":[2,10.66667,1.33333,11.5],"rotation":270,"texture":"#3"},"south":{"uv":[8,4.66667,7.33333,5.33333],"texture":"#3"},"west":{"uv":[2.66667,10.66667,2,11.5],"rotation":90,"texture":"#3"},"up":{"uv":[11.33333,1.33333,10.66667,2.16667],"rotation":180,"texture":"#3"},"down":{"uv":[8,10,7.33333,10.83333],"texture":"#3"}}},{"from":[7.5085,26.393,10.41709],"to":[8.4915,27.643,11.14209],"rotation":{"angle":-22.5,"axis":"x","origin":[8,26.23359,8.42916]},"faces":{"north":{"uv":[3.33333,10.66667,2.66667,11.5],"rotation":180,"texture":"#3"},"east":{"uv":[4,10.66667,3.33333,11.5],"rotation":180,"texture":"#3"},"south":{"uv":[4.66667,10.66667,4,11.5],"rotation":180,"texture":"#3"},"west":{"uv":[5.33333,10.66667,4.66667,11.5],"rotation":180,"texture":"#3"},"up":{"uv":[12,8,11.33333,7.33333],"texture":"#3"},"down":{"uv":[8,11.33333,7.33333,12],"texture":"#3"}}},{"from":[7.507,26.16906,10.09957],"to":[8.493,27.41906,10.87457],"rotation":{"angle":0,"axis":"x","origin":[8,26.23359,8.42916]},"faces":{"north":{"uv":[11.33333,4.66667,10.66667,5.5],"rotation":180,"texture":"#3"},"east":{"uv":[6,10.66667,5.33333,11.5],"rotation":180,"texture":"#3"},"south":{"uv":[6.66667,10.66667,6,11.5],"rotation":180,"texture":"#3"},"west":{"uv":[11.33333,6,10.66667,6.83333],"rotation":180,"texture":"#3"},"up":{"uv":[10,12,9.33333,11.33333],"texture":"#3"},"down":{"uv":[12,8,11.33333,8.66667],"texture":"#3"}}},{"from":[7.5035,25.85979,9.86312],"to":[8.4965,27.10979,10.71312],"rotation":{"angle":22.5,"axis":"x","origin":[8,26.23359,8.42916]},"faces":{"north":{"uv":[7.33333,10.66667,6.66667,11.5],"rotation":180,"texture":"#3"},"east":{"uv":[11.33333,7.33333,10.66667,8.16667],"rotation":180,"texture":"#3"},"south":{"uv":[8.66667,10.66667,8,11.5],"rotation":180,"texture":"#3"},"west":{"uv":[9.33333,10.66667,8.66667,11.5],"rotation":180,"texture":"#3"},"up":{"uv":[10.66667,12,10,11.33333],"texture":"#3"},"down":{"uv":[12,9.33333,11.33333,10],"texture":"#3"}}},{"from":[7.502,25.51228,9.75731],"to":[8.498,26.76228,10.68231],"rotation":{"angle":45,"axis":"x","origin":[8,26.23359,8.42916]},"faces":{"north":{"uv":[11.33333,11.5,10.66667,10.66667],"rotation":180,"texture":"#3"},"east":{"uv":[11.5,8.66667,10.66667,9.33333],"rotation":270,"texture":"#3"},"south":{"uv":[11.33333,9.33333,10.66667,10.16667],"texture":"#3"},"west":{"uv":[10.16667,10.66667,9.33333,11.33333],"rotation":90,"texture":"#3"},"up":{"uv":[12,10.66667,11.33333,11.33333],"rotation":180,"texture":"#3"},"down":{"uv":[12,10,11.33333,10.66667],"texture":"#3"}}},{"from":[6.5,25.5,7.985],"to":[9.5,28.5,8.015],"rotation":{"angle":45,"axis":"y","origin":[8,27,8]},"faces":{"north":{"uv":[12,0,0,12],"texture":"#5"},"south":{"uv":[0,0,12,12],"texture":"#5"}}},{"from":[7.985,25.5,6.5],"to":[8.015,28.5,9.5],"rotation":{"angle":45,"axis":"y","origin":[8,27,8]},"faces":{"east":{"uv":[0,0,12,12],"rotation":270,"texture":"#5"},"west":{"uv":[12,0,0,12],"rotation":90,"texture":"#5"}}}],"gui_light":"front","display":{"thirdperson_righthand":{"translation":[0,-2.25,0.75]},"thirdperson_lefthand":{"translation":[0,-2.25,0.75]},"firstperson_righthand":{"rotation":[-10,0,0],"translation":[0,-3.25,1]},"firstperson_lefthand":{"rotation":[-10,0,0],"translation":[0,-3.25,1]},"ground":{"rotation":[-45,0,0],"translation":[0,8,4.25]},"gui":{"rotation":[-90,45,90],"translation":[3.5,-3.5,0],"scale":[0.74805,0.74805,0.74805]},"head":{"rotation":[0,90,0]},"fixed":{"rotation":[0,-90,0],"translation":[0,-9.75,-1.75],"scale":[2.5,2.5,2.5]}}}