{"credit":"MadebyPolygonMC","textures":{"1":"noraset:pickaxe","2":"noraset:animations/animations_1","particle":"noraset:pickaxe"},"elements":[{"from":[7.5,1,7.5],"to":[8.5,2,8.5],"rotation":{"angle":0,"axis":"y","origin":[7.5,0,7.5]},"faces":{"north":{"uv":[5,6,6,7],"texture":"#1"},"east":{"uv":[7,10,8,11],"texture":"#1"},"south":{"uv":[11,3,12,4],"texture":"#1"},"west":{"uv":[4,11,5,12],"texture":"#1"},"up":{"uv":[6,12,5,11],"texture":"#1"},"down":{"uv":[7,11,6,12],"texture":"#1"}}},{"from":[7.4,0.5,7.4],"to":[8.6,1,8.6],"rotation":{"angle":0,"axis":"y","origin":[7.5,-1,7.5]},"faces":{"north":{"uv":[11,13,12,13.5],"texture":"#1"},"east":{"uv":[13,11,14,11.5],"texture":"#1"},"south":{"uv":[12,13,13,13.5],"texture":"#1"},"west":{"uv":[13,12,14,12.5],"texture":"#1"},"up":{"uv":[8,12,7,11],"texture":"#1"},"down":{"uv":[9,11,8,12],"texture":"#1"}}},{"from":[7.4,10.2,7.4],"to":[8.6,10.95,8.6],"rotation":{"angle":0,"axis":"y","origin":[7.5,8.7,7.5]},"faces":{"north":{"uv":[9,11,10,12],"texture":"#1"},"east":{"uv":[10,11,11,12],"texture":"#1"},"south":{"uv":[11,11,12,12],"texture":"#1"},"west":{"uv":[0,12,1,13],"texture":"#1"},"up":{"uv":[2,13,1,12],"texture":"#1"},"down":{"uv":[3,12,2,13],"texture":"#1"}}},{"from":[7.47,-0.28,7.47],"to":[8.53,0.78,8.53],"rotation":{"angle":-45,"axis":"x","origin":[8,0.25,8]},"faces":{"north":{"uv":[3,12,4,13],"texture":"#1"},"east":{"uv":[12,3,13,4],"texture":"#1"},"south":{"uv":[4,12,5,13],"texture":"#1"},"west":{"uv":[12,4,13,5],"texture":"#1"},"up":{"uv":[6,13,5,12],"texture":"#1"},"down":{"uv":[13,5,12,6],"texture":"#1"}}},{"from":[7.4,2,7.4],"to":[8.6,3.2,8.6],"rotation":{"angle":0,"axis":"y","origin":[7.5,0.1,7.5]},"faces":{"north":{"uv":[6,12,7,13],"texture":"#1"},"east":{"uv":[12,6,13,7],"texture":"#1"},"south":{"uv":[7,12,8,13],"texture":"#1"},"west":{"uv":[12,7,13,8],"texture":"#1"},"up":{"uv":[9,13,8,12],"texture":"#1"},"down":{"uv":[13,8,12,9],"texture":"#1"}}},{"from":[7.5,3.2,7.5],"to":[8.5,5.2,8.5],"rotation":{"angle":0,"axis":"y","origin":[7.5,0.2,7.5]},"faces":{"north":{"uv":[2,8,3,10],"texture":"#1"},"east":{"uv":[3,8,4,10],"texture":"#1"},"south":{"uv":[5,8,6,10],"texture":"#1"},"west":{"uv":[6,8,7,10],"texture":"#1"},"up":{"uv":[10,13,9,12],"texture":"#1"},"down":{"uv":[13,9,12,10],"texture":"#1"}}},{"from":[7.5,7.2,7.5],"to":[8.5,9.2,8.5],"rotation":{"angle":0,"axis":"y","origin":[7.5,6.2,7.5]},"faces":{"north":{"uv":[7,8,8,10],"texture":"#1"},"east":{"uv":[8,7,9,9],"texture":"#1"},"south":{"uv":[9,2,10,4],"texture":"#1"},"west":{"uv":[4,9,5,11],"texture":"#1"},"up":{"uv":[11,13,10,12],"texture":"#1"},"down":{"uv":[13,10,12,11],"texture":"#1"}}},{"from":[7.6,9.2,7.6],"to":[8.4,10.2,8.4],"rotation":{"angle":0,"axis":"y","origin":[7.5,8.2,7.5]},"faces":{"north":{"uv":[11,12,12,13],"texture":"#1"},"east":{"uv":[12,11,13,12],"texture":"#1"},"south":{"uv":[12,12,13,13],"texture":"#1"},"west":{"uv":[0,13,1,14],"texture":"#1"},"up":{"uv":[14,1,13,0],"texture":"#1"},"down":{"uv":[2,13,1,14],"texture":"#1"}}},{"from":[7.6,5.2,7.6],"to":[8.4,7.2,8.4],"rotation":{"angle":0,"axis":"y","origin":[7.5,2.2,7.5]},"faces":{"north":{"uv":[9,5,10,7],"texture":"#1"},"east":{"uv":[9,7,10,9],"texture":"#1"},"south":{"uv":[8,9,9,11],"texture":"#1"},"west":{"uv":[9,9,10,11],"texture":"#1"},"up":{"uv":[14,2,13,1],"texture":"#1"},"down":{"uv":[3,13,2,14],"texture":"#1"}}},{"from":[7.25,10.75,8],"to":[8.75,12.75,10],"rotation":{"angle":-45,"axis":"x","origin":[7.5,10.75,8]},"faces":{"north":{"uv":[0,4,1.5,6],"texture":"#1"},"east":{"uv":[0,0,2,2],"texture":"#1"},"south":{"uv":[4,0,5.5,2],"texture":"#1"},"west":{"uv":[0,2,2,4],"texture":"#1"},"up":{"uv":[3.5,6,2,4],"texture":"#1"},"down":{"uv":[5.5,2,4,4],"texture":"#1"}}},{"from":[7,11,8.25],"to":[9,12.5,9.75],"rotation":{"angle":-45,"axis":"x","origin":[7.5,10.75,8]},"faces":{"north":{"uv":[4,4,6,5.5],"texture":"#1"},"east":{"uv":[7,5,8.5,6.5],"texture":"#1"},"south":{"uv":[0,6,2,7.5],"texture":"#1"},"west":{"uv":[8,0,9.5,1.5],"texture":"#1"},"up":{"uv":[8,1.5,6,0],"texture":"#1"},"down":{"uv":[4,6,2,7.5],"texture":"#1"}}},{"from":[7.35,10.55,7.4],"to":[8.65,11.75,8.6],"rotation":{"angle":-45,"axis":"x","origin":[8,11.15,8]},"faces":{"north":{"uv":[10,4,11.5,5],"texture":"#1"},"east":{"uv":[13,2,14,3],"texture":"#1"},"south":{"uv":[5,10,6.5,11],"texture":"#1"},"west":{"uv":[3,13,4,14],"texture":"#1"},"up":{"uv":[11.5,6,10,5],"texture":"#1"},"down":{"uv":[11.5,6,10,7],"texture":"#1"}}},{"from":[7.2,10.75,7.6],"to":[8.8,11.55,8.4],"rotation":{"angle":-45,"axis":"x","origin":[8,11.15,8]},"faces":{"north":{"uv":[10,7,11.5,8],"texture":"#1"},"east":{"uv":[13,3,14,4],"texture":"#1"},"south":{"uv":[10,8,11.5,9],"texture":"#1"},"west":{"uv":[4,13,5,14],"texture":"#1"},"up":{"uv":[11.5,10,10,9],"texture":"#1"},"down":{"uv":[11.5,10,10,11],"texture":"#1"}}},{"from":[7.235,11.82446,9.7724],"to":[8.765,12.98446,10.3524],"rotation":{"angle":-45,"axis":"x","origin":[7.71,12.98446,9.7724]},"faces":{"north":{"uv":[0,11,1.5,12],"texture":"#1"},"east":{"uv":[13,13,13.5,14],"texture":"#1"},"south":{"uv":[11,0,12.5,1],"texture":"#1"},"west":{"uv":[0,14,0.5,15],"texture":"#1"},"up":{"uv":[14.5,8.5,13,8],"texture":"#1"}}},{"from":[7.235,12.50397,9.7724],"to":[8.765,13.08397,10.3524],"rotation":{"angle":45,"axis":"x","origin":[7.71,11.34397,9.7724]},"faces":{"east":{"uv":[2,14,2.5,14.5],"texture":"#1"},"south":{"uv":[9,13,10.5,13.5],"texture":"#1"},"west":{"uv":[14,2,14.5,2.5],"texture":"#1"},"up":{"uv":[14.5,9.5,13,9],"texture":"#1"}}},{"from":[7.235,11.34397,9.7724],"to":[8.765,12.50397,10.3524],"rotation":{"angle":45,"axis":"x","origin":[7.71,11.34397,9.7724]},"faces":{"north":{"uv":[11,1,12.5,2],"texture":"#1"},"east":{"uv":[14,0,14.5,1],"texture":"#1"},"south":{"uv":[11,2,12.5,3],"texture":"#1"},"west":{"uv":[1,14,1.5,15],"texture":"#1"},"down":{"uv":[14.5,10,13,10.5],"texture":"#1"}}},{"from":[7.5,11.16421,8.60133],"to":[8.5,13.16421,10.60133],"rotation":{"angle":45,"axis":"x","origin":[8,12.16421,9.60133]},"faces":{"north":{"uv":[10,0,11,2],"texture":"#1"},"east":{"uv":[2,0,4,2],"texture":"#1"},"south":{"uv":[2,10,3,12],"texture":"#1"},"west":{"uv":[2,2,4,4],"texture":"#1"},"up":{"uv":[11,4,10,2],"texture":"#1"},"down":{"uv":[4,10,3,12],"texture":"#1"}}},{"from":[7.475,11.6,10.25],"to":[8.525,12.65,13.25],"rotation":{"angle":0,"axis":"y","origin":[7.375,11.5,10.25]},"faces":{"east":{"uv":[6,2,9,3],"texture":"#1"},"south":{"uv":[13,4,14,5],"texture":"#1"},"west":{"uv":[6,3,9,4],"texture":"#1"},"up":{"uv":[5,9,4,6],"texture":"#1"},"down":{"uv":[7,4,6,7],"texture":"#1"}}},{"from":[7.601,11.376,12.96],"to":[8.399,12.174,15.24],"rotation":{"angle":22.5,"axis":"x","origin":[8,11.775,14.1]},"faces":{"east":{"uv":[7,4,9.5,5],"texture":"#1"},"south":{"uv":[5,13,6,14],"texture":"#1"},"west":{"uv":[5,7,7.5,8],"texture":"#1"},"up":{"uv":[1,10.5,0,8],"texture":"#1"},"down":{"uv":[2,8,1,10.5],"texture":"#1"}}},{"from":[7.74464,10.38877,14.70028],"to":[8.25536,10.89949,16.15948],"rotation":{"angle":45,"axis":"x","origin":[8,10.61913,15.82988]},"faces":{"east":{"uv":[13,5,14.5,5.5],"texture":"#1"},"south":{"uv":[14,1,14.5,1.5],"texture":"#1"},"west":{"uv":[6,13,7.5,13.5],"texture":"#1"},"up":{"uv":[13.5,7.5,13,6],"texture":"#1"},"down":{"uv":[8.5,13,8,14.5],"texture":"#1"}}},{"from":[7.235,11.82446,5.6476],"to":[8.765,12.98446,6.2276],"rotation":{"angle":45,"axis":"x","origin":[7.71,12.98446,6.2276]},"faces":{"north":{"uv":[12.5,0,11,1],"texture":"#1"},"east":{"uv":[13.5,13,13,14],"texture":"#1"},"south":{"uv":[1.5,11,0,12],"texture":"#1"},"west":{"uv":[0.5,14,0,15],"texture":"#1"},"up":{"uv":[14.5,8,13,8.5],"texture":"#1"}}},{"from":[7.235,12.50397,5.6476],"to":[8.765,13.08397,6.2276],"rotation":{"angle":-45,"axis":"x","origin":[7.71,11.34397,6.2276]},"faces":{"north":{"uv":[10.5,13,9,13.5],"texture":"#1"},"east":{"uv":[2.5,14,2,14.5],"texture":"#1"},"west":{"uv":[14.5,2,14,2.5],"texture":"#1"},"up":{"uv":[14.5,9,13,9.5],"texture":"#1"}}},{"from":[7.235,11.34397,5.6476],"to":[8.765,12.50397,6.2276],"rotation":{"angle":-45,"axis":"x","origin":[7.71,11.34397,6.2276]},"faces":{"north":{"uv":[12.5,2,11,3],"texture":"#1"},"east":{"uv":[14.5,0,14,1],"texture":"#1"},"south":{"uv":[12.5,1,11,2],"texture":"#1"},"west":{"uv":[1.5,14,1,15],"texture":"#1"},"down":{"uv":[14.5,10.5,13,10],"texture":"#1"}}},{"from":[7.5,11.16421,5.39867],"to":[8.5,13.16421,7.39867],"rotation":{"angle":-45,"axis":"x","origin":[8,12.16421,6.39867]},"faces":{"north":{"uv":[3,10,2,12],"texture":"#1"},"east":{"uv":[4,0,2,2],"texture":"#1"},"south":{"uv":[11,0,10,2],"texture":"#1"},"west":{"uv":[4,2,2,4],"texture":"#1"},"up":{"uv":[11,2,10,4],"texture":"#1"},"down":{"uv":[4,12,3,10],"texture":"#1"}}},{"from":[7.475,11.6,2.75],"to":[8.525,12.65,5.75],"rotation":{"angle":0,"axis":"y","origin":[7.375,11.5,5.75]},"faces":{"north":{"uv":[14,4,13,5],"texture":"#1"},"east":{"uv":[9,2,6,3],"texture":"#1"},"west":{"uv":[9,3,6,4],"texture":"#1"},"up":{"uv":[5,6,4,9],"texture":"#1"},"down":{"uv":[7,7,6,4],"texture":"#1"}}},{"from":[7.601,11.376,0.76],"to":[8.399,12.174,3.04],"rotation":{"angle":-22.5,"axis":"x","origin":[8,11.775,1.9]},"faces":{"north":{"uv":[6,13,5,14],"texture":"#1"},"east":{"uv":[9.5,4,7,5],"texture":"#1"},"west":{"uv":[7.5,7,5,8],"texture":"#1"},"up":{"uv":[1,8,0,10.5],"texture":"#1"},"down":{"uv":[2,10.5,1,8],"texture":"#1"}}},{"from":[7.74464,10.38877,-0.15948],"to":[8.25536,10.89949,1.29972],"rotation":{"angle":-45,"axis":"x","origin":[8,10.61913,0.17012]},"faces":{"north":{"uv":[14.5,1,14,1.5],"texture":"#1"},"east":{"uv":[14.5,5,13,5.5],"texture":"#1"},"west":{"uv":[7.5,13,6,13.5],"texture":"#1"},"up":{"uv":[13.5,6,13,7.5],"texture":"#1"},"down":{"uv":[8.5,14.5,8,13],"texture":"#1"}}},{"from":[7.2,8.7,0],"to":[7.2,13.7,7],"rotation":{"angle":0,"axis":"x","origin":[7.4,12.5,4.5]},"faces":{"west":{"uv":[0,0,11,16],"rotation":90,"texture":"#2"}}},{"from":[7.2,8.7,9],"to":[7.2,13.7,16],"rotation":{"angle":0,"axis":"x","origin":[7.4,12.5,11.5]},"faces":{"west":{"uv":[0,16,11,0],"rotation":90,"texture":"#2"}}},{"from":[8.8,8.7,9],"to":[8.8,13.7,16],"rotation":{"angle":0,"axis":"x","origin":[8.6,12.5,11.5]},"faces":{"east":{"uv":[0,0,11,16],"rotation":90,"texture":"#2"}}},{"from":[8.8,8.7,0],"to":[8.8,13.7,7],"rotation":{"angle":0,"axis":"x","origin":[8.6,12.5,4.5]},"faces":{"east":{"uv":[0,16,11,0],"rotation":90,"texture":"#2"}}}],"gui_light":"front","display":{"thirdperson_righthand":{"translation":[0,3,0.75]},"thirdperson_lefthand":{"translation":[0,3,0.75]},"firstperson_righthand":{"rotation":[-10,0,0],"translation":[-1.25,4.75,2.5]},"firstperson_lefthand":{"rotation":[-10,0,0],"translation":[-1.25,4.75,2.5]},"ground":{"rotation":[-45,0,0],"translation":[0,8.5,0]},"gui":{"rotation":[-90,45,90],"translation":[1,-1,0],"scale":[1.20898,1.20898,1.20898]},"head":{"scale":[0,0,0]},"fixed":{"rotation":[0,-90,0],"translation":[0,4.5,-1.25],"scale":[3,3,3]}}}