{"credit":"MadebyPolygonMC","texture_size":[24,24],"textures":{"1":"noraset:animations/animations_5","3":"noraset:scythe","particle":"noraset:animations/animations_5"},"elements":[{"from":[7.5,1,7.5],"to":[8.5,2,8.5],"rotation":{"angle":0,"axis":"y","origin":[7.5,0,7.5]},"faces":{"north":{"uv":[12.66667,8.66667,13.33333,9.33333],"texture":"#3"},"east":{"uv":[12.66667,9.33333,13.33333,10],"texture":"#3"},"south":{"uv":[0.66667,13.33333,1.33333,14],"texture":"#3"},"west":{"uv":[1.33333,13.33333,2,14],"texture":"#3"},"up":{"uv":[2.66667,14,2,13.33333],"texture":"#3"},"down":{"uv":[3.33333,13.33333,2.66667,14],"texture":"#3"}}},{"from":[7.4,0.5,7.4],"to":[8.6,1,8.6],"rotation":{"angle":0,"axis":"y","origin":[7.5,-1,7.5]},"faces":{"north":{"uv":[0,15.33333,0.66667,15.66667],"texture":"#3"},"east":{"uv":[15.33333,0,16,0.33333],"texture":"#3"},"south":{"uv":[0.66667,15.33333,1.33333,15.66667],"texture":"#3"},"west":{"uv":[15.33333,0.66667,16,1],"texture":"#3"},"up":{"uv":[4,14,3.33333,13.33333],"texture":"#3"},"down":{"uv":[4.66667,13.33333,4,14],"texture":"#3"}}},{"from":[7.4,12.2,7.4],"to":[8.6,12.7,8.6],"rotation":{"angle":0,"axis":"y","origin":[7.5,3.7,7.5]},"faces":{"north":{"uv":[1.33333,15.33333,2,15.66667],"texture":"#3"},"east":{"uv":[15.33333,1.33333,16,1.66667],"texture":"#3"},"south":{"uv":[2,15.33333,2.66667,15.66667],"texture":"#3"},"west":{"uv":[15.33333,2,16,2.33333],"texture":"#3"},"up":{"uv":[6.66667,14,6,13.33333],"texture":"#3"},"down":{"uv":[7.33333,13.33333,6.66667,14],"texture":"#3"}}},{"from":[7.4,23.2,9.975],"to":[8.6,23.95,11.175],"rotation":{"angle":0,"axis":"y","origin":[7.5,21.7,10.075]},"faces":{"north":{"uv":[13.33333,6.66667,14,7.33333],"texture":"#3"},"east":{"uv":[13.33333,7.33333,14,8],"texture":"#3"},"south":{"uv":[13.33333,8,14,8.66667],"texture":"#3"},"west":{"uv":[13.33333,8.66667,14,9.33333],"texture":"#3"},"up":{"uv":[14,10,13.33333,9.33333],"texture":"#3"},"down":{"uv":[14,10,13.33333,10.66667],"texture":"#3"}}},{"from":[7.6,25.87421,8.785],"to":[8.4,27.87421,10.785],"rotation":{"angle":-45,"axis":"x","origin":[8,27.66421,10.575]},"faces":{"north":{"uv":[4.66667,10.66667,5.33333,12],"texture":"#3"},"east":{"uv":[6.66667,1.33333,8,2.66667],"texture":"#3"},"south":{"uv":[10.66667,5.33333,11.33333,6.66667],"texture":"#3"},"west":{"uv":[6.66667,2.66667,8,4],"texture":"#3"},"up":{"uv":[11.33333,8,10.66667,6.66667],"texture":"#3"},"down":{"uv":[8.66667,10.66667,8,12],"texture":"#3"}}},{"from":[7.47,-0.28,7.47],"to":[8.53,0.78,8.53],"rotation":{"angle":-45,"axis":"x","origin":[8,0.25,8]},"faces":{"north":{"uv":[13.33333,10.66667,14,11.33333],"texture":"#3"},"east":{"uv":[13.33333,11.33333,14,12],"texture":"#3"},"south":{"uv":[13.33333,12,14,12.66667],"texture":"#3"},"west":{"uv":[13.33333,12.66667,14,13.33333],"texture":"#3"},"up":{"uv":[14,14,13.33333,13.33333],"texture":"#3"},"down":{"uv":[14.66667,0,14,0.66667],"texture":"#3"}}},{"from":[7.4,2,7.4],"to":[8.6,3.2,8.6],"rotation":{"angle":0,"axis":"y","origin":[7.5,0.1,7.5]},"faces":{"north":{"uv":[0.66667,14,1.33333,14.66667],"texture":"#3"},"east":{"uv":[14,0.66667,14.66667,1.33333],"texture":"#3"},"south":{"uv":[1.33333,14,2,14.66667],"texture":"#3"},"west":{"uv":[14,1.33333,14.66667,2],"texture":"#3"},"up":{"uv":[2.66667,14.66667,2,14],"texture":"#3"},"down":{"uv":[14.66667,2,14,2.66667],"texture":"#3"}}},{"from":[7.5,3.2,7.5],"to":[8.5,5.2,8.5],"rotation":{"angle":0,"axis":"y","origin":[7.5,0.2,7.5]},"faces":{"north":{"uv":[10.66667,8,11.33333,9.33333],"texture":"#3"},"east":{"uv":[8.66667,10.66667,9.33333,12],"texture":"#3"},"south":{"uv":[9.33333,10.66667,10,12],"texture":"#3"},"west":{"uv":[10.66667,9.33333,11.33333,10.66667],"texture":"#3"},"up":{"uv":[3.33333,14.66667,2.66667,14],"texture":"#3"},"down":{"uv":[14.66667,2.66667,14,3.33333],"texture":"#3"}}},{"from":[7.5,15.61223,7.1399],"to":[8.5,17.61223,8.1399],"rotation":{"angle":-45,"axis":"x","origin":[8,15.4625,7.3125]},"faces":{"north":{"uv":[10,10.66667,10.66667,12],"texture":"#3"},"east":{"uv":[10.66667,10.66667,11.33333,12],"texture":"#3"},"south":{"uv":[11.33333,1.33333,12,2.66667],"texture":"#3"},"west":{"uv":[11.33333,2.66667,12,4],"texture":"#3"},"up":{"uv":[4,14.66667,3.33333,14],"texture":"#3"},"down":{"uv":[14.66667,3.33333,14,4],"texture":"#3"}}},{"from":[7.4875,15.78487,5.88764],"to":[8.5125,16.80987,9.88764],"rotation":{"angle":22.5,"axis":"x","origin":[8.0125,15.95747,8.03736]},"faces":{"north":{"uv":[2,14.66667,2.66667,15.33333],"texture":"#3"},"east":{"uv":[8,8,10.66667,8.66667],"texture":"#3"},"south":{"uv":[14.66667,2,15.33333,2.66667],"texture":"#3"},"west":{"uv":[8,8.66667,10.66667,9.33333],"texture":"#3"},"up":{"uv":[10,4,9.33333,1.33333],"texture":"#3"},"down":{"uv":[2.66667,9.33333,2,12],"texture":"#3"}}},{"from":[7.4,14.775,6.85],"to":[8.6,15.975,8.05],"rotation":{"angle":-22.5,"axis":"x","origin":[8,15.4625,7.3125]},"faces":{"north":{"uv":[4,14,4.66667,14.66667],"texture":"#3"},"east":{"uv":[14,4,14.66667,4.66667],"texture":"#3"},"south":{"uv":[14,4.66667,14.66667,5.33333],"texture":"#3"},"west":{"uv":[14,5.33333,14.66667,6],"texture":"#3"},"up":{"uv":[6.66667,14.66667,6,14],"texture":"#3"},"down":{"uv":[14.66667,6,14,6.66667],"texture":"#3"}}},{"from":[7.5,13.775,6.95],"to":[8.5,14.775,7.95],"rotation":{"angle":-22.5,"axis":"x","origin":[8,15.4625,7.3125]},"faces":{"north":{"uv":[6.66667,14,7.33333,14.66667],"texture":"#3"},"east":{"uv":[14,6.66667,14.66667,7.33333],"texture":"#3"},"south":{"uv":[7.33333,14,8,14.66667],"texture":"#3"},"west":{"uv":[14,7.33333,14.66667,8],"texture":"#3"},"up":{"uv":[14.66667,8.66667,14,8],"texture":"#3"},"down":{"uv":[9.33333,14,8.66667,14.66667],"texture":"#3"}}},{"from":[7.4,13.7,7.4],"to":[8.6,14.2,8.6],"rotation":{"angle":0,"axis":"y","origin":[7.5,12.2,7.5]},"faces":{"north":{"uv":[2.66667,15.33333,3.33333,15.66667],"texture":"#3"},"east":{"uv":[15.33333,2.66667,16,3],"texture":"#3"},"south":{"uv":[3.33333,15.33333,4,15.66667],"texture":"#3"},"west":{"uv":[15.33333,3.33333,16,3.66667],"texture":"#3"},"up":{"uv":[14.66667,9.33333,14,8.66667],"texture":"#3"},"down":{"uv":[10,14,9.33333,14.66667],"texture":"#3"}}},{"from":[7.6,12.7,7.6],"to":[8.4,13.7,8.4],"rotation":{"angle":0,"axis":"y","origin":[7.5,11.7,7.5]},"faces":{"north":{"uv":[14,9.33333,14.66667,10],"texture":"#3"},"east":{"uv":[10,14,10.66667,14.66667],"texture":"#3"},"south":{"uv":[14,10,14.66667,10.66667],"texture":"#3"},"west":{"uv":[14,10.66667,14.66667,11.33333],"texture":"#3"},"up":{"uv":[14.66667,12,14,11.33333],"texture":"#3"},"down":{"uv":[14.66667,12,14,12.66667],"texture":"#3"}}},{"from":[7.6,5.2,7.6],"to":[8.4,12.2,8.4],"rotation":{"angle":0,"axis":"y","origin":[7.5,2.2,7.5]},"faces":{"north":{"uv":[4.66667,6,5.33333,10.66667],"texture":"#3"},"east":{"uv":[6,5.33333,6.66667,10],"texture":"#3"},"south":{"uv":[6.66667,5.33333,7.33333,10],"texture":"#3"},"west":{"uv":[7.33333,5.33333,8,10],"texture":"#3"},"up":{"uv":[14.66667,13.33333,14,12.66667],"texture":"#3"},"down":{"uv":[14,14,13.33333,14.66667],"texture":"#3"}}},{"from":[7.6,16.17969,10.67487],"to":[8.4,18.17969,11.47487],"rotation":{"angle":22.5,"axis":"x","origin":[8,19.83318,10.44039]},"faces":{"north":{"uv":[2.66667,12,3.33333,13.33333],"texture":"#3"},"east":{"uv":[12,2.66667,12.66667,4],"texture":"#3"},"south":{"uv":[3.33333,12,4,13.33333],"texture":"#3"},"west":{"uv":[12,4,12.66667,5.33333],"texture":"#3"},"up":{"uv":[11.33333,15.33333,10.66667,14.66667],"texture":"#3"},"down":{"uv":[15.33333,10.66667,14.66667,11.33333],"texture":"#3"}}},{"from":[7.4,18.17969,10.47487],"to":[8.6,18.67969,11.67487],"rotation":{"angle":22.5,"axis":"x","origin":[8,19.83318,10.44039]},"faces":{"north":{"uv":[8,15.33333,8.66667,15.66667],"texture":"#3"},"east":{"uv":[15.33333,8,16,8.33333],"texture":"#3"},"south":{"uv":[8.66667,15.33333,9.33333,15.66667],"texture":"#3"},"west":{"uv":[15.33333,8.66667,16,9],"texture":"#3"},"up":{"uv":[10.66667,15.33333,10,14.66667],"texture":"#3"},"down":{"uv":[15.33333,10,14.66667,10.66667],"texture":"#3"}}},{"from":[7.6,18.67969,10.67487],"to":[8.4,19.67969,11.47487],"rotation":{"angle":22.5,"axis":"x","origin":[8,19.83318,10.44039]},"faces":{"north":{"uv":[8,14.66667,8.66667,15.33333],"texture":"#3"},"east":{"uv":[14.66667,8,15.33333,8.66667],"texture":"#3"},"south":{"uv":[8.66667,14.66667,9.33333,15.33333],"texture":"#3"},"west":{"uv":[14.66667,8.66667,15.33333,9.33333],"texture":"#3"},"up":{"uv":[10,15.33333,9.33333,14.66667],"texture":"#3"},"down":{"uv":[15.33333,9.33333,14.66667,10],"texture":"#3"}}},{"from":[7.4,19.67969,10.47487],"to":[8.6,20.17969,11.67487],"rotation":{"angle":22.5,"axis":"x","origin":[8,19.83318,10.44039]},"faces":{"north":{"uv":[6.66667,15.33333,7.33333,15.66667],"texture":"#3"},"east":{"uv":[15.33333,6.66667,16,7],"texture":"#3"},"south":{"uv":[7.33333,15.33333,8,15.66667],"texture":"#3"},"west":{"uv":[15.33333,7.33333,16,7.66667],"texture":"#3"},"up":{"uv":[8,15.33333,7.33333,14.66667],"texture":"#3"},"down":{"uv":[15.33333,7.33333,14.66667,8],"texture":"#3"}}},{"from":[7.5,19.6525,10.64465],"to":[8.5,20.6525,11.64465],"rotation":{"angle":0,"axis":"x","origin":[8,19.83318,10.44039]},"faces":{"north":{"uv":[5.33333,14.66667,6,15.33333],"texture":"#3"},"east":{"uv":[14.66667,5.33333,15.33333,6],"texture":"#3"},"south":{"uv":[6,14.66667,6.66667,15.33333],"texture":"#3"},"west":{"uv":[14.66667,6,15.33333,6.66667],"texture":"#3"},"up":{"uv":[7.33333,15.33333,6.66667,14.66667],"texture":"#3"},"down":{"uv":[15.33333,6.66667,14.66667,7.33333],"texture":"#3"}}},{"from":[7.4,20.6525,10.54465],"to":[8.6,21.8525,11.74465],"rotation":{"angle":0,"axis":"x","origin":[8,19.83318,10.44039]},"faces":{"north":{"uv":[3.33333,14.66667,4,15.33333],"texture":"#3"},"east":{"uv":[14.66667,3.33333,15.33333,4],"texture":"#3"},"south":{"uv":[4,14.66667,4.66667,15.33333],"texture":"#3"},"west":{"uv":[14.66667,4,15.33333,4.66667],"texture":"#3"},"up":{"uv":[5.33333,15.33333,4.66667,14.66667],"texture":"#3"},"down":{"uv":[15.33333,4.66667,14.66667,5.33333],"texture":"#3"}}},{"from":[7.5,21.15814,11.36804],"to":[8.5,23.15814,12.36804],"rotation":{"angle":-22.5,"axis":"x","origin":[8,19.83318,10.44039]},"faces":{"north":{"uv":[0.66667,12,1.33333,13.33333],"texture":"#3"},"east":{"uv":[1.33333,12,2,13.33333],"texture":"#3"},"south":{"uv":[12,1.33333,12.66667,2.66667],"texture":"#3"},"west":{"uv":[2,12,2.66667,13.33333],"texture":"#3"},"up":{"uv":[3.33333,15.33333,2.66667,14.66667],"texture":"#3"},"down":{"uv":[15.33333,2.66667,14.66667,3.33333],"texture":"#3"}}},{"from":[7.25,23.75,10.575],"to":[8.75,25.75,12.575],"rotation":{"angle":-45,"axis":"x","origin":[7.5,23.75,10.575]},"faces":{"north":{"uv":[2.66667,9.33333,3.66667,10.66667],"texture":"#3"},"east":{"uv":[8,1.33333,9.33333,2.66667],"texture":"#3"},"south":{"uv":[9.33333,5.33333,10.33333,6.66667],"texture":"#3"},"west":{"uv":[2,8,3.33333,9.33333],"texture":"#3"},"up":{"uv":[10.33333,8,9.33333,6.66667],"texture":"#3"},"down":{"uv":[9,9.33333,8,10.66667],"texture":"#3"}}},{"from":[7,24,10.825],"to":[9,25.5,12.325],"rotation":{"angle":-45,"axis":"x","origin":[7.5,23.75,10.575]},"faces":{"north":{"uv":[9.33333,9.33333,10.66667,10.33333],"texture":"#3"},"east":{"uv":[10.66667,0,11.66667,1],"texture":"#3"},"south":{"uv":[10,1.33333,11.33333,2.33333],"texture":"#3"},"west":{"uv":[2.66667,10.66667,3.66667,11.66667],"texture":"#3"},"up":{"uv":[11.33333,3.66667,10,2.66667],"texture":"#3"},"down":{"uv":[7.33333,10,6,11],"texture":"#3"}}},{"from":[7.35,23.55,9.975],"to":[8.65,24.75,11.175],"rotation":{"angle":-45,"axis":"x","origin":[8,24.15,10.575]},"faces":{"north":{"uv":[12,10,13,10.66667],"texture":"#3"},"east":{"uv":[14,13.33333,14.66667,14],"texture":"#3"},"south":{"uv":[10.66667,12,11.66667,12.66667],"texture":"#3"},"west":{"uv":[14,14,14.66667,14.66667],"texture":"#3"},"up":{"uv":[13,11.33333,12,10.66667],"texture":"#3"},"down":{"uv":[13,11.33333,12,12],"texture":"#3"}}},{"from":[7.2,23.75,10.175],"to":[8.8,24.55,10.975],"rotation":{"angle":-45,"axis":"x","origin":[8,24.15,10.575]},"faces":{"north":{"uv":[12,12,13,12.66667],"texture":"#3"},"east":{"uv":[0,14.66667,0.66667,15.33333],"texture":"#3"},"south":{"uv":[12.66667,0,13.66667,0.66667],"texture":"#3"},"west":{"uv":[14.66667,0,15.33333,0.66667],"texture":"#3"},"up":{"uv":[13.66667,1.33333,12.66667,0.66667],"texture":"#3"},"down":{"uv":[13.66667,1.33333,12.66667,2],"texture":"#3"}}},{"from":[7.235,24.82446,12.3474],"to":[8.765,25.98446,12.9274],"rotation":{"angle":-45,"axis":"x","origin":[7.71,25.98446,12.3474]},"faces":{"north":{"uv":[12.66667,2,13.66667,2.66667],"texture":"#3"},"east":{"uv":[4,15.33333,4.33333,16],"texture":"#3"},"south":{"uv":[12.66667,2.66667,13.66667,3.33333],"texture":"#3"},"west":{"uv":[15.33333,4,15.66667,4.66667],"texture":"#3"},"up":{"uv":[12.33333,15,11.33333,14.66667],"texture":"#3"}}},{"from":[7.235,25.50397,12.3474],"to":[8.765,26.08397,12.9274],"rotation":{"angle":45,"axis":"x","origin":[7.71,24.34397,12.3474]},"faces":{"east":{"uv":[10.66667,15.33333,11,15.66667],"texture":"#3"},"south":{"uv":[14.66667,11.33333,15.66667,11.66667],"texture":"#3"},"west":{"uv":[15.33333,10.66667,15.66667,11],"texture":"#3"},"up":{"uv":[15.66667,12.33333,14.66667,12],"texture":"#3"}}},{"from":[7.235,24.34397,12.3474],"to":[8.765,25.50397,12.9274],"rotation":{"angle":45,"axis":"x","origin":[7.71,24.34397,12.3474]},"faces":{"north":{"uv":[12.66667,3.33333,13.66667,4],"texture":"#3"},"east":{"uv":[4.66667,15.33333,5,16],"texture":"#3"},"south":{"uv":[12.66667,4,13.66667,4.66667],"texture":"#3"},"west":{"uv":[15.33333,4.66667,15.66667,5.33333],"texture":"#3"},"down":{"uv":[13.66667,14.66667,12.66667,15],"texture":"#3"}}},{"from":[7.5,24.16421,11.17633],"to":[8.5,26.16421,13.17633],"rotation":{"angle":45,"axis":"x","origin":[8,25.16421,12.17633]},"faces":{"north":{"uv":[11.33333,5.33333,12,6.66667],"texture":"#3"},"east":{"uv":[8,2.66667,9.33333,4],"texture":"#3"},"south":{"uv":[6,11.33333,6.66667,12.66667],"texture":"#3"},"west":{"uv":[3.33333,8,4.66667,9.33333],"texture":"#3"},"up":{"uv":[7.33333,12.66667,6.66667,11.33333],"texture":"#3"},"down":{"uv":[12,6.66667,11.33333,8],"texture":"#3"}}},{"from":[7.5,24.16421,7.97367],"to":[8.5,26.16421,9.97367],"rotation":{"angle":-45,"axis":"x","origin":[8,25.16421,8.97367]},"faces":{"north":{"uv":[11.33333,8,12,9.33333],"texture":"#3"},"east":{"uv":[8,5.33333,9.33333,6.66667],"texture":"#3"},"south":{"uv":[11.33333,9.33333,12,10.66667],"texture":"#3"},"west":{"uv":[8,6.66667,9.33333,8],"texture":"#3"},"up":{"uv":[12,12,11.33333,10.66667],"texture":"#3"},"down":{"uv":[12.66667,0,12,1.33333],"texture":"#3"}}},{"from":[7.235,24.82446,8.2226],"to":[8.765,25.98446,8.8026],"rotation":{"angle":45,"axis":"x","origin":[7.71,25.98446,8.8026]},"faces":{"north":{"uv":[12.66667,4.66667,13.66667,5.33333],"texture":"#3"},"east":{"uv":[5.33333,15.33333,5.66667,16],"texture":"#3"},"south":{"uv":[12.66667,5.33333,13.66667,6],"texture":"#3"},"west":{"uv":[15.33333,5.33333,15.66667,6],"texture":"#3"},"up":{"uv":[15.66667,13,14.66667,12.66667],"texture":"#3"}}},{"from":[7.235,25.50397,8.2226],"to":[8.765,26.08397,8.8026],"rotation":{"angle":-45,"axis":"x","origin":[7.71,24.34397,8.8026]},"faces":{"north":{"uv":[14.66667,13.33333,15.66667,13.66667],"texture":"#3"},"east":{"uv":[11.33333,15.33333,11.66667,15.66667],"texture":"#3"},"west":{"uv":[12,15.33333,12.33333,15.66667],"texture":"#3"},"up":{"uv":[15,15,14,14.66667],"texture":"#3"}}},{"from":[7.235,24.34397,8.2226],"to":[8.765,25.50397,8.8026],"rotation":{"angle":-45,"axis":"x","origin":[7.71,24.34397,8.8026]},"faces":{"north":{"uv":[6,12.66667,7,13.33333],"texture":"#3"},"east":{"uv":[6,15.33333,6.33333,16],"texture":"#3"},"south":{"uv":[12.66667,6,13.66667,6.66667],"texture":"#3"},"west":{"uv":[15.33333,6,15.66667,6.66667],"texture":"#3"},"down":{"uv":[15.66667,14,14.66667,14.33333],"texture":"#3"}}},{"from":[7.525,25.525,-0.425],"to":[8.475,26.475,9.075],"rotation":{"angle":-22.5,"axis":"x","origin":[8,26,7.575]},"faces":{"north":{"uv":[0.66667,14.66667,1.33333,15.33333],"texture":"#3"},"east":{"uv":[5.33333,4,11.66667,4.66667],"texture":"#3"},"south":{"uv":[14.66667,0.66667,15.33333,1.33333],"texture":"#3"},"west":{"uv":[5.33333,4.66667,11.66667,5.33333],"texture":"#3"},"up":{"uv":[6,11.66667,5.33333,5.33333],"texture":"#3"},"down":{"uv":[0.66667,6,0,12.33333],"texture":"#3"}}},{"from":[7.785,22.27079,-1.81457],"to":[8.215,24.57079,2.18543],"rotation":{"angle":-45,"axis":"x","origin":[8.01,22.97079,3.06043]},"faces":{"north":{"uv":[10.66667,12.66667,11,14.33333],"texture":"#3"},"east":{"uv":[4,2,6.66667,3.66667],"texture":"#3"},"south":{"uv":[11.33333,12.66667,11.66667,14.33333],"texture":"#3"},"west":{"uv":[2.66667,4,5.33333,5.66667],"texture":"#3"},"up":{"uv":[5,14.66667,4.66667,12],"texture":"#3"},"down":{"uv":[5.66667,12,5.33333,14.66667],"texture":"#3"}}},{"from":[7.795,19.02867,-3.11674],"to":[8.205,20.97867,0.10826],"rotation":{"angle":0,"axis":"x","origin":[8.01,18.52867,-1.24174]},"faces":{"north":{"uv":[12,8,12.33333,10],"texture":"#3"},"east":{"uv":[0.66667,6,2.66667,8],"texture":"#3"},"south":{"uv":[8.66667,12,9,14],"texture":"#3"},"west":{"uv":[2.66667,6,4.66667,8],"texture":"#3"},"up":{"uv":[9.66667,14,9.33333,12],"texture":"#3"},"down":{"uv":[10.33333,12,10,14],"texture":"#3"}}},{"from":[7.775,22.57119,5.55587],"to":[8.225,25.52119,9.30587],"rotation":{"angle":-22.5,"axis":"x","origin":[8,26.04619,7.55587]},"faces":{"north":{"uv":[0,12.66667,0.33333,14.66667],"texture":"#3"},"east":{"uv":[0,4,2.66667,6],"texture":"#3"},"south":{"uv":[12.66667,6.66667,13,8.66667],"texture":"#3"},"west":{"uv":[4,0,6.66667,2],"texture":"#3"},"up":{"uv":[12.33333,8,12,5.33333],"texture":"#3"},"down":{"uv":[8.33333,12,8,14.66667],"texture":"#3"}}},{"from":[7.775,23.16686,-0.46316],"to":[8.225,25.61686,5.53684],"rotation":{"angle":-22.5,"axis":"x","origin":[8,26.14186,7.78684]},"faces":{"north":{"uv":[12,12.66667,12.33333,14.33333],"texture":"#3"},"east":{"uv":[0,0,4,1.66667],"texture":"#3"},"south":{"uv":[12.66667,12.66667,13,14.33333],"texture":"#3"},"west":{"uv":[0,2,4,3.66667],"texture":"#3"},"up":{"uv":[4.33333,13.33333,4,9.33333],"texture":"#3"},"down":{"uv":[7.66667,10,7.33333,14],"texture":"#3"}}},{"from":[7.785,22.24456,6.4121],"to":[8.215,22.69456,7.1621],"rotation":{"angle":22.5,"axis":"x","origin":[8.01,22.46956,6.6621]},"faces":{"north":{"uv":[12.66667,15.33333,13,15.66667],"texture":"#3"},"east":{"uv":[9.33333,15.33333,10,15.66667],"texture":"#3"},"south":{"uv":[13.33333,15.33333,13.66667,15.66667],"texture":"#3"},"west":{"uv":[15.33333,9.33333,16,9.66667],"texture":"#3"},"up":{"uv":[10.33333,16,10,15.33333],"texture":"#3"},"down":{"uv":[15.66667,10,15.33333,10.66667],"texture":"#3"}}},{"from":[7.55,24.05571,-5.54772],"to":[8.45,24.93071,-0.24772],"rotation":{"angle":-45,"axis":"x","origin":[8,24.45571,1.75228]},"faces":{"north":{"uv":[1.33333,14.66667,2,15.33333],"texture":"#3"},"east":{"uv":[6.66667,0,10.33333,0.66667],"texture":"#3"},"south":{"uv":[14.66667,1.33333,15.33333,2],"texture":"#3"},"west":{"uv":[6.66667,0.66667,10.33333,1.33333],"texture":"#3"},"up":{"uv":[1.33333,11.66667,0.66667,8],"texture":"#3"},"down":{"uv":[2,8,1.33333,11.66667],"texture":"#3"}}},{"from":[7.1,18.5,-3],"to":[7.1,22.5,10],"rotation":{"angle":-22.5,"axis":"x","origin":[6.9,21.5,1]},"faces":{"west":{"uv":[0,0,4,13],"rotation":90,"texture":"#1"}}},{"from":[8.9,18.5,-3],"to":[8.9,22.5,10],"rotation":{"angle":-22.5,"axis":"x","origin":[9.1,21.5,1]},"faces":{"east":{"uv":[0,13,4,0],"rotation":90,"texture":"#1"}}}],"gui_light":"front","display":{"thirdperson_righthand":{"translation":[0,-3.75,0.75]},"thirdperson_lefthand":{"translation":[0,-3.75,0.75]},"firstperson_righthand":{"rotation":[-10,0,0],"translation":[-1.25,-4,2.75]},"firstperson_lefthand":{"rotation":[-10,0,0],"translation":[-1.25,-4,2.75]},"ground":{"rotation":[-45,0,0],"translation":[0,8.5,4.25]},"gui":{"rotation":[-90,45,90],"translation":[4,-3.75,0],"scale":[0.74413,0.74413,0.74413]},"head":{"scale":[0,0,0]},"fixed":{"rotation":[0,-90,0],"translation":[0,-15.25,-1.25],"scale":[3,3,3]}}}