{"credit":"MadebyPolygonMC","texture_size":[24,24],"textures":{"1":"noraset:animations/animations_4","2":"noraset:trident","particle":"noraset:animations/animations_4"},"elements":[{"from":[7.5,1,7.5],"to":[8.5,2,8.5],"rotation":{"angle":0,"axis":"y","origin":[7.5,0,7.5]},"faces":{"north":{"uv":[4,6,4.66667,6.66667],"texture":"#2"},"east":{"uv":[6.66667,4,7.33333,4.66667],"texture":"#2"},"south":{"uv":[9.33333,6,10,6.66667],"texture":"#2"},"west":{"uv":[7.33333,9.33333,8,10],"texture":"#2"},"up":{"uv":[8.66667,10,8,9.33333],"texture":"#2"},"down":{"uv":[9.33333,9.33333,8.66667,10],"texture":"#2"}}},{"from":[7.4,0.5,7.4],"to":[8.6,1,8.6],"rotation":{"angle":0,"axis":"y","origin":[7.5,-1,7.5]},"faces":{"north":{"uv":[12,0,12.66667,0.33333],"texture":"#2"},"east":{"uv":[0.66667,12,1.33333,12.33333],"texture":"#2"},"south":{"uv":[12,0.66667,12.66667,1],"texture":"#2"},"west":{"uv":[1.33333,12,2,12.33333],"texture":"#2"},"up":{"uv":[10,10,9.33333,9.33333],"texture":"#2"},"down":{"uv":[2,10,1.33333,10.66667],"texture":"#2"}}},{"from":[7.4,7.2,7.4],"to":[8.6,7.7,8.6],"rotation":{"angle":0,"axis":"y","origin":[7.5,-1.3,7.5]},"faces":{"north":{"uv":[12,1.33333,12.66667,1.66667],"texture":"#2"},"east":{"uv":[2,12,2.66667,12.33333],"texture":"#2"},"south":{"uv":[12,2,12.66667,2.33333],"texture":"#2"},"west":{"uv":[2.66667,12,3.33333,12.33333],"texture":"#2"},"up":{"uv":[2.66667,10.66667,2,10],"texture":"#2"},"down":{"uv":[3.33333,10,2.66667,10.66667],"texture":"#2"}}},{"from":[7.4,19.7,7.4],"to":[8.6,20.45,8.6],"rotation":{"angle":0,"axis":"y","origin":[7.5,18.2,7.5]},"faces":{"north":{"uv":[3.33333,10,4,10.66667],"texture":"#2"},"east":{"uv":[4,10,4.66667,10.66667],"texture":"#2"},"south":{"uv":[4.66667,10,5.33333,10.66667],"texture":"#2"},"west":{"uv":[5.33333,10,6,10.66667],"texture":"#2"},"up":{"uv":[6.66667,10.66667,6,10],"texture":"#2"},"down":{"uv":[10.66667,6,10,6.66667],"texture":"#2"}}},{"from":[7.6,22.37421,6.21],"to":[8.4,24.37421,8.21],"rotation":{"angle":-45,"axis":"x","origin":[8,24.16421,8]},"faces":{"north":{"uv":[5.33333,6.66667,6,8],"texture":"#2"},"east":{"uv":[4.66667,0,6,1.33333],"texture":"#2"},"south":{"uv":[7.33333,4,8,5.33333],"texture":"#2"},"west":{"uv":[0.66667,4.66667,2,6],"texture":"#2"},"up":{"uv":[8,6.66667,7.33333,5.33333],"texture":"#2"},"down":{"uv":[6.66667,7.33333,6,8.66667],"texture":"#2"}}},{"from":[7.485,23.79421,9.37],"to":[8.515,24.37421,9.95],"rotation":{"angle":-45,"axis":"x","origin":[8,24.16421,8]},"faces":{"north":{"uv":[12,2.66667,12.66667,3],"texture":"#2"},"east":{"uv":[12.66667,10,13,10.33333],"texture":"#2"},"south":{"uv":[3.33333,12,4,12.33333],"texture":"#2"},"west":{"uv":[10.66667,12.66667,11,13],"texture":"#2"},"up":{"uv":[12.66667,3.66667,12,3.33333],"texture":"#2"}}},{"from":[7.485,23.21421,8.79],"to":[8.515,23.79421,9.95],"rotation":{"angle":-45,"axis":"x","origin":[8,24.16421,8]},"faces":{"east":{"uv":[4,12,4.66667,12.33333],"texture":"#2"},"south":{"uv":[12,4,12.66667,4.33333],"texture":"#2"},"west":{"uv":[4.66667,12,5.33333,12.33333],"texture":"#2"},"up":{"uv":[10.66667,7.33333,10,6.66667],"texture":"#2"},"down":{"uv":[8,10,7.33333,10.66667],"texture":"#2"}}},{"from":[7.485,23.21421,8.21],"to":[8.515,24.37421,8.79],"rotation":{"angle":-45,"axis":"x","origin":[8,24.16421,8]},"faces":{"north":{"uv":[10,7.33333,10.66667,8],"texture":"#2"},"east":{"uv":[12,4.66667,12.33333,5.33333],"texture":"#2"},"south":{"uv":[8,10,8.66667,10.66667],"texture":"#2"},"west":{"uv":[5.33333,12,5.66667,12.66667],"texture":"#2"},"down":{"uv":[12.66667,5.33333,12,5.66667],"texture":"#2"}}},{"from":[7.485,24.37421,8.21],"to":[8.515,24.95421,8.79],"rotation":{"angle":-45,"axis":"x","origin":[8,24.16421,8]},"faces":{"east":{"uv":[12.66667,10.66667,13,11],"texture":"#2"},"south":{"uv":[12,6,12.66667,6.33333],"texture":"#2"},"west":{"uv":[11.33333,12.66667,11.66667,13],"texture":"#2"},"up":{"uv":[7.33333,12.33333,6.66667,12],"texture":"#2"}}},{"from":[7.485,24.37421,7.05],"to":[8.515,24.95421,8.21],"rotation":{"angle":-45,"axis":"x","origin":[8,24.16421,8]},"faces":{"north":{"uv":[12,6.66667,12.66667,7],"texture":"#2"},"east":{"uv":[7.33333,12,8,12.33333],"texture":"#2"},"west":{"uv":[8,12,8.66667,12.33333],"texture":"#2"},"up":{"uv":[10.66667,8.66667,10,8],"texture":"#2"},"down":{"uv":[9.33333,10,8.66667,10.66667],"texture":"#2"}}},{"from":[7.485,24.95421,7.05],"to":[8.515,26.11421,7.63],"rotation":{"angle":-45,"axis":"x","origin":[8,24.16421,8]},"faces":{"north":{"uv":[10,8.66667,10.66667,9.33333],"texture":"#2"},"east":{"uv":[8.66667,12,9,12.66667],"texture":"#2"},"south":{"uv":[9.33333,10,10,10.66667],"texture":"#2"},"west":{"uv":[9.33333,12,9.66667,12.66667],"texture":"#2"},"up":{"uv":[10.66667,12.33333,10,12],"texture":"#2"}}},{"from":[7.485,25.53421,7.63],"to":[8.515,26.11421,8.21],"rotation":{"angle":-45,"axis":"x","origin":[8,24.16421,8]},"faces":{"east":{"uv":[12.66667,11.33333,13,11.66667],"texture":"#2"},"south":{"uv":[10.66667,12,11.33333,12.33333],"texture":"#2"},"west":{"uv":[12,12.66667,12.33333,13],"texture":"#2"},"up":{"uv":[12.66667,11,12,10.66667],"texture":"#2"},"down":{"uv":[12,12,11.33333,12.33333],"texture":"#2"}}},{"from":[7.7475,30.54269,6.99711],"to":[8.2525,31.44269,7.89711],"rotation":{"angle":-45,"axis":"x","origin":[7.9975,31.54558,8]},"faces":{"north":{"uv":[12,11.33333,12.33333,12],"texture":"#2"},"east":{"uv":[10,9.33333,10.66667,10],"texture":"#2"},"south":{"uv":[12,12,12.33333,12.66667],"texture":"#2"},"west":{"uv":[10,10,10.66667,10.66667],"texture":"#2"},"up":{"uv":[13,0.66667,12.66667,0],"texture":"#2"},"down":{"uv":[1,12.66667,0.66667,13.33333],"texture":"#2"}}},{"from":[7.7475,28.04127,5.16219],"to":[8.2525,28.81627,5.93719],"rotation":{"angle":22.5,"axis":"x","origin":[8,28.52877,5.54969]},"faces":{"north":{"uv":[12.66667,8.66667,13,9.33333],"texture":"#2"},"east":{"uv":[6.66667,11.33333,7.33333,12],"texture":"#2"},"south":{"uv":[9.33333,12.66667,9.66667,13.33333],"texture":"#2"},"west":{"uv":[11.33333,6.66667,12,7.33333],"texture":"#2"},"up":{"uv":[13,10,12.66667,9.33333],"texture":"#2"},"down":{"uv":[10.33333,12.66667,10,13.33333],"texture":"#2"}}},{"from":[7.75,24.26368,7.375],"to":[8.25,30.76368,8.625],"rotation":{"angle":0,"axis":"x","origin":[8,26.26368,8.125]},"faces":{"north":{"uv":[6,0,6.33333,4.33333],"texture":"#2"},"east":{"uv":[0,0,1,4.33333],"texture":"#2"},"south":{"uv":[0.66667,6,1,10.33333],"texture":"#2"},"west":{"uv":[1.33333,0,2.33333,4.33333],"texture":"#2"}}},{"from":[7.755,24.91042,4.43175],"to":[8.245,25.91042,5.43175],"rotation":{"angle":-22.5,"axis":"x","origin":[8.005,26.91042,4.93175]},"faces":{"north":{"uv":[12.66667,7.33333,13,8],"texture":"#2"},"east":{"uv":[11.33333,4.66667,12,5.33333],"texture":"#2"},"south":{"uv":[8,12.66667,8.33333,13.33333],"texture":"#2"},"west":{"uv":[5.33333,11.33333,6,12],"texture":"#2"},"up":{"uv":[13,8.66667,12.66667,8],"texture":"#2"}}},{"from":[7.76,25.52774,5.19711],"to":[8.24,27.52774,6.19711],"rotation":{"angle":22.5,"axis":"x","origin":[8.005,26.52774,5.69711]},"faces":{"north":{"uv":[11.33333,5.33333,11.66667,6.66667],"texture":"#2"},"east":{"uv":[8.66667,4,9.33333,5.33333],"texture":"#2"},"south":{"uv":[6,11.33333,6.33333,12.66667],"texture":"#2"},"west":{"uv":[8.66667,5.33333,9.33333,6.66667],"texture":"#2"},"up":{"uv":[9,13.33333,8.66667,12.66667],"texture":"#2"}}},{"from":[7.765,26.99281,5.19711],"to":[8.235,28.49281,6.19711],"rotation":{"angle":-22.5,"axis":"x","origin":[8.01,27.99281,5.69711]},"faces":{"north":{"uv":[11.33333,10.66667,11.66667,11.66667],"texture":"#2"},"east":{"uv":[0,9.33333,0.66667,10.33333],"texture":"#2"},"south":{"uv":[0,12,0.33333,13],"texture":"#2"},"west":{"uv":[6.66667,9.33333,7.33333,10.33333],"texture":"#2"}}},{"from":[7.7475,28.04127,10.06281],"to":[8.2525,28.81627,10.83781],"rotation":{"angle":-22.5,"axis":"x","origin":[8,28.52877,10.45031]},"faces":{"north":{"uv":[9.66667,12.66667,9.33333,13.33333],"texture":"#2"},"east":{"uv":[7.33333,11.33333,6.66667,12],"texture":"#2"},"south":{"uv":[13,8.66667,12.66667,9.33333],"texture":"#2"},"west":{"uv":[12,6.66667,11.33333,7.33333],"texture":"#2"},"up":{"uv":[13,9.33333,12.66667,10],"texture":"#2"},"down":{"uv":[10.33333,13.33333,10,12.66667],"texture":"#2"}}},{"from":[7.765,26.99281,9.80289],"to":[8.235,28.49281,10.80289],"rotation":{"angle":22.5,"axis":"x","origin":[8.01,27.99281,10.30289]},"faces":{"north":{"uv":[0.33333,12,0,13],"texture":"#2"},"east":{"uv":[0.66667,9.33333,0,10.33333],"texture":"#2"},"south":{"uv":[11.66667,10.66667,11.33333,11.66667],"texture":"#2"},"west":{"uv":[7.33333,9.33333,6.66667,10.33333],"texture":"#2"}}},{"from":[7.76,25.52774,9.80289],"to":[8.24,27.52774,10.80289],"rotation":{"angle":-22.5,"axis":"x","origin":[8.005,26.52774,10.30289]},"faces":{"north":{"uv":[6.33333,11.33333,6,12.66667],"texture":"#2"},"east":{"uv":[9.33333,4,8.66667,5.33333],"texture":"#2"},"south":{"uv":[11.66667,5.33333,11.33333,6.66667],"texture":"#2"},"west":{"uv":[9.33333,5.33333,8.66667,6.66667],"texture":"#2"},"up":{"uv":[9,12.66667,8.66667,13.33333],"texture":"#2"}}},{"from":[7.755,24.91042,10.56825],"to":[8.245,25.91042,11.56825],"rotation":{"angle":22.5,"axis":"x","origin":[8.005,26.91042,11.06825]},"faces":{"north":{"uv":[8.33333,12.66667,8,13.33333],"texture":"#2"},"east":{"uv":[12,4.66667,11.33333,5.33333],"texture":"#2"},"south":{"uv":[13,7.33333,12.66667,8],"texture":"#2"},"west":{"uv":[6,11.33333,5.33333,12],"texture":"#2"},"up":{"uv":[13,8,12.66667,8.66667],"texture":"#2"}}},{"from":[7.47,-0.28,7.47],"to":[8.53,0.78,8.53],"rotation":{"angle":-45,"axis":"x","origin":[8,0.25,8]},"faces":{"north":{"uv":[0,10.66667,0.66667,11.33333],"texture":"#2"},"east":{"uv":[10.66667,0,11.33333,0.66667],"texture":"#2"},"south":{"uv":[0.66667,10.66667,1.33333,11.33333],"texture":"#2"},"west":{"uv":[10.66667,0.66667,11.33333,1.33333],"texture":"#2"},"up":{"uv":[2,11.33333,1.33333,10.66667],"texture":"#2"},"down":{"uv":[11.33333,1.33333,10.66667,2],"texture":"#2"}}},{"from":[7.4,2,7.4],"to":[8.6,3.2,8.6],"rotation":{"angle":0,"axis":"y","origin":[7.5,0.1,7.5]},"faces":{"north":{"uv":[2,10.66667,2.66667,11.33333],"texture":"#2"},"east":{"uv":[10.66667,2,11.33333,2.66667],"texture":"#2"},"south":{"uv":[2.66667,10.66667,3.33333,11.33333],"texture":"#2"},"west":{"uv":[10.66667,2.66667,11.33333,3.33333],"texture":"#2"},"up":{"uv":[4,11.33333,3.33333,10.66667],"texture":"#2"},"down":{"uv":[11.33333,3.33333,10.66667,4],"texture":"#2"}}},{"from":[7.5,3.2,7.5],"to":[8.5,5.2,8.5],"rotation":{"angle":0,"axis":"y","origin":[7.5,0.2,7.5]},"faces":{"north":{"uv":[6.66667,7.33333,7.33333,8.66667],"texture":"#2"},"east":{"uv":[7.33333,6.66667,8,8],"texture":"#2"},"south":{"uv":[8,0,8.66667,1.33333],"texture":"#2"},"west":{"uv":[8,1.33333,8.66667,2.66667],"texture":"#2"},"up":{"uv":[4.66667,11.33333,4,10.66667],"texture":"#2"},"down":{"uv":[11.33333,4,10.66667,4.66667],"texture":"#2"}}},{"from":[7.5,11.4,7.5],"to":[8.5,13.4,8.5],"rotation":{"angle":0,"axis":"y","origin":[7.5,8.4,7.5]},"faces":{"north":{"uv":[8,2.66667,8.66667,4],"texture":"#2"},"east":{"uv":[4,8,4.66667,9.33333],"texture":"#2"},"south":{"uv":[8,4,8.66667,5.33333],"texture":"#2"},"west":{"uv":[4.66667,8,5.33333,9.33333],"texture":"#2"},"up":{"uv":[5.33333,11.33333,4.66667,10.66667],"texture":"#2"},"down":{"uv":[11.33333,4.66667,10.66667,5.33333],"texture":"#2"}}},{"from":[7.4,10.2,7.4],"to":[8.6,11.4,8.6],"rotation":{"angle":0,"axis":"y","origin":[7.5,8.3,7.5]},"faces":{"north":{"uv":[5.33333,10.66667,6,11.33333],"texture":"#2"},"east":{"uv":[10.66667,5.33333,11.33333,6],"texture":"#2"},"south":{"uv":[6,10.66667,6.66667,11.33333],"texture":"#2"},"west":{"uv":[10.66667,6,11.33333,6.66667],"texture":"#2"},"up":{"uv":[7.33333,11.33333,6.66667,10.66667],"texture":"#2"},"down":{"uv":[11.33333,6.66667,10.66667,7.33333],"texture":"#2"}}},{"from":[7.5,9.2,7.5],"to":[8.5,10.2,8.5],"rotation":{"angle":0,"axis":"y","origin":[7.5,8.2,7.5]},"faces":{"north":{"uv":[7.33333,10.66667,8,11.33333],"texture":"#2"},"east":{"uv":[10.66667,7.33333,11.33333,8],"texture":"#2"},"south":{"uv":[8,10.66667,8.66667,11.33333],"texture":"#2"},"west":{"uv":[10.66667,8,11.33333,8.66667],"texture":"#2"},"up":{"uv":[9.33333,11.33333,8.66667,10.66667],"texture":"#2"},"down":{"uv":[11.33333,8.66667,10.66667,9.33333],"texture":"#2"}}},{"from":[7.4,8.7,7.4],"to":[8.6,9.2,8.6],"rotation":{"angle":0,"axis":"y","origin":[7.5,7.2,7.5]},"faces":{"north":{"uv":[12.66667,0.66667,13.33333,1],"texture":"#2"},"east":{"uv":[1.33333,12.66667,2,13],"texture":"#2"},"south":{"uv":[12.66667,1.33333,13.33333,1.66667],"texture":"#2"},"west":{"uv":[2,12.66667,2.66667,13],"texture":"#2"},"up":{"uv":[10,11.33333,9.33333,10.66667],"texture":"#2"},"down":{"uv":[11.33333,9.33333,10.66667,10],"texture":"#2"}}},{"from":[7.6,7.7,7.6],"to":[8.4,8.7,8.4],"rotation":{"angle":0,"axis":"y","origin":[7.5,6.7,7.5]},"faces":{"north":{"uv":[10,10.66667,10.66667,11.33333],"texture":"#2"},"east":{"uv":[10.66667,10,11.33333,10.66667],"texture":"#2"},"south":{"uv":[10.66667,10.66667,11.33333,11.33333],"texture":"#2"},"west":{"uv":[0,11.33333,0.66667,12],"texture":"#2"},"up":{"uv":[12,0.66667,11.33333,0],"texture":"#2"},"down":{"uv":[1.33333,11.33333,0.66667,12],"texture":"#2"}}},{"from":[7.6,5.2,7.6],"to":[8.4,7.2,8.4],"rotation":{"angle":0,"axis":"y","origin":[7.5,2.2,7.5]},"faces":{"north":{"uv":[5.33333,8,6,9.33333],"texture":"#2"},"east":{"uv":[8,5.33333,8.66667,6.66667],"texture":"#2"},"south":{"uv":[8,6.66667,8.66667,8],"texture":"#2"},"west":{"uv":[7.33333,8,8,9.33333],"texture":"#2"},"up":{"uv":[12,1.33333,11.33333,0.66667],"texture":"#2"},"down":{"uv":[2,11.33333,1.33333,12],"texture":"#2"}}},{"from":[7.6,13.2,7.6],"to":[8.4,19.7,8.4],"rotation":{"angle":0,"axis":"y","origin":[7.5,10.2,7.5]},"faces":{"north":{"uv":[2.66667,0,3.33333,4.33333],"texture":"#2"},"east":{"uv":[3.33333,0,4,4.33333],"texture":"#2"},"south":{"uv":[4,0,4.66667,4.33333],"texture":"#2"},"west":{"uv":[0,4.66667,0.66667,9],"texture":"#2"},"up":{"uv":[12,2,11.33333,1.33333],"texture":"#2"},"down":{"uv":[2.66667,11.33333,2,12],"texture":"#2"}}},{"from":[7.25,20.25,8],"to":[8.75,22.25,10],"rotation":{"angle":-45,"axis":"x","origin":[7.5,20.25,8]},"faces":{"north":{"uv":[1.33333,6,2.33333,7.33333],"texture":"#2"},"east":{"uv":[4.66667,1.33333,6,2.66667],"texture":"#2"},"south":{"uv":[2.66667,6,3.66667,7.33333],"texture":"#2"},"west":{"uv":[2,4.66667,3.33333,6],"texture":"#2"},"up":{"uv":[7,6,6,4.66667],"texture":"#2"},"down":{"uv":[7,6,6,7.33333],"texture":"#2"}}},{"from":[7,20.5,8.25],"to":[9,22,9.75],"rotation":{"angle":-45,"axis":"x","origin":[7.5,20.25,8]},"faces":{"north":{"uv":[6.66667,0,8,1],"texture":"#2"},"east":{"uv":[1.33333,7.33333,2.33333,8.33333],"texture":"#2"},"south":{"uv":[6.66667,1.33333,8,2.33333],"texture":"#2"},"west":{"uv":[2.66667,7.33333,3.66667,8.33333],"texture":"#2"},"up":{"uv":[8,3.66667,6.66667,2.66667],"texture":"#2"},"down":{"uv":[5.33333,6.66667,4,7.66667],"texture":"#2"}}},{"from":[7.35,20.05,7.4],"to":[8.65,21.25,8.6],"rotation":{"angle":-45,"axis":"x","origin":[8,20.65,8]},"faces":{"north":{"uv":[6,8.66667,7,9.33333],"texture":"#2"},"east":{"uv":[11.33333,2,12,2.66667],"texture":"#2"},"south":{"uv":[8.66667,6.66667,9.66667,7.33333],"texture":"#2"},"west":{"uv":[2.66667,11.33333,3.33333,12],"texture":"#2"},"up":{"uv":[9.66667,8,8.66667,7.33333],"texture":"#2"},"down":{"uv":[9.66667,8,8.66667,8.66667],"texture":"#2"}}},{"from":[7.2,20.25,7.6],"to":[8.8,21.05,8.4],"rotation":{"angle":-45,"axis":"x","origin":[8,20.65,8]},"faces":{"north":{"uv":[8.66667,8.66667,9.66667,9.33333],"texture":"#2"},"east":{"uv":[11.33333,2.66667,12,3.33333],"texture":"#2"},"south":{"uv":[9.33333,0,10.33333,0.66667],"texture":"#2"},"west":{"uv":[3.33333,11.33333,4,12],"texture":"#2"},"up":{"uv":[10.33333,1.33333,9.33333,0.66667],"texture":"#2"},"down":{"uv":[10.33333,1.33333,9.33333,2],"texture":"#2"}}},{"from":[7.235,21.32446,9.7724],"to":[8.765,22.48446,10.3524],"rotation":{"angle":-45,"axis":"x","origin":[7.71,22.48446,9.7724]},"faces":{"north":{"uv":[9.33333,2,10.33333,2.66667],"texture":"#2"},"east":{"uv":[12.66667,2,13,2.66667],"texture":"#2"},"south":{"uv":[9.33333,2.66667,10.33333,3.33333],"texture":"#2"},"west":{"uv":[2.66667,12.66667,3,13.33333],"texture":"#2"},"up":{"uv":[8.33333,11.66667,7.33333,11.33333],"texture":"#2"}}},{"from":[7.235,22.00397,9.7724],"to":[8.765,22.58397,10.3524],"rotation":{"angle":45,"axis":"x","origin":[7.71,20.84397,9.7724]},"faces":{"east":{"uv":[12.66667,12,13,12.33333],"texture":"#2"},"south":{"uv":[11.33333,7.33333,12.33333,7.66667],"texture":"#2"},"west":{"uv":[12.66667,12.66667,13,13],"texture":"#2"},"up":{"uv":[12.33333,8.33333,11.33333,8],"texture":"#2"}}},{"from":[7.235,20.84397,9.7724],"to":[8.765,22.00397,10.3524],"rotation":{"angle":45,"axis":"x","origin":[7.71,20.84397,9.7724]},"faces":{"north":{"uv":[9.33333,3.33333,10.33333,4],"texture":"#2"},"east":{"uv":[12.66667,2.66667,13,3.33333],"texture":"#2"},"south":{"uv":[4,9.33333,5,10],"texture":"#2"},"west":{"uv":[3.33333,12.66667,3.66667,13.33333],"texture":"#2"},"down":{"uv":[9.66667,11.33333,8.66667,11.66667],"texture":"#2"}}},{"from":[7.5,20.66421,8.60133],"to":[8.5,22.66421,10.60133],"rotation":{"angle":45,"axis":"x","origin":[8,21.66421,9.60133]},"faces":{"north":{"uv":[8,8,8.66667,9.33333],"texture":"#2"},"east":{"uv":[4.66667,2.66667,6,4],"texture":"#2"},"south":{"uv":[8.66667,0,9.33333,1.33333],"texture":"#2"},"west":{"uv":[3.33333,4.66667,4.66667,6],"texture":"#2"},"up":{"uv":[2,10,1.33333,8.66667],"texture":"#2"},"down":{"uv":[9.33333,1.33333,8.66667,2.66667],"texture":"#2"}}},{"from":[7.5,20.66421,5.39867],"to":[8.5,22.66421,7.39867],"rotation":{"angle":-45,"axis":"x","origin":[8,21.66421,6.39867]},"faces":{"north":{"uv":[2,8.66667,2.66667,10],"texture":"#2"},"east":{"uv":[4.66667,4,6,5.33333],"texture":"#2"},"south":{"uv":[2.66667,8.66667,3.33333,10],"texture":"#2"},"west":{"uv":[4.66667,5.33333,6,6.66667],"texture":"#2"},"up":{"uv":[9.33333,4,8.66667,2.66667],"texture":"#2"},"down":{"uv":[4,8.66667,3.33333,10],"texture":"#2"}}},{"from":[7.235,21.32446,5.6476],"to":[8.765,22.48446,6.2276],"rotation":{"angle":45,"axis":"x","origin":[7.71,22.48446,6.2276]},"faces":{"north":{"uv":[9.33333,4,10.33333,4.66667],"texture":"#2"},"east":{"uv":[12.66667,3.33333,13,4],"texture":"#2"},"south":{"uv":[9.33333,4.66667,10.33333,5.33333],"texture":"#2"},"west":{"uv":[4,12.66667,4.33333,13.33333],"texture":"#2"},"up":{"uv":[12.33333,9,11.33333,8.66667],"texture":"#2"}}},{"from":[7.235,22.00397,5.6476],"to":[8.765,22.58397,6.2276],"rotation":{"angle":-45,"axis":"x","origin":[7.71,20.84397,6.2276]},"faces":{"north":{"uv":[11.33333,9.33333,12.33333,9.66667],"texture":"#2"},"east":{"uv":[0,13.33333,0.33333,13.66667],"texture":"#2"},"west":{"uv":[13.33333,0,13.66667,0.33333],"texture":"#2"},"up":{"uv":[11,11.66667,10,11.33333],"texture":"#2"}}},{"from":[7.235,20.84397,5.6476],"to":[8.765,22.00397,6.2276],"rotation":{"angle":-45,"axis":"x","origin":[7.71,20.84397,6.2276]},"faces":{"north":{"uv":[5.33333,9.33333,6.33333,10],"texture":"#2"},"east":{"uv":[12.66667,4,13,4.66667],"texture":"#2"},"south":{"uv":[9.33333,5.33333,10.33333,6],"texture":"#2"},"west":{"uv":[4.66667,12.66667,5,13.33333],"texture":"#2"},"down":{"uv":[12.33333,10,11.33333,10.33333],"texture":"#2"}}},{"from":[7.75,24.37132,5.44228],"to":[8.25,25.37132,6.44228],"rotation":{"angle":45,"axis":"x","origin":[8,24.87132,5.94228]},"faces":{"north":{"uv":[12.66667,4.66667,13,5.33333],"texture":"#2"},"east":{"uv":[11.33333,3.33333,12,4],"texture":"#2"},"south":{"uv":[5.33333,12.66667,5.66667,13.33333],"texture":"#2"},"west":{"uv":[4,11.33333,4.66667,12],"texture":"#2"},"up":{"uv":[13,6,12.66667,5.33333],"texture":"#2"},"down":{"uv":[6.33333,12.66667,6,13.33333],"texture":"#2"}}},{"from":[7.75,24.37132,9.55772],"to":[8.25,25.37132,10.55772],"rotation":{"angle":-45,"axis":"x","origin":[8,24.87132,10.05772]},"faces":{"north":{"uv":[12.66667,6,13,6.66667],"texture":"#2"},"east":{"uv":[11.33333,4,12,4.66667],"texture":"#2"},"south":{"uv":[6.66667,12.66667,7,13.33333],"texture":"#2"},"west":{"uv":[4.66667,11.33333,5.33333,12],"texture":"#2"},"up":{"uv":[13,7.33333,12.66667,6.66667],"texture":"#2"},"down":{"uv":[7.66667,12.66667,7.33333,13.33333],"texture":"#2"}}},{"from":[7.35,22.35,6],"to":[7.35,30.35,10],"rotation":{"angle":0,"axis":"x","origin":[7.35,26.35,8]},"faces":{"west":{"uv":[8,16,0,0],"rotation":180,"texture":"#1"}}},{"from":[8.65,22.35,6],"to":[8.65,30.35,10],"rotation":{"angle":0,"axis":"x","origin":[8.65,26.35,8]},"faces":{"east":{"uv":[0,16,8,0],"rotation":180,"texture":"#1"}}}],"gui_light":"front","display":{"thirdperson_righthand":{"translation":[0,-3.75,0.75]},"thirdperson_lefthand":{"translation":[0,-3.75,0.75]},"firstperson_righthand":{"rotation":[-10,0,0],"translation":[-1.25,-4,2.75]},"firstperson_lefthand":{"rotation":[-10,0,0],"translation":[-1.25,-4,2.75]},"ground":{"rotation":[-45,0,0],"translation":[0,8.5,4.25]},"gui":{"rotation":[-90,45,90],"translation":[4,-4,0],"scale":[0.76171,0.76171,0.76171]},"head":{"scale":[0,0,0]},"fixed":{"rotation":[0,-90,0],"translation":[0,-15.25,-1.25],"scale":[3,3,3]}}}