{"parent":"minecraft:item/handheld","textures":{"layer0":"minecraft:item/iron_pickaxe"},"overrides":[{"predicate":{"custom_model_data":10001},"model":"vampireset:pickaxe"},{"predicate":{"custom_model_data":10002},"model":"malikaset:pickaxe"},{"predicate":{"custom_model_data":10003},"model":"xmasset:pickaxe"},{"predicate":{"custom_model_data":10004},"model":"noraset:pickaxe"},{"predicate":{"custom_model_data":10005},"model":"discordnitroset:pickaxe"},{"predicate":{"custom_model_data":10006},"model":"item/iron_pickaxe"}]}