{"parent":"minecraft:item/generated","overrides":[{"model":"minecraft:item/leather_boots_quartz_trim","predicate":{"trim_type":0.1}},{"model":"minecraft:item/leather_boots_iron_trim","predicate":{"trim_type":0.2}},{"model":"minecraft:item/leather_boots_netherite_trim","predicate":{"trim_type":0.3}},{"model":"minecraft:item/leather_boots_redstone_trim","predicate":{"trim_type":0.4}},{"model":"minecraft:item/leather_boots_copper_trim","predicate":{"trim_type":0.5}},{"model":"minecraft:item/leather_boots_gold_trim","predicate":{"trim_type":0.6}},{"model":"minecraft:item/leather_boots_emerald_trim","predicate":{"trim_type":0.7}},{"model":"minecraft:item/leather_boots_diamond_trim","predicate":{"trim_type":0.8}},{"model":"minecraft:item/leather_boots_lapis_trim","predicate":{"trim_type":0.9}},{"model":"minecraft:item/leather_boots_amethyst_trim","predicate":{"trim_type":1.0}},{"predicate":{"custom_model_data":10000},"model":"summerset:ia_auto_gen/summerboots"},{"predicate":{"trim_type":0.1,"custom_model_data":10000},"model":"summerset:ia_auto_gen/summerboots"},{"predicate":{"trim_type":0.2,"custom_model_data":10000},"model":"summerset:ia_auto_gen/summerboots"},{"predicate":{"trim_type":0.3,"custom_model_data":10000},"model":"summerset:ia_auto_gen/summerboots"},{"predicate":{"trim_type":0.4,"custom_model_data":10000},"model":"summerset:ia_auto_gen/summerboots"},{"predicate":{"trim_type":0.5,"custom_model_data":10000},"model":"summerset:ia_auto_gen/summerboots"},{"predicate":{"trim_type":0.6,"custom_model_data":10000},"model":"summerset:ia_auto_gen/summerboots"},{"predicate":{"trim_type":0.7,"custom_model_data":10000},"model":"summerset:ia_auto_gen/summerboots"},{"predicate":{"trim_type":0.8,"custom_model_data":10000},"model":"summerset:ia_auto_gen/summerboots"},{"predicate":{"trim_type":0.9,"custom_model_data":10000},"model":"summerset:ia_auto_gen/summerboots"},{"predicate":{"trim_type":1.0,"custom_model_data":10000},"model":"summerset:ia_auto_gen/summerboots"},{"predicate":{"custom_model_data":10001},"model":"saintpatricksset:ia_auto_gen/saintpatrick_set_boots"},{"predicate":{"trim_type":0.1,"custom_model_data":10001},"model":"saintpatricksset:ia_auto_gen/saintpatrick_set_boots"},{"predicate":{"trim_type":0.2,"custom_model_data":10001},"model":"saintpatricksset:ia_auto_gen/saintpatrick_set_boots"},{"predicate":{"trim_type":0.3,"custom_model_data":10001},"model":"saintpatricksset:ia_auto_gen/saintpatrick_set_boots"},{"predicate":{"trim_type":0.4,"custom_model_data":10001},"model":"saintpatricksset:ia_auto_gen/saintpatrick_set_boots"},{"predicate":{"trim_type":0.5,"custom_model_data":10001},"model":"saintpatricksset:ia_auto_gen/saintpatrick_set_boots"},{"predicate":{"trim_type":0.6,"custom_model_data":10001},"model":"saintpatricksset:ia_auto_gen/saintpatrick_set_boots"},{"predicate":{"trim_type":0.7,"custom_model_data":10001},"model":"saintpatricksset:ia_auto_gen/saintpatrick_set_boots"},{"predicate":{"trim_type":0.8,"custom_model_data":10001},"model":"saintpatricksset:ia_auto_gen/saintpatrick_set_boots"},{"predicate":{"trim_type":0.9,"custom_model_data":10001},"model":"saintpatricksset:ia_auto_gen/saintpatrick_set_boots"},{"predicate":{"trim_type":1.0,"custom_model_data":10001},"model":"saintpatricksset:ia_auto_gen/saintpatrick_set_boots"},{"predicate":{"custom_model_data":10002},"model":"noraset:ia_auto_gen/noraboots"},{"predicate":{"trim_type":0.1,"custom_model_data":10002},"model":"noraset:ia_auto_gen/noraboots"},{"predicate":{"trim_type":0.2,"custom_model_data":10002},"model":"noraset:ia_auto_gen/noraboots"},{"predicate":{"trim_type":0.3,"custom_model_data":10002},"model":"noraset:ia_auto_gen/noraboots"},{"predicate":{"trim_type":0.4,"custom_model_data":10002},"model":"noraset:ia_auto_gen/noraboots"},{"predicate":{"trim_type":0.5,"custom_model_data":10002},"model":"noraset:ia_auto_gen/noraboots"},{"predicate":{"trim_type":0.6,"custom_model_data":10002},"model":"noraset:ia_auto_gen/noraboots"},{"predicate":{"trim_type":0.7,"custom_model_data":10002},"model":"noraset:ia_auto_gen/noraboots"},{"predicate":{"trim_type":0.8,"custom_model_data":10002},"model":"noraset:ia_auto_gen/noraboots"},{"predicate":{"trim_type":0.9,"custom_model_data":10002},"model":"noraset:ia_auto_gen/noraboots"},{"predicate":{"trim_type":1.0,"custom_model_data":10002},"model":"noraset:ia_auto_gen/noraboots"},{"predicate":{"custom_model_data":10003},"model":"xmasset:ia_auto_gen/xmasboots"},{"predicate":{"trim_type":0.1,"custom_model_data":10003},"model":"xmasset:ia_auto_gen/xmasboots"},{"predicate":{"trim_type":0.2,"custom_model_data":10003},"model":"xmasset:ia_auto_gen/xmasboots"},{"predicate":{"trim_type":0.3,"custom_model_data":10003},"model":"xmasset:ia_auto_gen/xmasboots"},{"predicate":{"trim_type":0.4,"custom_model_data":10003},"model":"xmasset:ia_auto_gen/xmasboots"},{"predicate":{"trim_type":0.5,"custom_model_data":10003},"model":"xmasset:ia_auto_gen/xmasboots"},{"predicate":{"trim_type":0.6,"custom_model_data":10003},"model":"xmasset:ia_auto_gen/xmasboots"},{"predicate":{"trim_type":0.7,"custom_model_data":10003},"model":"xmasset:ia_auto_gen/xmasboots"},{"predicate":{"trim_type":0.8,"custom_model_data":10003},"model":"xmasset:ia_auto_gen/xmasboots"},{"predicate":{"trim_type":0.9,"custom_model_data":10003},"model":"xmasset:ia_auto_gen/xmasboots"},{"predicate":{"trim_type":1.0,"custom_model_data":10003},"model":"xmasset:ia_auto_gen/xmasboots"},{"predicate":{"custom_model_data":10004},"model":"mysticcyanset:ia_auto_gen/mysticcyanboots"},{"predicate":{"trim_type":0.1,"custom_model_data":10004},"model":"mysticcyanset:ia_auto_gen/mysticcyanboots"},{"predicate":{"trim_type":0.2,"custom_model_data":10004},"model":"mysticcyanset:ia_auto_gen/mysticcyanboots"},{"predicate":{"trim_type":0.3,"custom_model_data":10004},"model":"mysticcyanset:ia_auto_gen/mysticcyanboots"},{"predicate":{"trim_type":0.4,"custom_model_data":10004},"model":"mysticcyanset:ia_auto_gen/mysticcyanboots"},{"predicate":{"trim_type":0.5,"custom_model_data":10004},"model":"mysticcyanset:ia_auto_gen/mysticcyanboots"},{"predicate":{"trim_type":0.6,"custom_model_data":10004},"model":"mysticcyanset:ia_auto_gen/mysticcyanboots"},{"predicate":{"trim_type":0.7,"custom_model_data":10004},"model":"mysticcyanset:ia_auto_gen/mysticcyanboots"},{"predicate":{"trim_type":0.8,"custom_model_data":10004},"model":"mysticcyanset:ia_auto_gen/mysticcyanboots"},{"predicate":{"trim_type":0.9,"custom_model_data":10004},"model":"mysticcyanset:ia_auto_gen/mysticcyanboots"},{"predicate":{"trim_type":1.0,"custom_model_data":10004},"model":"mysticcyanset:ia_auto_gen/mysticcyanboots"},{"predicate":{"custom_model_data":10005},"model":"thunderboltset:ia_auto_gen/thunderboltboots"},{"predicate":{"trim_type":0.1,"custom_model_data":10005},"model":"thunderboltset:ia_auto_gen/thunderboltboots"},{"predicate":{"trim_type":0.2,"custom_model_data":10005},"model":"thunderboltset:ia_auto_gen/thunderboltboots"},{"predicate":{"trim_type":0.3,"custom_model_data":10005},"model":"thunderboltset:ia_auto_gen/thunderboltboots"},{"predicate":{"trim_type":0.4,"custom_model_data":10005},"model":"thunderboltset:ia_auto_gen/thunderboltboots"},{"predicate":{"trim_type":0.5,"custom_model_data":10005},"model":"thunderboltset:ia_auto_gen/thunderboltboots"},{"predicate":{"trim_type":0.6,"custom_model_data":10005},"model":"thunderboltset:ia_auto_gen/thunderboltboots"},{"predicate":{"trim_type":0.7,"custom_model_data":10005},"model":"thunderboltset:ia_auto_gen/thunderboltboots"},{"predicate":{"trim_type":0.8,"custom_model_data":10005},"model":"thunderboltset:ia_auto_gen/thunderboltboots"},{"predicate":{"trim_type":0.9,"custom_model_data":10005},"model":"thunderboltset:ia_auto_gen/thunderboltboots"},{"predicate":{"trim_type":1.0,"custom_model_data":10005},"model":"thunderboltset:ia_auto_gen/thunderboltboots"},{"predicate":{"custom_model_data":10006},"model":"malikaset:ia_auto_gen/malikaboots"},{"predicate":{"trim_type":0.1,"custom_model_data":10006},"model":"malikaset:ia_auto_gen/malikaboots"},{"predicate":{"trim_type":0.2,"custom_model_data":10006},"model":"malikaset:ia_auto_gen/malikaboots"},{"predicate":{"trim_type":0.3,"custom_model_data":10006},"model":"malikaset:ia_auto_gen/malikaboots"},{"predicate":{"trim_type":0.4,"custom_model_data":10006},"model":"malikaset:ia_auto_gen/malikaboots"},{"predicate":{"trim_type":0.5,"custom_model_data":10006},"model":"malikaset:ia_auto_gen/malikaboots"},{"predicate":{"trim_type":0.6,"custom_model_data":10006},"model":"malikaset:ia_auto_gen/malikaboots"},{"predicate":{"trim_type":0.7,"custom_model_data":10006},"model":"malikaset:ia_auto_gen/malikaboots"},{"predicate":{"trim_type":0.8,"custom_model_data":10006},"model":"malikaset:ia_auto_gen/malikaboots"},{"predicate":{"trim_type":0.9,"custom_model_data":10006},"model":"malikaset:ia_auto_gen/malikaboots"},{"predicate":{"trim_type":1.0,"custom_model_data":10006},"model":"malikaset:ia_auto_gen/malikaboots"},{"predicate":{"custom_model_data":10007},"model":"discordnitroset:ia_auto_gen/discordnitroboots"},{"predicate":{"trim_type":0.1,"custom_model_data":10007},"model":"discordnitroset:ia_auto_gen/discordnitroboots"},{"predicate":{"trim_type":0.2,"custom_model_data":10007},"model":"discordnitroset:ia_auto_gen/discordnitroboots"},{"predicate":{"trim_type":0.3,"custom_model_data":10007},"model":"discordnitroset:ia_auto_gen/discordnitroboots"},{"predicate":{"trim_type":0.4,"custom_model_data":10007},"model":"discordnitroset:ia_auto_gen/discordnitroboots"},{"predicate":{"trim_type":0.5,"custom_model_data":10007},"model":"discordnitroset:ia_auto_gen/discordnitroboots"},{"predicate":{"trim_type":0.6,"custom_model_data":10007},"model":"discordnitroset:ia_auto_gen/discordnitroboots"},{"predicate":{"trim_type":0.7,"custom_model_data":10007},"model":"discordnitroset:ia_auto_gen/discordnitroboots"},{"predicate":{"trim_type":0.8,"custom_model_data":10007},"model":"discordnitroset:ia_auto_gen/discordnitroboots"},{"predicate":{"trim_type":0.9,"custom_model_data":10007},"model":"discordnitroset:ia_auto_gen/discordnitroboots"},{"predicate":{"trim_type":1.0,"custom_model_data":10007},"model":"discordnitroset:ia_auto_gen/discordnitroboots"},{"predicate":{"custom_model_data":10008},"model":"valerieset:ia_auto_gen/valerieboots"},{"predicate":{"trim_type":0.1,"custom_model_data":10008},"model":"valerieset:ia_auto_gen/valerieboots"},{"predicate":{"trim_type":0.2,"custom_model_data":10008},"model":"valerieset:ia_auto_gen/valerieboots"},{"predicate":{"trim_type":0.3,"custom_model_data":10008},"model":"valerieset:ia_auto_gen/valerieboots"},{"predicate":{"trim_type":0.4,"custom_model_data":10008},"model":"valerieset:ia_auto_gen/valerieboots"},{"predicate":{"trim_type":0.5,"custom_model_data":10008},"model":"valerieset:ia_auto_gen/valerieboots"},{"predicate":{"trim_type":0.6,"custom_model_data":10008},"model":"valerieset:ia_auto_gen/valerieboots"},{"predicate":{"trim_type":0.7,"custom_model_data":10008},"model":"valerieset:ia_auto_gen/valerieboots"},{"predicate":{"trim_type":0.8,"custom_model_data":10008},"model":"valerieset:ia_auto_gen/valerieboots"},{"predicate":{"trim_type":0.9,"custom_model_data":10008},"model":"valerieset:ia_auto_gen/valerieboots"},{"predicate":{"trim_type":1.0,"custom_model_data":10008},"model":"valerieset:ia_auto_gen/valerieboots"},{"predicate":{"custom_model_data":10009},"model":"nexusset:ia_auto_gen/nexussetboots"},{"predicate":{"trim_type":0.1,"custom_model_data":10009},"model":"nexusset:ia_auto_gen/nexussetboots"},{"predicate":{"trim_type":0.2,"custom_model_data":10009},"model":"nexusset:ia_auto_gen/nexussetboots"},{"predicate":{"trim_type":0.3,"custom_model_data":10009},"model":"nexusset:ia_auto_gen/nexussetboots"},{"predicate":{"trim_type":0.4,"custom_model_data":10009},"model":"nexusset:ia_auto_gen/nexussetboots"},{"predicate":{"trim_type":0.5,"custom_model_data":10009},"model":"nexusset:ia_auto_gen/nexussetboots"},{"predicate":{"trim_type":0.6,"custom_model_data":10009},"model":"nexusset:ia_auto_gen/nexussetboots"},{"predicate":{"trim_type":0.7,"custom_model_data":10009},"model":"nexusset:ia_auto_gen/nexussetboots"},{"predicate":{"trim_type":0.8,"custom_model_data":10009},"model":"nexusset:ia_auto_gen/nexussetboots"},{"predicate":{"trim_type":0.9,"custom_model_data":10009},"model":"nexusset:ia_auto_gen/nexussetboots"},{"predicate":{"trim_type":1.0,"custom_model_data":10009},"model":"nexusset:ia_auto_gen/nexussetboots"},{"predicate":{"custom_model_data":10010},"model":"fairyset:ia_auto_gen/fairyboots"},{"predicate":{"trim_type":0.1,"custom_model_data":10010},"model":"fairyset:ia_auto_gen/fairyboots"},{"predicate":{"trim_type":0.2,"custom_model_data":10010},"model":"fairyset:ia_auto_gen/fairyboots"},{"predicate":{"trim_type":0.3,"custom_model_data":10010},"model":"fairyset:ia_auto_gen/fairyboots"},{"predicate":{"trim_type":0.4,"custom_model_data":10010},"model":"fairyset:ia_auto_gen/fairyboots"},{"predicate":{"trim_type":0.5,"custom_model_data":10010},"model":"fairyset:ia_auto_gen/fairyboots"},{"predicate":{"trim_type":0.6,"custom_model_data":10010},"model":"fairyset:ia_auto_gen/fairyboots"},{"predicate":{"trim_type":0.7,"custom_model_data":10010},"model":"fairyset:ia_auto_gen/fairyboots"},{"predicate":{"trim_type":0.8,"custom_model_data":10010},"model":"fairyset:ia_auto_gen/fairyboots"},{"predicate":{"trim_type":0.9,"custom_model_data":10010},"model":"fairyset:ia_auto_gen/fairyboots"},{"predicate":{"trim_type":1.0,"custom_model_data":10010},"model":"fairyset:ia_auto_gen/fairyboots"},{"predicate":{"custom_model_data":10011},"model":"item/leather_boots"}],"textures":{"layer0":"minecraft:item/leather_boots","layer1":"minecraft:item/leather_boots_overlay"}}