{"parent":"minecraft:item/handheld","textures":{"layer0":"minecraft:item/netherite_hoe"},"overrides":[{"predicate":{"custom_model_data":10001},"model":"summerset:hoe"},{"predicate":{"custom_model_data":10002},"model":"vampireset:hoe"},{"predicate":{"custom_model_data":10003},"model":"saintpatricksset:hoe"},{"predicate":{"custom_model_data":10004},"model":"mysticcyanset:hoe"},{"predicate":{"custom_model_data":10006},"model":"thunderboltset:hoe"},{"predicate":{"custom_model_data":10007},"model":"discordnitroset:hoe"},{"predicate":{"custom_model_data":10008},"model":"valerieset:hoe"},{"predicate":{"custom_model_data":10009},"model":"nexusset:hoe"},{"predicate":{"custom_model_data":10010},"model":"fairyset:hoe"},{"predicate":{"custom_model_data":10011},"model":"item/netherite_hoe"}]}