{"parent":"minecraft:item/handheld","textures":{"layer0":"minecraft:item/netherite_axe"},"overrides":[{"predicate":{"custom_model_data":10002},"model":"summerset:axe"},{"predicate":{"custom_model_data":10003},"model":"vampireset:axe"},{"predicate":{"custom_model_data":10004},"model":"saintpatricksset:axe"},{"predicate":{"custom_model_data":10005},"model":"mysticcyanset:axe"},{"predicate":{"custom_model_data":10007},"model":"thunderboltset:axe"},{"predicate":{"custom_model_data":10008},"model":"discordnitroset:axe"},{"predicate":{"custom_model_data":10009},"model":"valerieset:axe"},{"predicate":{"custom_model_data":10010},"model":"nexusset:axe"},{"predicate":{"custom_model_data":10011},"model":"fairyset:axe"},{"predicate":{"custom_model_data":10012},"model":"item/netherite_axe"}]}