{"model":{"type":"range_dispatch","property":"custom_model_data","index":0,"fallback":{"on_true":{"fallback":{"model":"item/bow_pulling_0","type":"model"},"property":"use_duration","scale":0.05,"entries":[{"model":{"type":"model","model":"item/bow_pulling_1"},"threshold":0.65},{"model":{"type":"model","model":"item/bow_pulling_2"},"threshold":0.9}],"type":"range_dispatch"},"type":"condition","on_false":{"type":"model","model":"item/bow"},"property":"using_item"},"entries":[{"threshold":10000,"model":{"on_true":{"fallback":{"model":"vampireset:bow_0","type":"model"},"property":"use_duration","scale":0.05,"entries":[{"threshold":0.65,"model":{"type":"model","model":"vampireset:bow_1"}},{"threshold":0.9,"model":{"type":"model","model":"vampireset:bow_2"}}],"type":"range_dispatch"},"type":"condition","on_false":{"type":"model","model":"vampireset:bow"},"property":"using_item"}},{"threshold":10001,"model":{"on_true":{"fallback":{"model":"summerset:bow_0","type":"model"},"property":"use_duration","scale":0.05,"entries":[{"threshold":0.65,"model":{"type":"model","model":"summerset:bow_1"}},{"threshold":0.9,"model":{"type":"model","model":"summerset:bow_2"}}],"type":"range_dispatch"},"type":"condition","on_false":{"type":"model","model":"summerset:bow"},"property":"using_item"}},{"threshold":10002,"model":{"on_true":{"fallback":{"model":"saintpatricksset:bow_0","type":"model"},"property":"use_duration","scale":0.05,"entries":[{"threshold":0.65,"model":{"type":"model","model":"saintpatricksset:bow_1"}},{"threshold":0.9,"model":{"type":"model","model":"saintpatricksset:bow_2"}}],"type":"range_dispatch"},"type":"condition","on_false":{"type":"model","model":"saintpatricksset:bow"},"property":"using_item"}},{"threshold":10003,"model":{"on_true":{"fallback":{"model":"malikaset:bow_0","type":"model"},"property":"use_duration","scale":0.05,"entries":[{"threshold":0.65,"model":{"type":"model","model":"malikaset:bow_1"}},{"threshold":0.9,"model":{"type":"model","model":"malikaset:bow_2"}}],"type":"range_dispatch"},"type":"condition","on_false":{"type":"model","model":"malikaset:bow"},"property":"using_item"}},{"threshold":10004,"model":{"on_true":{"fallback":{"model":"mysticcyanset:bow_0","type":"model"},"property":"use_duration","scale":0.05,"entries":[{"threshold":0.65,"model":{"type":"model","model":"mysticcyanset:bow_1"}},{"threshold":0.9,"model":{"type":"model","model":"mysticcyanset:bow_2"}}],"type":"range_dispatch"},"type":"condition","on_false":{"type":"model","model":"mysticcyanset:bow"},"property":"using_item"}},{"threshold":10005,"model":{"on_true":{"fallback":{"model":"xmasset:bow_0","type":"model"},"property":"use_duration","scale":0.05,"entries":[{"threshold":0.65,"model":{"type":"model","model":"xmasset:bow_1"}},{"threshold":0.9,"model":{"type":"model","model":"xmasset:bow_2"}}],"type":"range_dispatch"},"type":"condition","on_false":{"type":"model","model":"xmasset:bow"},"property":"using_item"}},{"threshold":10006,"model":{"on_true":{"fallback":{"model":"discordnitroset:bow_0","type":"model"},"property":"use_duration","scale":0.05,"entries":[{"threshold":0.65,"model":{"type":"model","model":"discordnitroset:bow_1"}},{"threshold":0.9,"model":{"type":"model","model":"discordnitroset:bow_2"}}],"type":"range_dispatch"},"type":"condition","on_false":{"type":"model","model":"discordnitroset:bow"},"property":"using_item"}},{"threshold":10007,"model":{"on_true":{"fallback":{"model":"noraset:bow_0","type":"model"},"property":"use_duration","scale":0.05,"entries":[{"threshold":0.65,"model":{"type":"model","model":"noraset:bow_1"}},{"threshold":0.9,"model":{"type":"model","model":"noraset:bow_2"}}],"type":"range_dispatch"},"type":"condition","on_false":{"type":"model","model":"noraset:bow"},"property":"using_item"}},{"threshold":10008,"model":{"on_true":{"fallback":{"model":"thunderboltset:bow_0","type":"model"},"property":"use_duration","scale":0.05,"entries":[{"threshold":0.65,"model":{"type":"model","model":"thunderboltset:bow_1"}},{"threshold":0.9,"model":{"type":"model","model":"thunderboltset:bow_2"}}],"type":"range_dispatch"},"type":"condition","on_false":{"type":"model","model":"thunderboltset:bow"},"property":"using_item"}},{"threshold":10009,"model":{"on_true":{"fallback":{"model":"valerieset:bow_0","type":"model"},"property":"use_duration","scale":0.05,"entries":[{"threshold":0.65,"model":{"type":"model","model":"valerieset:bow_1"}},{"threshold":0.9,"model":{"type":"model","model":"valerieset:bow_2"}}],"type":"range_dispatch"},"type":"condition","on_false":{"type":"model","model":"valerieset:bow"},"property":"using_item"}},{"threshold":10010,"model":{"on_true":{"fallback":{"model":"nexusset:bow_0","type":"model"},"property":"use_duration","scale":0.05,"entries":[{"threshold":0.65,"model":{"type":"model","model":"nexusset:bow_1"}},{"threshold":0.9,"model":{"type":"model","model":"nexusset:bow_2"}}],"type":"range_dispatch"},"type":"condition","on_false":{"type":"model","model":"nexusset:bow"},"property":"using_item"}},{"threshold":10011,"model":{"on_true":{"fallback":{"model":"fairyset:bow_0","type":"model"},"property":"use_duration","scale":0.05,"entries":[{"threshold":0.65,"model":{"type":"model","model":"fairyset:bow_1"}},{"threshold":0.9,"model":{"type":"model","model":"fairyset:bow_2"}}],"type":"range_dispatch"},"type":"condition","on_false":{"type":"model","model":"fairyset:bow"},"property":"using_item"}},{"threshold":10012,"model":{"on_true":{"fallback":{"model":"item/bow","type":"model"},"property":"use_duration","scale":0.05,"entries":[],"type":"range_dispatch"},"type":"condition","on_false":{"type":"model","model":"item/bow"},"property":"using_item"}}]}}