{"model":{"type":"range_dispatch","property":"custom_model_data","index":0,"fallback":{"type":"model","model":"item/iron_hoe"},"entries":[{"threshold":10001,"model":{"type":"model","model":"vampireset:hoe"}},{"threshold":10002,"model":{"type":"model","model":"malikaset:hoe"}},{"threshold":10003,"model":{"type":"model","model":"xmasset:hoe"}},{"threshold":10004,"model":{"type":"model","model":"noraset:hoe"}},{"threshold":10005,"model":{"type":"model","model":"discordnitroset:hoe"}},{"threshold":10006,"model":{"type":"model","model":"item/iron_hoe"}}]}}