{"model":{"type":"range_dispatch","property":"custom_model_data","index":0,"fallback":{"model":"item/iron_axe","type":"model"},"entries":[{"threshold":10001,"model":{"model":"vampireset:axe","type":"model"}},{"threshold":10002,"model":{"model":"malikaset:axe","type":"model"}},{"threshold":10003,"model":{"model":"xmasset:axe","type":"model"}},{"threshold":10004,"model":{"model":"noraset:axe","type":"model"}},{"threshold":10005,"model":{"model":"discordnitroset:axe","type":"model"}},{"threshold":10006,"model":{"model":"item/iron_axe","type":"model"}}]}}