{"model":{"type":"range_dispatch","property":"custom_model_data","index":0,"fallback":{"type":"model","model":"item/netherite_sword"},"entries":[{"threshold":10004,"model":{"type":"model","model":"summerset:sword"}},{"threshold":10005,"model":{"type":"model","model":"summerset:greatsword"}},{"threshold":10006,"model":{"type":"model","model":"vampireset:sword"}},{"threshold":10007,"model":{"type":"model","model":"saintpatricksset:hammer"}},{"threshold":10008,"model":{"type":"model","model":"saintpatricksset:spear"}},{"threshold":10009,"model":{"type":"model","model":"saintpatricksset:sword"}},{"threshold":10010,"model":{"type":"model","model":"saintpatricksset:scythe"}},{"threshold":10011,"model":{"type":"model","model":"saintpatricksset:staff"}},{"threshold":10012,"model":{"type":"model","model":"saintpatricksset:greatsword"}},{"threshold":10013,"model":{"type":"model","model":"saintpatricksset:trident"}},{"threshold":10014,"model":{"type":"model","model":"mysticcyanset:greatsword"}},{"threshold":10015,"model":{"type":"model","model":"mysticcyanset:hammer"}},{"threshold":10016,"model":{"type":"model","model":"mysticcyanset:scythe"}},{"threshold":10017,"model":{"type":"model","model":"mysticcyanset:spear"}},{"threshold":10018,"model":{"type":"model","model":"mysticcyanset:staff"}},{"threshold":10019,"model":{"type":"model","model":"mysticcyanset:sword"}},{"threshold":10020,"model":{"type":"model","model":"mysticcyanset:trident"}},{"threshold":10028,"model":{"type":"model","model":"summerset:scythe"}},{"threshold":10029,"model":{"type":"model","model":"thunderboltset:hammer"}},{"threshold":10030,"model":{"type":"model","model":"thunderboltset:spear"}},{"threshold":10031,"model":{"type":"model","model":"thunderboltset:sword"}},{"threshold":10032,"model":{"type":"model","model":"thunderboltset:scythe"}},{"threshold":10033,"model":{"type":"model","model":"discordnitroset:greatsword"}},{"threshold":10034,"model":{"type":"model","model":"valerieset:hammer"}},{"threshold":10035,"model":{"type":"model","model":"valerieset:spear"}},{"threshold":10036,"model":{"type":"model","model":"valerieset:sword"}},{"threshold":10037,"model":{"type":"model","model":"valerieset:scythe"}},{"threshold":10038,"model":{"type":"model","model":"valerieset:staff"}},{"threshold":10039,"model":{"type":"model","model":"valerieset:greatsword"}},{"threshold":10040,"model":{"type":"model","model":"valerieset:trident"}},{"threshold":10041,"model":{"type":"model","model":"nexusset:hammer"}},{"threshold":10042,"model":{"type":"model","model":"nexusset:spear"}},{"threshold":10043,"model":{"type":"model","model":"nexusset:sword"}},{"threshold":10044,"model":{"type":"model","model":"nexusset:scythe"}},{"threshold":10045,"model":{"type":"model","model":"nexusset:staff"}},{"threshold":10046,"model":{"type":"model","model":"nexusset:greatsword"}},{"threshold":10047,"model":{"type":"model","model":"nexusset:trident"}},{"threshold":10048,"model":{"type":"model","model":"fairyset:greatsword"}},{"threshold":10049,"model":{"type":"model","model":"fairyset:hammer"}},{"threshold":10050,"model":{"type":"model","model":"fairyset:scythe"}},{"threshold":10051,"model":{"type":"model","model":"fairyset:spear"}},{"threshold":10052,"model":{"type":"model","model":"fairyset:staff"}},{"threshold":10053,"model":{"type":"model","model":"fairyset:sword"}},{"threshold":10054,"model":{"type":"model","model":"fairyset:trident"}},{"threshold":10055,"model":{"type":"model","model":"item/netherite_sword"}}]}}