{"model":{"type":"range_dispatch","property":"custom_model_data","index":0,"fallback":{"type":"model","model":"item/netherite_pickaxe"},"entries":[{"threshold":10001,"model":{"type":"model","model":"summerset:pickaxe"}},{"threshold":10002,"model":{"type":"model","model":"vampireset:pickaxe"}},{"threshold":10003,"model":{"type":"model","model":"saintpatricksset:pickaxe"}},{"threshold":10004,"model":{"type":"model","model":"mysticcyanset:pickaxe"}},{"threshold":10006,"model":{"type":"model","model":"thunderboltset:pickaxe"}},{"threshold":10007,"model":{"type":"model","model":"discordnitroset:pickaxe"}},{"threshold":10008,"model":{"type":"model","model":"valerieset:pickaxe"}},{"threshold":10009,"model":{"type":"model","model":"nexusset:pickaxe"}},{"threshold":10010,"model":{"type":"model","model":"fairyset:pickaxe"}},{"threshold":10011,"model":{"type":"model","model":"item/netherite_pickaxe"}}]}}