{"model":{"type":"range_dispatch","property":"custom_model_data","index":0,"fallback":{"type":"model","model":"item/netherite_shovel"},"entries":[{"threshold":10001,"model":{"type":"model","model":"summerset:shovel"}},{"threshold":10002,"model":{"type":"model","model":"vampireset:shovel"}},{"threshold":10003,"model":{"type":"model","model":"saintpatricksset:shovel"}},{"threshold":10004,"model":{"type":"model","model":"mysticcyanset:shovel"}},{"threshold":10006,"model":{"type":"model","model":"thunderboltset:shovel"}},{"threshold":10007,"model":{"type":"model","model":"discordnitroset:shovel"}},{"threshold":10008,"model":{"type":"model","model":"valerieset:shovel"}},{"threshold":10009,"model":{"type":"model","model":"nexusset:shovel"}},{"threshold":10010,"model":{"type":"model","model":"fairyset:shovel"}},{"threshold":10011,"model":{"type":"model","model":"item/netherite_shovel"}}]}}