{"model":{"type":"range_dispatch","property":"custom_model_data","index":0,"fallback":{"type":"model","model":"item/netherite_axe"},"entries":[{"threshold":10002,"model":{"type":"model","model":"summerset:axe"}},{"threshold":10003,"model":{"type":"model","model":"vampireset:axe"}},{"threshold":10004,"model":{"type":"model","model":"saintpatricksset:axe"}},{"threshold":10005,"model":{"type":"model","model":"mysticcyanset:axe"}},{"threshold":10007,"model":{"type":"model","model":"thunderboltset:axe"}},{"threshold":10008,"model":{"type":"model","model":"discordnitroset:axe"}},{"threshold":10009,"model":{"type":"model","model":"valerieset:axe"}},{"threshold":10010,"model":{"type":"model","model":"nexusset:axe"}},{"threshold":10011,"model":{"type":"model","model":"fairyset:axe"}},{"threshold":10012,"model":{"type":"model","model":"item/netherite_axe"}}]}}