{"model":{"type":"range_dispatch","property":"custom_model_data","index":0,"fallback":{"type":"model","model":"item/paper"},"entries":[{"threshold":10000,"model":{"type":"model","model":"_iainternal:ia_auto_gen/icon_left_blue"}},{"threshold":10001,"model":{"type":"model","model":"_iainternal:ia_auto_gen/icon_right_blue"}},{"threshold":10002,"model":{"type":"model","model":"_iainternal:ia_auto_gen/icon_search"}},{"threshold":10003,"model":{"type":"model","model":"_iainternal:ia_auto_gen/icon_cancel"}},{"threshold":10004,"model":{"type":"model","model":"_iainternal:ia_auto_gen/icon_arrow_chest"}},{"threshold":10005,"model":{"type":"model","model":"_iainternal:ia_auto_gen/icon_back_orange"}},{"threshold":10006,"model":{"type":"model","model":"_iainternal:ia_auto_gen/icon_next_orange"}},{"threshold":10007,"model":{"type":"model","model":"summerset:mask"}},{"threshold":10008,"model":{"type":"model","model":"summerset:backpack"}},{"threshold":10009,"model":{"type":"model","model":"summerset:key"}},{"threshold":10010,"model":{"type":"model","model":"saintpatricksset:chest"}},{"threshold":10011,"model":{"type":"model","model":"saintpatricksset:chest_opening"}},{"threshold":10012,"model":{"type":"model","model":"saintpatricksset:helmet"}},{"threshold":10013,"model":{"type":"model","model":"saintpatricksset:key"}},{"threshold":10014,"model":{"type":"model","model":"saintpatricksset:wings"}},{"threshold":10071,"model":{"type":"model","model":"malikaset:chest"}},{"threshold":10072,"model":{"type":"model","model":"malikaset:chest_opening"}},{"threshold":10073,"model":{"type":"model","model":"malikaset:helmet"}},{"threshold":10074,"model":{"type":"model","model":"malikaset:key"}},{"threshold":10075,"model":{"type":"model","model":"malikaset:wings"}},{"threshold":10076,"model":{"type":"model","model":"mysticcyanset:key"}},{"threshold":10077,"model":{"type":"model","model":"mysticcyanset:backpack"}},{"threshold":10078,"model":{"type":"model","model":"mysticcyanset:wings"}},{"threshold":10079,"model":{"type":"model","model":"mysticcyanset:helmet"}},{"threshold":10080,"model":{"type":"model","model":"xmasset:chest"}},{"threshold":10081,"model":{"type":"model","model":"xmasset:chest_opening"}},{"threshold":10082,"model":{"type":"model","model":"xmasset:hat"}},{"threshold":10083,"model":{"type":"model","model":"xmasset:key"}},{"threshold":10084,"model":{"type":"model","model":"xmasset:wings"}},{"threshold":10090,"model":{"type":"model","model":"noraset:helmet"}},{"threshold":10091,"model":{"type":"model","model":"noraset:key"}},{"threshold":10092,"model":{"type":"model","model":"noraset:wings"}},{"threshold":10093,"model":{"type":"model","model":"thunderboltset:chest"}},{"threshold":10094,"model":{"type":"model","model":"thunderboltset:chest_opening"}},{"threshold":10095,"model":{"type":"model","model":"thunderboltset:helmet"}},{"threshold":10096,"model":{"type":"model","model":"thunderboltset:key"}},{"threshold":10097,"model":{"type":"model","model":"thunderboltset:wings"}},{"threshold":10098,"model":{"type":"model","model":"valerieset:chest"}},{"threshold":10099,"model":{"type":"model","model":"valerieset:chest_opening"}},{"threshold":10100,"model":{"type":"model","model":"valerieset:key"}},{"threshold":10101,"model":{"type":"model","model":"valerieset:wings"}},{"threshold":10102,"model":{"type":"model","model":"nexusset:chest"}},{"threshold":10103,"model":{"type":"model","model":"nexusset:chest_opening"}},{"threshold":10104,"model":{"type":"model","model":"nexusset:helmet"}},{"threshold":10105,"model":{"type":"model","model":"nexusset:key"}},{"threshold":10106,"model":{"type":"model","model":"nexusset:wings"}},{"threshold":10107,"model":{"type":"model","model":"fairyset:key"}},{"threshold":10108,"model":{"type":"model","model":"fairyset:wings"}},{"threshold":10109,"model":{"type":"model","model":"fairyset:helmet"}},{"threshold":10110,"model":{"type":"model","model":"item/paper"}}]}}