{"model":{"type":"range_dispatch","property":"custom_model_data","index":0,"fallback":{"tints":[{"type":"potion","default":-13083194}],"model":"item/potion","type":"model"},"entries":[{"threshold":2000001,"model":{"tints":[{"type":"potion","default":-13083194}],"model":"fairyset:wings_cosmeticscore","type":"model"}},{"threshold":2000002,"model":{"tints":[{"type":"potion","default":-13083194}],"model":"fairyset:wings_cosmeticscore_self","type":"model"}},{"threshold":2000003,"model":{"tints":[{"type":"potion","default":-13083194}],"model":"fairyset:helmet","type":"model"}},{"threshold":2400001,"model":{"tints":[{"type":"potion","default":-13083194}],"model":"summerset:wings_cosmeticscore","type":"model"}},{"threshold":2400002,"model":{"tints":[{"type":"potion","default":-13083194}],"model":"summerset:wings_cosmeticscore_self","type":"model"}},{"threshold":2400003,"model":{"tints":[{"type":"potion","default":-13083194}],"model":"summerset:mask","type":"model"}},{"threshold":2800001,"model":{"tints":[{"type":"potion","default":-13083194}],"model":"mysticcyanset:wings_cosmeticscore","type":"model"}},{"threshold":2800002,"model":{"tints":[{"type":"potion","default":-13083194}],"model":"mysticcyanset:wings_cosmeticscore_self","type":"model"}},{"threshold":2800003,"model":{"tints":[{"type":"potion","default":-13083194}],"model":"mysticcyanset:helmet","type":"model"}},{"threshold":2800004,"model":{"tints":[{"type":"potion","default":-13083194}],"model":"mysticcyanset:backpack_cosmeticscore","type":"model"}},{"threshold":2800005,"model":{"tints":[{"type":"potion","default":-13083194}],"model":"mysticcyanset:backpack_cosmeticscore_self","type":"model"}},{"threshold":2800006,"model":{"tints":[{"type":"potion","default":-13083194}],"model":"item/potion","type":"model"}}]}}