{"credit":"Made by PolygonMC","texture_size":[40,40],"textures":{"0":"mysticcyanset:chest","1":"mysticcyanset:animations/animations_4","particle":"mysticcyanset:chest"},"elements":[{"from":[2.5,3.64082,4],"to":[13.5,7.89082,12],"rotation":{"angle":0,"axis":"y","origin":[2.5,3.39082,4]},"faces":{"north":{"uv":[4,8,8.4,9.7],"texture":"#0"},"east":{"uv":[0,8.4,3.2,10.1],"texture":"#0"},"south":{"uv":[8.4,8,12.8,9.7],"texture":"#0"},"west":{"uv":[3.2,10,6.4,11.7],"texture":"#0"},"up":{"uv":[4.4,3.2,0,0],"texture":"#0"},"down":{"uv":[4.4,3.2,0,6.4],"texture":"#0"}}},{"from":[2,3.39082,3.5],"to":[3,4.39082,4.5],"rotation":{"angle":0,"axis":"y","origin":[2,3.39082,3.5]},"faces":{"north":{"uv":[7.6,13.6,8,14],"texture":"#0"},"east":{"uv":[13.6,8,14,8.4],"texture":"#0"},"south":{"uv":[13.6,8.4,14,8.8],"texture":"#0"},"west":{"uv":[13.6,8.8,14,9.2],"texture":"#0"},"up":{"uv":[14,9.6,13.6,9.2],"texture":"#0"},"down":{"uv":[14,9.6,13.6,10],"texture":"#0"}}},{"from":[2.1,4.39082,3.6],"to":[3,7.39082,4.5],"rotation":{"angle":0,"axis":"y","origin":[2,4.39082,3.5]},"faces":{"north":{"uv":[10.8,12.4,11.2,13.6],"texture":"#0"},"east":{"uv":[11.2,12.4,11.6,13.6],"texture":"#0"},"south":{"uv":[11.6,12.4,12,13.6],"texture":"#0"},"west":{"uv":[12,12.4,12.4,13.6],"texture":"#0"}}},{"from":[2,7.39082,3.5],"to":[3,8.39082,4.5],"rotation":{"angle":0,"axis":"y","origin":[2,7.39082,3.5]},"faces":{"north":{"uv":[10.8,13.6,11.2,14],"texture":"#0"},"east":{"uv":[11.2,13.6,11.6,14],"texture":"#0"},"south":{"uv":[11.6,13.6,12,14],"texture":"#0"},"west":{"uv":[12,13.6,12.4,14],"texture":"#0"},"up":{"uv":[12.8,14,12.4,13.6],"texture":"#0"},"down":{"uv":[14,12.4,13.6,12.8],"texture":"#0"}}},{"from":[3,7.39082,3.6],"to":[13,8.29082,4.5],"rotation":{"angle":0,"axis":"z","origin":[11.5,7.84082,4.05]},"faces":{"north":{"uv":[6.4,11.6,10.4,12],"texture":"#0"},"south":{"uv":[10.4,11.6,14.4,12],"texture":"#0"},"up":{"uv":[4,12.4,0,12],"texture":"#0"},"down":{"uv":[8,12,4,12.4],"texture":"#0"}}},{"from":[2.1,7.39082,4.5],"to":[3,8.29082,11.5],"rotation":{"angle":0,"axis":"x","origin":[2.55,7.84082,6]},"faces":{"east":{"uv":[0,11.2,2.8,11.6],"texture":"#0"},"west":{"uv":[0,11.6,2.8,12],"texture":"#0"},"up":{"uv":[8.4,15.2,8,12.4],"texture":"#0"},"down":{"uv":[8.8,12.4,8.4,15.2],"texture":"#0"}}},{"from":[3,3.39082,3.5],"to":[6,4.39082,4.5],"rotation":{"angle":0,"axis":"z","origin":[4.5,3.84082,4.05]},"faces":{"north":{"uv":[12.4,12.4,13.6,12.8],"texture":"#0"},"south":{"uv":[0,12.8,1.2,13.2],"texture":"#0"},"up":{"uv":[2.4,13.2,1.2,12.8],"texture":"#0"},"down":{"uv":[3.6,12.8,2.4,13.2],"texture":"#0"}}},{"from":[6,3.39082,3.5],"to":[6.75,4.89082,4.5],"rotation":{"angle":0,"axis":"z","origin":[7.5,3.84082,4.05]},"faces":{"north":{"uv":[5.6,13.6,5.9,14.2],"texture":"#0"},"east":{"uv":[3.2,13.2,3.6,13.8],"texture":"#0"},"south":{"uv":[6,13.6,6.3,14.2],"texture":"#0"},"west":{"uv":[3.6,13.6,4,14.2],"texture":"#0"},"up":{"uv":[13.1,14,12.8,13.6],"texture":"#0"},"down":{"uv":[13.5,13.6,13.2,14],"texture":"#0"}}},{"from":[2,3.39082,4.5],"to":[3,4.39082,6.5],"rotation":{"angle":0,"axis":"y","origin":[2.55,3.96582,6.9375]},"faces":{"east":{"uv":[12.8,9.6,13.6,10],"texture":"#0"},"west":{"uv":[0.8,13.2,1.6,13.6],"texture":"#0"},"up":{"uv":[3.2,12,2.8,11.2],"texture":"#0"},"down":{"uv":[8,12.8,7.6,13.6],"texture":"#0"}}},{"from":[2,3.39082,6.5],"to":[3,4.89082,7.25],"rotation":{"angle":0,"axis":"y","origin":[2.55,3.96582,5.9375]},"faces":{"north":{"uv":[4,13.6,4.4,14.2],"texture":"#0"},"east":{"uv":[6.4,13.6,6.7,14.2],"texture":"#0"},"south":{"uv":[4.4,13.6,4.8,14.2],"texture":"#0"},"west":{"uv":[6.8,13.6,7.1,14.2],"texture":"#0"},"up":{"uv":[14,13.9,13.6,13.6],"texture":"#0"},"down":{"uv":[0.4,14,0,14.3],"texture":"#0"}}},{"from":[7,7.39082,3],"to":[9,9.39082,4],"rotation":{"angle":-45,"axis":"z","origin":[8,8.39082,3.5]},"faces":{"north":{"uv":[3.2,8.4,4,9.2],"texture":"#0"},"east":{"uv":[1.6,13.2,2,14],"texture":"#0"},"south":{"uv":[3.2,9.2,4,10],"texture":"#0"},"west":{"uv":[2,13.2,2.4,14],"texture":"#0"},"up":{"uv":[3.2,13.6,2.4,13.2],"texture":"#0"},"down":{"uv":[14,12.8,13.2,13.2],"texture":"#0"}}},{"from":[9.25,3.39082,3.5],"to":[10,4.89082,4.5],"rotation":{"angle":0,"axis":"z","origin":[8.5,3.84082,4.05]},"faces":{"north":{"uv":[5.9,13.6,5.6,14.2],"texture":"#0"},"east":{"uv":[4,13.6,3.6,14.2],"texture":"#0"},"south":{"uv":[6.3,13.6,6,14.2],"texture":"#0"},"west":{"uv":[3.6,13.2,3.2,13.8],"texture":"#0"},"up":{"uv":[12.8,14,13.1,13.6],"texture":"#0"},"down":{"uv":[13.2,13.6,13.5,14],"texture":"#0"}}},{"from":[10,3.39082,3.5],"to":[13,4.39082,4.5],"rotation":{"angle":0,"axis":"z","origin":[11.5,3.84082,4.05]},"faces":{"north":{"uv":[13.6,12.4,12.4,12.8],"texture":"#0"},"south":{"uv":[1.2,12.8,0,13.2],"texture":"#0"},"up":{"uv":[1.2,13.2,2.4,12.8],"texture":"#0"},"down":{"uv":[2.4,12.8,3.6,13.2],"texture":"#0"}}},{"from":[13,3.39082,3.5],"to":[14,4.39082,4.5],"rotation":{"angle":0,"axis":"y","origin":[14,3.39082,3.5]},"faces":{"north":{"uv":[8,13.6,7.6,14],"texture":"#0"},"east":{"uv":[14,8.8,13.6,9.2],"texture":"#0"},"south":{"uv":[14,8.4,13.6,8.8],"texture":"#0"},"west":{"uv":[14,8,13.6,8.4],"texture":"#0"},"up":{"uv":[13.6,9.6,14,9.2],"texture":"#0"},"down":{"uv":[13.6,9.6,14,10],"texture":"#0"}}},{"from":[13,3.39082,4.5],"to":[14,4.39082,6.5],"rotation":{"angle":0,"axis":"y","origin":[13.45,3.96582,6.9375]},"faces":{"east":{"uv":[1.6,13.2,0.8,13.6],"texture":"#0"},"west":{"uv":[13.6,9.6,12.8,10],"texture":"#0"},"up":{"uv":[2.8,12,3.2,11.2],"texture":"#0"},"down":{"uv":[7.6,12.8,8,13.6],"texture":"#0"}}},{"from":[13,3.39082,6.5],"to":[14,4.89082,7.25],"rotation":{"angle":0,"axis":"y","origin":[13.45,3.96582,5.9375]},"faces":{"north":{"uv":[4.4,13.6,4,14.2],"texture":"#0"},"east":{"uv":[7.1,13.6,6.8,14.2],"texture":"#0"},"south":{"uv":[4.8,13.6,4.4,14.2],"texture":"#0"},"west":{"uv":[6.7,13.6,6.4,14.2],"texture":"#0"},"up":{"uv":[13.6,13.9,14,13.6],"texture":"#0"},"down":{"uv":[0,14,0.4,14.3],"texture":"#0"}}},{"from":[13,4.39082,3.6],"to":[13.9,7.39082,4.5],"rotation":{"angle":0,"axis":"y","origin":[14,4.39082,3.5]},"faces":{"north":{"uv":[11.2,12.4,10.8,13.6],"texture":"#0"},"east":{"uv":[12.4,12.4,12,13.6],"texture":"#0"},"south":{"uv":[12,12.4,11.6,13.6],"texture":"#0"},"west":{"uv":[11.6,12.4,11.2,13.6],"texture":"#0"}}},{"from":[13,7.39082,3.5],"to":[14,8.39082,4.5],"rotation":{"angle":0,"axis":"y","origin":[14,7.39082,3.5]},"faces":{"north":{"uv":[11.2,13.6,10.8,14],"texture":"#0"},"east":{"uv":[12.4,13.6,12,14],"texture":"#0"},"south":{"uv":[12,13.6,11.6,14],"texture":"#0"},"west":{"uv":[11.6,13.6,11.2,14],"texture":"#0"},"up":{"uv":[12.4,14,12.8,13.6],"texture":"#0"},"down":{"uv":[13.6,12.4,14,12.8],"texture":"#0"}}},{"from":[3,7.39082,11.5],"to":[13,8.29082,12.4],"rotation":{"angle":0,"axis":"z","origin":[11.5,7.84082,11.95]},"faces":{"north":{"uv":[14.4,11.6,10.4,12],"texture":"#0"},"south":{"uv":[10.4,11.6,6.4,12],"texture":"#0"},"up":{"uv":[4,12,0,12.4],"texture":"#0"},"down":{"uv":[8,12.4,4,12],"texture":"#0"}}},{"from":[13,3.39082,8.75],"to":[14,4.89082,9.5],"rotation":{"angle":0,"axis":"y","origin":[13.45,3.96582,10.0625]},"faces":{"north":{"uv":[4.4,13.6,4.8,14.2],"texture":"#0"},"east":{"uv":[6.8,13.6,7.1,14.2],"texture":"#0"},"south":{"uv":[4,13.6,4.4,14.2],"texture":"#0"},"west":{"uv":[6.4,13.6,6.7,14.2],"texture":"#0"},"up":{"uv":[13.6,13.6,14,13.9],"texture":"#0"},"down":{"uv":[0,14.3,0.4,14],"texture":"#0"}}},{"from":[13,3.39082,9.5],"to":[14,4.39082,11.5],"rotation":{"angle":0,"axis":"y","origin":[13.45,3.96582,9.0625]},"faces":{"east":{"uv":[0.8,13.2,1.6,13.6],"texture":"#0"},"west":{"uv":[12.8,9.6,13.6,10],"texture":"#0"},"up":{"uv":[2.8,11.2,3.2,12],"texture":"#0"},"down":{"uv":[7.6,13.6,8,12.8],"texture":"#0"}}},{"from":[13,3.39082,11.5],"to":[14,4.39082,12.5],"rotation":{"angle":0,"axis":"y","origin":[14,3.39082,12.5]},"faces":{"north":{"uv":[13.6,8.4,14,8.8],"texture":"#0"},"east":{"uv":[13.6,8.8,14,9.2],"texture":"#0"},"south":{"uv":[7.6,13.6,8,14],"texture":"#0"},"west":{"uv":[13.6,8,14,8.4],"texture":"#0"},"up":{"uv":[13.6,9.2,14,9.6],"texture":"#0"},"down":{"uv":[13.6,10,14,9.6],"texture":"#0"}}},{"from":[10,3.39082,11.5],"to":[13,4.39082,12.5],"rotation":{"angle":0,"axis":"z","origin":[11.5,3.84082,11.95]},"faces":{"north":{"uv":[0,12.8,1.2,13.2],"texture":"#0"},"south":{"uv":[12.4,12.4,13.6,12.8],"texture":"#0"},"up":{"uv":[1.2,12.8,2.4,13.2],"texture":"#0"},"down":{"uv":[2.4,13.2,3.6,12.8],"texture":"#0"}}},{"from":[9.25,3.39082,11.5],"to":[10,4.89082,12.5],"rotation":{"angle":0,"axis":"z","origin":[8.5,3.84082,11.95]},"faces":{"north":{"uv":[6,13.6,6.3,14.2],"texture":"#0"},"east":{"uv":[3.6,13.6,4,14.2],"texture":"#0"},"south":{"uv":[5.6,13.6,5.9,14.2],"texture":"#0"},"west":{"uv":[3.2,13.2,3.6,13.8],"texture":"#0"},"up":{"uv":[12.8,13.6,13.1,14],"texture":"#0"},"down":{"uv":[13.2,14,13.5,13.6],"texture":"#0"}}},{"from":[6,3.39082,11.5],"to":[6.75,4.89082,12.5],"rotation":{"angle":0,"axis":"z","origin":[7.5,3.84082,11.95]},"faces":{"north":{"uv":[6.3,13.6,6,14.2],"texture":"#0"},"east":{"uv":[3.6,13.2,3.2,13.8],"texture":"#0"},"south":{"uv":[5.9,13.6,5.6,14.2],"texture":"#0"},"west":{"uv":[4,13.6,3.6,14.2],"texture":"#0"},"up":{"uv":[13.1,13.6,12.8,14],"texture":"#0"},"down":{"uv":[13.5,14,13.2,13.6],"texture":"#0"}}},{"from":[2,3.39082,8.75],"to":[3,4.89082,9.5],"rotation":{"angle":0,"axis":"y","origin":[2.55,3.96582,10.0625]},"faces":{"north":{"uv":[4.8,13.6,4.4,14.2],"texture":"#0"},"east":{"uv":[6.7,13.6,6.4,14.2],"texture":"#0"},"south":{"uv":[4.4,13.6,4,14.2],"texture":"#0"},"west":{"uv":[7.1,13.6,6.8,14.2],"texture":"#0"},"up":{"uv":[14,13.6,13.6,13.9],"texture":"#0"},"down":{"uv":[0.4,14.3,0,14],"texture":"#0"}}},{"from":[2,3.39082,9.5],"to":[3,4.39082,11.5],"rotation":{"angle":0,"axis":"y","origin":[2.55,3.96582,9.0625]},"faces":{"east":{"uv":[13.6,9.6,12.8,10],"texture":"#0"},"west":{"uv":[1.6,13.2,0.8,13.6],"texture":"#0"},"up":{"uv":[3.2,11.2,2.8,12],"texture":"#0"},"down":{"uv":[8,13.6,7.6,12.8],"texture":"#0"}}},{"from":[2,3.39082,11.5],"to":[3,4.39082,12.5],"rotation":{"angle":0,"axis":"y","origin":[2,3.39082,12.5]},"faces":{"north":{"uv":[14,8.4,13.6,8.8],"texture":"#0"},"east":{"uv":[14,8,13.6,8.4],"texture":"#0"},"south":{"uv":[8,13.6,7.6,14],"texture":"#0"},"west":{"uv":[14,8.8,13.6,9.2],"texture":"#0"},"up":{"uv":[14,9.2,13.6,9.6],"texture":"#0"},"down":{"uv":[14,10,13.6,9.6],"texture":"#0"}}},{"from":[3,3.39082,11.5],"to":[6,4.39082,12.5],"rotation":{"angle":0,"axis":"z","origin":[4.5,3.84082,11.95]},"faces":{"north":{"uv":[1.2,12.8,0,13.2],"texture":"#0"},"south":{"uv":[13.6,12.4,12.4,12.8],"texture":"#0"},"up":{"uv":[2.4,12.8,1.2,13.2],"texture":"#0"},"down":{"uv":[3.6,13.2,2.4,12.8],"texture":"#0"}}},{"from":[2.1,4.39082,11.5],"to":[3,7.39082,12.4],"rotation":{"angle":0,"axis":"y","origin":[2,4.39082,12.5]},"faces":{"north":{"uv":[12,12.4,11.6,13.6],"texture":"#0"},"east":{"uv":[11.6,12.4,11.2,13.6],"texture":"#0"},"south":{"uv":[11.2,12.4,10.8,13.6],"texture":"#0"},"west":{"uv":[12.4,12.4,12,13.6],"texture":"#0"}}},{"from":[13,4.39082,11.5],"to":[13.9,7.39082,12.4],"rotation":{"angle":0,"axis":"y","origin":[14,4.39082,12.5]},"faces":{"north":{"uv":[11.6,12.4,12,13.6],"texture":"#0"},"east":{"uv":[12,12.4,12.4,13.6],"texture":"#0"},"south":{"uv":[10.8,12.4,11.2,13.6],"texture":"#0"},"west":{"uv":[11.2,12.4,11.6,13.6],"texture":"#0"}}},{"from":[13,7.39082,11.5],"to":[14,8.39082,12.5],"rotation":{"angle":0,"axis":"y","origin":[14,7.39082,12.5]},"faces":{"north":{"uv":[11.6,13.6,12,14],"texture":"#0"},"east":{"uv":[12,13.6,12.4,14],"texture":"#0"},"south":{"uv":[10.8,13.6,11.2,14],"texture":"#0"},"west":{"uv":[11.2,13.6,11.6,14],"texture":"#0"},"up":{"uv":[12.4,13.6,12.8,14],"texture":"#0"},"down":{"uv":[13.6,12.8,14,12.4],"texture":"#0"}}},{"from":[2,7.39082,11.5],"to":[3,8.39082,12.5],"rotation":{"angle":0,"axis":"y","origin":[2,7.39082,12.5]},"faces":{"north":{"uv":[12,13.6,11.6,14],"texture":"#0"},"east":{"uv":[11.6,13.6,11.2,14],"texture":"#0"},"south":{"uv":[11.2,13.6,10.8,14],"texture":"#0"},"west":{"uv":[12.4,13.6,12,14],"texture":"#0"},"up":{"uv":[12.8,13.6,12.4,14],"texture":"#0"},"down":{"uv":[14,12.8,13.6,12.4],"texture":"#0"}}},{"from":[13,7.39082,4.5],"to":[13.9,8.29082,11.5],"rotation":{"angle":0,"axis":"x","origin":[13.45,7.84082,6]},"faces":{"east":{"uv":[2.8,11.6,0,12],"texture":"#0"},"west":{"uv":[2.8,11.2,0,11.6],"texture":"#0"},"up":{"uv":[8,15.2,8.4,12.4],"texture":"#0"},"down":{"uv":[8.4,12.4,8.8,15.2],"texture":"#0"}}},{"from":[3.4,8.29082,3.4],"to":[12.6,9.29082,4.4],"rotation":{"angle":0,"axis":"y","origin":[10.6,8.29082,3.4]},"faces":{"north":{"uv":[8,12,11.7,12.4],"texture":"#0"},"south":{"uv":[12,12,15.7,12.4],"texture":"#0"},"up":{"uv":[3.7,12.8,0,12.4],"texture":"#0"},"down":{"uv":[7.7,12.4,4,12.8],"texture":"#0"}}},{"from":[1.9,8.29082,3.4],"to":[3.4,9.79082,4.9],"rotation":{"angle":0,"axis":"y","origin":[3.4,8.29082,3.4]},"faces":{"north":{"uv":[6,12.8,6.6,13.4],"texture":"#0"},"east":{"uv":[6.8,12.8,7.4,13.4],"texture":"#0"},"south":{"uv":[12.8,8,13.4,8.6],"texture":"#0"},"west":{"uv":[12.8,8.8,13.4,9.4],"texture":"#0"},"up":{"uv":[13,13.4,12.4,12.8],"texture":"#0"},"down":{"uv":[0.6,13.2,0,13.8],"texture":"#0"}}},{"from":[1.9,8.29082,4.9],"to":[2.9,9.29082,11.1],"rotation":{"angle":0,"axis":"y","origin":[2.4,8.79082,9.5]},"faces":{"east":{"uv":[12.4,6.4,14.9,6.8],"texture":"#0"},"west":{"uv":[12.4,6.8,14.9,7.2],"texture":"#0"},"up":{"uv":[9.2,14.9,8.8,12.4],"texture":"#0"},"down":{"uv":[9.6,12.4,9.2,14.9],"texture":"#0"}}},{"from":[2.05,8.64933,5.27228],"to":[13.95,12.34933,6.27228],"rotation":{"angle":22.5,"axis":"x","origin":[13.45,13.24933,5.77228]},"faces":{"north":{"uv":[9.2,0,14,1.5],"texture":"#0"},"east":{"uv":[4,6.4,4.4,7.9],"texture":"#0"},"south":{"uv":[9.2,1.6,14,3.1],"texture":"#0"},"west":{"uv":[9.6,12.4,10,13.9],"texture":"#0"},"up":{"uv":[14.4,10.4,9.6,10],"texture":"#0"}}},{"from":[2.05,11.60918,4.9675],"to":[13.95,12.60918,11.0325],"rotation":{"angle":0,"axis":"y","origin":[2.55,12.10918,9.0675]},"faces":{"north":{"uv":[9.6,10.4,14.4,10.8],"texture":"#0"},"east":{"uv":[12.4,7.2,14.8,7.6],"texture":"#0"},"south":{"uv":[9.6,10.8,14.4,11.2],"texture":"#0"},"west":{"uv":[12.4,7.6,14.8,8],"texture":"#0"},"up":{"uv":[9.2,5.6,4.4,3.2],"texture":"#0"},"down":{"uv":[9.2,5.6,4.4,8],"texture":"#0"}}},{"from":[2.05,8.64933,9.72772],"to":[13.95,12.34933,10.72772],"rotation":{"angle":-22.5,"axis":"x","origin":[13.45,13.24933,10.22772]},"faces":{"north":{"uv":[9.2,3.2,14,4.7],"texture":"#0"},"east":{"uv":[10,12.4,10.4,13.9],"texture":"#0"},"south":{"uv":[9.2,4.8,14,6.3],"texture":"#0"},"west":{"uv":[10.4,12.4,10.8,13.9],"texture":"#0"},"up":{"uv":[14.4,11.6,9.6,11.2],"texture":"#0"}}},{"from":[2.375,8.49082,4.25],"to":[13.625,11.99082,11.75],"rotation":{"angle":0,"axis":"y","origin":[11.125,8.49082,9.5]},"faces":{"east":{"uv":[9.2,6.4,12.2,7.8],"texture":"#0"},"west":{"uv":[6.4,10,9.4,11.4],"texture":"#0"},"down":{"uv":[8.9,0,4.4,3],"texture":"#0"}}},{"from":[7,9.29082,3.4],"to":[9,11.29082,4.65],"rotation":{"angle":0,"axis":"y","origin":[7,9.29082,3.4]},"faces":{"north":{"uv":[2.4,10.4,3.2,11.2],"texture":"#0"},"east":{"uv":[3.6,12.8,4.1,13.6],"texture":"#0"},"west":{"uv":[4.4,12.8,4.9,13.6],"texture":"#0"},"up":{"uv":[6,13.3,5.2,12.8],"texture":"#0"}}},{"from":[4.25,9.69082,3.6],"to":[5,11.04082,4.5],"rotation":{"angle":0,"axis":"z","origin":[8,10.46582,4.05]},"faces":{"north":{"uv":[7.2,13.6,7.5,14.2],"texture":"#0"},"east":{"uv":[4.8,13.6,5.2,14.2],"texture":"#0"},"west":{"uv":[5.2,13.6,5.6,14.2],"texture":"#0"},"up":{"uv":[14.3,0.4,14,0],"texture":"#0"},"down":{"uv":[0.7,14,0.4,14.4],"texture":"#0"}}},{"from":[5,10.14082,3.6],"to":[7,11.04082,4.5],"rotation":{"angle":0,"axis":"z","origin":[8,10.46582,4.05]},"faces":{"north":{"uv":[13.2,13.2,14,13.6],"texture":"#0"},"up":{"uv":[1.6,14,0.8,13.6],"texture":"#0"},"down":{"uv":[3.2,13.6,2.4,14],"texture":"#0"}}},{"from":[2.55,9.39082,3],"to":[2.58,14.39082,13],"rotation":{"angle":0,"axis":"y","origin":[2.55,11.39082,4]},"faces":{"east":{"uv":[4,6.4,0,8.4],"texture":"#0"},"west":{"uv":[0,6.4,4,8.4],"texture":"#0"}}},{"from":[5,11.04082,3.85],"to":[11,13.04082,3.88],"rotation":{"angle":0,"axis":"y","origin":[12,13.04082,3.85]},"faces":{"north":{"uv":[0,10.4,2.4,11.2],"texture":"#0"},"south":{"uv":[2.4,10.4,0,11.2],"texture":"#0"}}},{"from":[13.1,8.29082,4.9],"to":[14.1,9.29082,11.1],"rotation":{"angle":0,"axis":"y","origin":[13.6,8.79082,9.5]},"faces":{"east":{"uv":[14.9,6.8,12.4,7.2],"texture":"#0"},"west":{"uv":[14.9,6.4,12.4,6.8],"texture":"#0"},"up":{"uv":[8.8,14.9,9.2,12.4],"texture":"#0"},"down":{"uv":[9.2,12.4,9.6,14.9],"texture":"#0"}}},{"from":[12.6,8.29082,3.4],"to":[14.1,9.79082,4.9],"rotation":{"angle":0,"axis":"y","origin":[12.6,8.29082,3.4]},"faces":{"north":{"uv":[6.6,12.8,6,13.4],"texture":"#0"},"east":{"uv":[13.4,8.8,12.8,9.4],"texture":"#0"},"south":{"uv":[13.4,8,12.8,8.6],"texture":"#0"},"west":{"uv":[7.4,12.8,6.8,13.4],"texture":"#0"},"up":{"uv":[12.4,13.4,13,12.8],"texture":"#0"},"down":{"uv":[0,13.2,0.6,13.8],"texture":"#0"}}},{"from":[12.6,8.29082,11.1],"to":[14.1,9.79082,12.6],"rotation":{"angle":0,"axis":"y","origin":[12.6,8.29082,12.6]},"faces":{"north":{"uv":[12.8,8,13.4,8.6],"texture":"#0"},"east":{"uv":[12.8,8.8,13.4,9.4],"texture":"#0"},"south":{"uv":[6,12.8,6.6,13.4],"texture":"#0"},"west":{"uv":[6.8,12.8,7.4,13.4],"texture":"#0"},"up":{"uv":[12.4,12.8,13,13.4],"texture":"#0"},"down":{"uv":[0,13.8,0.6,13.2],"texture":"#0"}}},{"from":[3.4,8.29082,11.6],"to":[12.6,9.29082,12.6],"rotation":{"angle":0,"axis":"y","origin":[10.6,8.29082,12.6]},"faces":{"north":{"uv":[15.7,12,12,12.4],"texture":"#0"},"south":{"uv":[11.7,12,8,12.4],"texture":"#0"},"up":{"uv":[3.7,12.4,0,12.8],"texture":"#0"},"down":{"uv":[7.7,12.8,4,12.4],"texture":"#0"}}},{"from":[1.9,8.29082,11.1],"to":[3.4,9.79082,12.6],"rotation":{"angle":0,"axis":"y","origin":[3.4,8.29082,12.6]},"faces":{"north":{"uv":[13.4,8,12.8,8.6],"texture":"#0"},"east":{"uv":[7.4,12.8,6.8,13.4],"texture":"#0"},"south":{"uv":[6.6,12.8,6,13.4],"texture":"#0"},"west":{"uv":[13.4,8.8,12.8,9.4],"texture":"#0"},"up":{"uv":[13,12.8,12.4,13.4],"texture":"#0"},"down":{"uv":[0.6,13.8,0,13.2],"texture":"#0"}}},{"from":[11,9.69082,3.6],"to":[11.75,11.04082,4.5],"rotation":{"angle":0,"axis":"z","origin":[8,10.46582,4.05]},"faces":{"north":{"uv":[7.5,13.6,7.2,14.2],"texture":"#0"},"east":{"uv":[5.6,13.6,5.2,14.2],"texture":"#0"},"west":{"uv":[5.2,13.6,4.8,14.2],"texture":"#0"},"up":{"uv":[14,0.4,14.3,0],"texture":"#0"},"down":{"uv":[0.4,14,0.7,14.4],"texture":"#0"}}},{"from":[9,10.14082,3.6],"to":[11,11.04082,4.5],"rotation":{"angle":0,"axis":"z","origin":[8,10.46582,4.05]},"faces":{"north":{"uv":[14,13.2,13.2,13.6],"texture":"#0"},"up":{"uv":[0.8,14,1.6,13.6],"texture":"#0"},"down":{"uv":[2.4,13.6,3.2,14],"texture":"#0"}}},{"from":[13.42,9.39082,3],"to":[13.45,14.39082,13],"rotation":{"angle":0,"axis":"y","origin":[13.45,11.39082,4]},"faces":{"east":{"uv":[4,6.4,0,8.4],"texture":"#0"},"west":{"uv":[0,6.4,4,8.4],"texture":"#0"}}},{"from":[8,6.25,2.75],"to":[11,9.25,2.78],"rotation":{"angle":45,"axis":"z","origin":[8,6.25,2.75]},"faces":{"north":{"uv":[0,0,12,12],"texture":"#1"},"south":{"uv":[12,0,0,12],"texture":"#1"}}}],"gui_light":"front","display":{"thirdperson_righthand":{"rotation":[65.25,0,0],"translation":[0,3.75,2.25],"scale":[0.73633,0.73633,0.73633]},"thirdperson_lefthand":{"rotation":[65.25,0,0],"translation":[0,3.75,2.25],"scale":[0.73633,0.73633,0.73633]},"firstperson_righthand":{"rotation":[161.75,0,-180],"translation":[0,3,0],"scale":[0.66406,0.66406,0.66406]},"firstperson_lefthand":{"rotation":[161.75,0,-180],"translation":[0,3,0],"scale":[0.66406,0.66406,0.66406]},"ground":{"translation":[0,8,0]},"gui":{"rotation":[0,135,0],"translation":[0,-0.75,0],"scale":[1.11914,1.11914,1.11914]},"head":{"rotation":[0,180,0],"translation":[0,-32,0],"scale":[2.44531,2.44531,2.44531]},"fixed":{"rotation":[-90,0,0],"translation":[0,0,-16.25],"scale":[3.54883,3.54883,3.54883]}}}