{"model":{"type":"range_dispatch","property":"custom_model_data","index":0,"fallback":{"on_false":{"property":"charge_type","type":"select","cases":[{"model":{"type":"model","model":"item/crossbow_arrow"},"when":"arrow"},{"model":{"type":"model","model":"item/crossbow_firework"},"when":"rocket"}],"fallback":{"type":"model","model":"item/crossbow"}},"on_true":{"type":"range_dispatch","property":"crossbow/pull","fallback":{"model":"item/crossbow_pulling_0","type":"model"},"entries":[{"model":{"type":"model","model":"item/crossbow_pulling_1"},"threshold":0.58},{"model":{"type":"model","model":"item/crossbow_pulling_2"},"threshold":1}]},"property":"using_item","type":"condition"},"entries":[{"threshold":10000,"model":{"on_false":{"property":"charge_type","type":"select","cases":[{"model":{"type":"model","model":"item/crossbow_arrow"},"when":"arrow"},{"model":{"type":"model","model":"item/crossbow_firework"},"when":"rocket"}],"fallback":{"type":"model","model":"item/crossbow"},"model":"summerset:crossbow_firework"},"on_true":{"type":"range_dispatch","property":"crossbow/pull","fallback":{"model":"summerset:crossbow_firework","type":"model"},"entries":[{"threshold":0.58,"model":{"type":"model","model":"summerset:crossbow_1"}},{"threshold":1.0,"model":{"type":"model","model":"summerset:crossbow_2"}}]},"property":"using_item","type":"condition"}},{"threshold":10001,"model":{"on_false":{"property":"charge_type","type":"select","cases":[{"model":{"type":"model","model":"item/crossbow_arrow"},"when":"arrow"},{"model":{"type":"model","model":"item/crossbow_firework"},"when":"rocket"}],"fallback":{"type":"model","model":"item/crossbow"},"model":"saintpatricksset:crossbow_firework"},"on_true":{"type":"range_dispatch","property":"crossbow/pull","fallback":{"model":"saintpatricksset:crossbow_firework","type":"model"},"entries":[{"threshold":0.58,"model":{"type":"model","model":"saintpatricksset:crossbow_1"}},{"threshold":1.0,"model":{"type":"model","model":"saintpatricksset:crossbow_2"}}]},"property":"using_item","type":"condition"}},{"threshold":10002,"model":{"on_false":{"property":"charge_type","type":"select","cases":[{"model":{"type":"model","model":"item/crossbow_arrow"},"when":"arrow"},{"model":{"type":"model","model":"item/crossbow_firework"},"when":"rocket"}],"fallback":{"type":"model","model":"item/crossbow"},"model":"malikaset:crossbow_firework"},"on_true":{"type":"range_dispatch","property":"crossbow/pull","fallback":{"model":"malikaset:crossbow_firework","type":"model"},"entries":[{"threshold":0.58,"model":{"type":"model","model":"malikaset:crossbow_1"}},{"threshold":1.0,"model":{"type":"model","model":"malikaset:crossbow_2"}}]},"property":"using_item","type":"condition"}},{"threshold":10003,"model":{"on_false":{"property":"charge_type","type":"select","cases":[{"model":{"type":"model","model":"item/crossbow_arrow"},"when":"arrow"},{"model":{"type":"model","model":"item/crossbow_firework"},"when":"rocket"}],"fallback":{"type":"model","model":"item/crossbow"},"model":"mysticcyanset:crossbow_firework"},"on_true":{"type":"range_dispatch","property":"crossbow/pull","fallback":{"model":"mysticcyanset:crossbow_firework","type":"model"},"entries":[{"threshold":0.58,"model":{"type":"model","model":"mysticcyanset:crossbow_1"}},{"threshold":1.0,"model":{"type":"model","model":"mysticcyanset:crossbow_2"}}]},"property":"using_item","type":"condition"}},{"threshold":10004,"model":{"on_false":{"property":"charge_type","type":"select","cases":[{"model":{"type":"model","model":"item/crossbow_arrow"},"when":"arrow"},{"model":{"type":"model","model":"item/crossbow_firework"},"when":"rocket"}],"fallback":{"type":"model","model":"item/crossbow"},"model":"xmasset:crossbow_firework"},"on_true":{"type":"range_dispatch","property":"crossbow/pull","fallback":{"model":"xmasset:crossbow_firework","type":"model"},"entries":[{"threshold":0.58,"model":{"type":"model","model":"xmasset:crossbow_1"}},{"threshold":1.0,"model":{"type":"model","model":"xmasset:crossbow_2"}}]},"property":"using_item","type":"condition"}},{"threshold":10006,"model":{"on_false":{"property":"charge_type","type":"select","cases":[{"model":{"type":"model","model":"item/crossbow_arrow"},"when":"arrow"},{"model":{"type":"model","model":"item/crossbow_firework"},"when":"rocket"}],"fallback":{"type":"model","model":"item/crossbow"},"model":"noraset:crossbow_firework"},"on_true":{"type":"range_dispatch","property":"crossbow/pull","fallback":{"model":"noraset:crossbow_firework","type":"model"},"entries":[{"threshold":0.58,"model":{"type":"model","model":"noraset:crossbow_1"}},{"threshold":1.0,"model":{"type":"model","model":"noraset:crossbow_2"}}]},"property":"using_item","type":"condition"}},{"threshold":10007,"model":{"on_false":{"property":"charge_type","type":"select","cases":[{"model":{"type":"model","model":"item/crossbow_arrow"},"when":"arrow"},{"model":{"type":"model","model":"item/crossbow_firework"},"when":"rocket"}],"fallback":{"type":"model","model":"item/crossbow"},"model":"valerieset:crossbow_firework"},"on_true":{"type":"range_dispatch","property":"crossbow/pull","fallback":{"model":"valerieset:crossbow_firework","type":"model"},"entries":[{"threshold":0.58,"model":{"type":"model","model":"valerieset:crossbow_1"}},{"threshold":1.0,"model":{"type":"model","model":"valerieset:crossbow_2"}}]},"property":"using_item","type":"condition"}},{"threshold":10008,"model":{"on_false":{"property":"charge_type","type":"select","cases":[{"model":{"type":"model","model":"item/crossbow_arrow"},"when":"arrow"},{"model":{"type":"model","model":"item/crossbow_firework"},"when":"rocket"}],"fallback":{"type":"model","model":"item/crossbow"},"model":"nexusset:crossbow_firework"},"on_true":{"type":"range_dispatch","property":"crossbow/pull","fallback":{"model":"nexusset:crossbow_firework","type":"model"},"entries":[{"threshold":0.58,"model":{"type":"model","model":"nexusset:crossbow_1"}},{"threshold":1.0,"model":{"type":"model","model":"nexusset:crossbow_2"}}]},"property":"using_item","type":"condition"}},{"threshold":10009,"model":{"on_false":{"property":"charge_type","type":"select","cases":[{"model":{"type":"model","model":"item/crossbow_arrow"},"when":"arrow"},{"model":{"type":"model","model":"item/crossbow_firework"},"when":"rocket"}],"fallback":{"type":"model","model":"item/crossbow"},"model":"fairyset:crossbow_firework"},"on_true":{"type":"range_dispatch","property":"crossbow/pull","fallback":{"model":"fairyset:crossbow_firework","type":"model"},"entries":[{"threshold":0.58,"model":{"type":"model","model":"fairyset:crossbow_1"}},{"threshold":1.0,"model":{"type":"model","model":"fairyset:crossbow_2"}}]},"property":"using_item","type":"condition"}},{"threshold":10010,"model":{"on_false":{"property":"charge_type","type":"select","cases":[{"model":{"type":"model","model":"item/crossbow_arrow"},"when":"arrow"},{"model":{"type":"model","model":"item/crossbow_firework"},"when":"rocket"}],"fallback":{"type":"model","model":"item/crossbow"},"model":"item/crossbow"},"on_true":{"type":"range_dispatch","property":"crossbow/pull","fallback":{"model":"item/crossbow","type":"model"},"entries":[]},"property":"using_item","type":"condition"}}]}}