{"model":{"type":"range_dispatch","property":"custom_model_data","index":0,"fallback":{"type":"model","model":"item/iron_shovel"},"entries":[{"threshold":10001,"model":{"type":"model","model":"vampireset:shovel"}},{"threshold":10002,"model":{"type":"model","model":"malikaset:shovel"}},{"threshold":10003,"model":{"type":"model","model":"xmasset:shovel"}},{"threshold":10004,"model":{"type":"model","model":"noraset:shovel"}},{"threshold":10005,"model":{"type":"model","model":"discordnitroset:shovel"}},{"threshold":10006,"model":{"type":"model","model":"item/iron_shovel"}}]}}