{"model":{"type":"range_dispatch","property":"custom_model_data","index":0,"fallback":{"type":"model","model":"item/iron_pickaxe"},"entries":[{"threshold":10001,"model":{"type":"model","model":"vampireset:pickaxe"}},{"threshold":10002,"model":{"type":"model","model":"malikaset:pickaxe"}},{"threshold":10003,"model":{"type":"model","model":"xmasset:pickaxe"}},{"threshold":10004,"model":{"type":"model","model":"noraset:pickaxe"}},{"threshold":10005,"model":{"type":"model","model":"discordnitroset:pickaxe"}},{"threshold":10006,"model":{"type":"model","model":"item/iron_pickaxe"}}]}}