{"model":{"type":"range_dispatch","property":"custom_model_data","index":0,"fallback":{"type":"model","model":"item/iron_sword"},"entries":[{"threshold":10000,"model":{"type":"model","model":"summerset:trident"}},{"threshold":10008,"model":{"type":"model","model":"vampireset:sword"}},{"threshold":10009,"model":{"type":"model","model":"malikaset:hammer"}},{"threshold":10010,"model":{"type":"model","model":"malikaset:spear"}},{"threshold":10011,"model":{"type":"model","model":"malikaset:sword"}},{"threshold":10012,"model":{"type":"model","model":"malikaset:scythe"}},{"threshold":10013,"model":{"type":"model","model":"malikaset:staff"}},{"threshold":10014,"model":{"type":"model","model":"malikaset:greatsword"}},{"threshold":10015,"model":{"type":"model","model":"malikaset:trident"}},{"threshold":10016,"model":{"type":"model","model":"xmasset:hammer"}},{"threshold":10017,"model":{"type":"model","model":"xmasset:spear"}},{"threshold":10018,"model":{"type":"model","model":"xmasset:sword"}},{"threshold":10019,"model":{"type":"model","model":"xmasset:scythe"}},{"threshold":10020,"model":{"type":"model","model":"xmasset:staff"}},{"threshold":10021,"model":{"type":"model","model":"xmasset:greatsword"}},{"threshold":10022,"model":{"type":"model","model":"xmasset:trident"}},{"threshold":10023,"model":{"type":"model","model":"summerset:spear"}},{"threshold":10024,"model":{"type":"model","model":"summerset:staff"}},{"threshold":10025,"model":{"type":"model","model":"noraset:hammer"}},{"threshold":10026,"model":{"type":"model","model":"noraset:scythe"}},{"threshold":10027,"model":{"type":"model","model":"noraset:spear"}},{"threshold":10028,"model":{"type":"model","model":"noraset:trident"}},{"threshold":10029,"model":{"type":"model","model":"noraset:staff"}},{"threshold":10030,"model":{"type":"model","model":"noraset:greatsword"}},{"threshold":10031,"model":{"type":"model","model":"noraset:sword"}},{"threshold":10032,"model":{"type":"model","model":"discordnitroset:sword"}},{"threshold":10033,"model":{"type":"model","model":"item/iron_sword"}}]}}