{"model":{"type":"range_dispatch","property":"custom_model_data","index":0,"fallback":{"model":"item/netherite_hoe","type":"model"},"entries":[{"threshold":10001,"model":{"model":"summerset:hoe","type":"model"}},{"threshold":10002,"model":{"model":"vampireset:hoe","type":"model"}},{"threshold":10003,"model":{"model":"saintpatricksset:hoe","type":"model"}},{"threshold":10004,"model":{"model":"mysticcyanset:hoe","type":"model"}},{"threshold":10006,"model":{"model":"thunderboltset:hoe","type":"model"}},{"threshold":10007,"model":{"model":"discordnitroset:hoe","type":"model"}},{"threshold":10008,"model":{"model":"valerieset:hoe","type":"model"}},{"threshold":10009,"model":{"model":"nexusset:hoe","type":"model"}},{"threshold":10010,"model":{"model":"fairyset:hoe","type":"model"}},{"threshold":10011,"model":{"model":"item/netherite_hoe","type":"model"}}]}}