{"model":{"type":"range_dispatch","property":"custom_model_data","index":0,"fallback":{"type":"model","model":"block/sea_lantern"},"entries":[{"threshold":10000,"model":{"type":"model","model":"summerset:chest"}},{"threshold":10001,"model":{"type":"model","model":"mysticcyanset:chest"}},{"threshold":10002,"model":{"type":"model","model":"noraset:chest"}},{"threshold":10003,"model":{"type":"model","model":"noraset:chest_opening"}},{"threshold":10004,"model":{"type":"model","model":"fairyset:chest"}},{"threshold":10005,"model":{"type":"model","model":"fairyset:chest_opening"}},{"threshold":10006,"model":{"type":"model","model":"item/sea_lantern"}}]}}