{"model":{"type":"range_dispatch","property":"custom_model_data","index":0,"fallback":{"property":"using_item","on_true":{"base":"item/shield_blocking","type":"special","model":{"type":"shield"}},"type":"condition","on_false":{"model":{"type":"shield"},"base":"item/shield","type":"special"}},"entries":[{"threshold":10000,"model":{"property":"using_item","on_true":{"base":"item/shield_blocking","type":"model","model":"summerset:shield_blocking"},"type":"condition","on_false":{"model":"summerset:shield","base":"item/shield","type":"model"}}},{"threshold":10001,"model":{"property":"using_item","on_true":{"base":"item/shield_blocking","type":"model","model":"saintpatricksset:shield_blocking"},"type":"condition","on_false":{"model":"saintpatricksset:shield","base":"item/shield","type":"model"}}},{"threshold":10002,"model":{"property":"using_item","on_true":{"base":"item/shield_blocking","type":"model","model":"malikaset:shield_blocking"},"type":"condition","on_false":{"model":"malikaset:shield","base":"item/shield","type":"model"}}},{"threshold":10003,"model":{"property":"using_item","on_true":{"base":"item/shield_blocking","type":"model","model":"mysticcyanset:shield_blocking"},"type":"condition","on_false":{"model":"mysticcyanset:shield","base":"item/shield","type":"model"}}},{"threshold":10004,"model":{"property":"using_item","on_true":{"base":"item/shield_blocking","type":"model","model":"xmasset:shield_blocking"},"type":"condition","on_false":{"model":"xmasset:shield","base":"item/shield","type":"model"}}},{"threshold":10006,"model":{"property":"using_item","on_true":{"base":"item/shield_blocking","type":"model","model":"noraset:shield_blocking"},"type":"condition","on_false":{"model":"noraset:shield","base":"item/shield","type":"model"}}},{"threshold":10007,"model":{"property":"using_item","on_true":{"base":"item/shield_blocking","type":"model","model":"thunderboltset:shield_blocking"},"type":"condition","on_false":{"model":"thunderboltset:shield","base":"item/shield","type":"model"}}},{"threshold":10008,"model":{"property":"using_item","on_true":{"base":"item/shield_blocking","type":"model","model":"valerieset:shield_blocking"},"type":"condition","on_false":{"model":"valerieset:shield","base":"item/shield","type":"model"}}},{"threshold":10009,"model":{"property":"using_item","on_true":{"base":"item/shield_blocking","type":"model","model":"nexusset:shield_blocking"},"type":"condition","on_false":{"model":"nexusset:shield","base":"item/shield","type":"model"}}},{"threshold":10010,"model":{"property":"using_item","on_true":{"base":"item/shield_blocking","type":"model","model":"fairyset:shield_blocking"},"type":"condition","on_false":{"model":"fairyset:shield","base":"item/shield","type":"model"}}},{"threshold":10011,"model":{"property":"using_item","on_true":{"base":"item/shield_blocking","type":"special","model":{"type":"shield"}},"type":"condition","on_false":{"model":"item/shield","base":"item/shield","type":"model"}}}]}}