{"credit":"Made by PolygonMC","texture_size":[24,24],"textures":{"1":"mysticcyanset:animations/animations_scythe","5":"mysticcyanset:bow","particle":"mysticcyanset:bow"},"elements":[{"from":[7.25,5,7.25],"to":[8.75,5.5,8.75],"rotation":{"angle":0,"axis":"y","origin":[7.5,5,8.5]},"faces":{"north":{"uv":[12.66667,5.33333,13.66667,5.66667],"texture":"#5"},"east":{"uv":[7.33333,12.66667,8.33333,13],"texture":"#5"},"south":{"uv":[8.66667,12.66667,9.66667,13],"texture":"#5"},"west":{"uv":[12.66667,8.66667,13.66667,9],"texture":"#5"},"up":{"uv":[11.66667,2.33333,10.66667,1.33333],"texture":"#5"},"down":{"uv":[9,10.66667,8,11.66667],"texture":"#5"}}},{"from":[7.25,9.25,7.25],"to":[8.75,9.75,8.75],"rotation":{"angle":0,"axis":"y","origin":[7.5,9.25,8.5]},"faces":{"north":{"uv":[10,12.66667,11,13],"texture":"#5"},"east":{"uv":[12.66667,10,13.66667,10.33333],"texture":"#5"},"south":{"uv":[12.66667,10.66667,13.66667,11],"texture":"#5"},"west":{"uv":[11.33333,12.66667,12.33333,13],"texture":"#5"},"up":{"uv":[10.33333,11.66667,9.33333,10.66667],"texture":"#5"},"down":{"uv":[11.66667,9.33333,10.66667,10.33333],"texture":"#5"}}},{"from":[7.25,10.5,7.25],"to":[8.75,11,8.75],"rotation":{"angle":0,"axis":"y","origin":[7.5,10.5,8.5]},"faces":{"north":{"uv":[12.66667,11.33333,13.66667,11.66667],"texture":"#5"},"east":{"uv":[12.66667,12,13.66667,12.33333],"texture":"#5"},"south":{"uv":[12.66667,12.66667,13.66667,13],"texture":"#5"},"west":{"uv":[0,13.33333,1,13.66667],"texture":"#5"},"up":{"uv":[11.66667,11.66667,10.66667,10.66667],"texture":"#5"},"down":{"uv":[1,11.33333,0,12.33333],"texture":"#5"}}},{"from":[7.35,5.65,7.25],"to":[8.65,6.15,8.75],"rotation":{"angle":22.5,"axis":"x","origin":[8,5.9,8]},"faces":{"north":{"uv":[4,13.33333,4.83333,13.66667],"texture":"#5"},"east":{"uv":[13.33333,0,14.33333,0.33333],"texture":"#5"},"south":{"uv":[13.33333,4,14.16667,4.33333],"texture":"#5"},"west":{"uv":[13.33333,0.66667,14.33333,1],"texture":"#5"},"up":{"uv":[2.16667,12.33333,1.33333,11.33333],"texture":"#5"},"down":{"uv":[3.5,11.33333,2.66667,12.33333],"texture":"#5"}}},{"from":[7.35,8.25,7.25],"to":[8.65,8.75,8.75],"rotation":{"angle":22.5,"axis":"x","origin":[8,8.5,8]},"faces":{"north":{"uv":[13.33333,4.66667,14.16667,5],"texture":"#5"},"east":{"uv":[1.33333,13.33333,2.33333,13.66667],"texture":"#5"},"south":{"uv":[5.33333,13.33333,6.16667,13.66667],"texture":"#5"},"west":{"uv":[2.66667,13.33333,3.66667,13.66667],"texture":"#5"},"up":{"uv":[12.16667,3.66667,11.33333,2.66667],"texture":"#5"},"down":{"uv":[12.16667,4,11.33333,5],"texture":"#5"}}},{"from":[7.5,5.5,7.5],"to":[8.5,8.5,8.5],"rotation":{"angle":0,"axis":"y","origin":[7.5,5.5,8.5]},"faces":{"north":{"uv":[9.33333,2.66667,10,4.66667],"texture":"#5"},"east":{"uv":[6,9.33333,6.66667,11.33333],"texture":"#5"},"south":{"uv":[6.66667,9.33333,7.33333,11.33333],"texture":"#5"},"west":{"uv":[7.33333,9.33333,8,11.33333],"texture":"#5"}}},{"from":[7.4,8.5,7.4],"to":[8.6,10.5,8.6],"rotation":{"angle":0,"axis":"y","origin":[7.5,8.5,8.5]},"faces":{"north":{"uv":[10,5.33333,10.83333,6.66667],"texture":"#5"},"east":{"uv":[10,6.66667,10.83333,8],"texture":"#5"},"south":{"uv":[10,8,10.83333,9.33333],"texture":"#5"},"west":{"uv":[10.66667,0,11.5,1.33333],"texture":"#5"}}},{"from":[7.4,4,7.4],"to":[8.6,5,8.6],"rotation":{"angle":0,"axis":"y","origin":[7.25,4,7.75]},"faces":{"north":{"uv":[8,12,8.83333,12.66667],"texture":"#5"},"east":{"uv":[12,8,12.83333,8.66667],"texture":"#5"},"south":{"uv":[9.33333,12,10.16667,12.66667],"texture":"#5"},"west":{"uv":[12,9.33333,12.83333,10],"texture":"#5"}}},{"from":[7.3975,3.62678,7.45],"to":[8.6025,4.47678,8.3],"rotation":{"angle":-45,"axis":"x","origin":[7.9975,4.17678,8]},"faces":{"north":{"uv":[1.33333,12.66667,2.16667,13.16667],"texture":"#5"},"east":{"uv":[13.33333,8,13.83333,8.5],"texture":"#5"},"south":{"uv":[12.66667,1.33333,13.5,1.83333],"texture":"#5"},"west":{"uv":[8.66667,13.33333,9.16667,13.83333],"texture":"#5"},"up":{"uv":[13.5,2.5,12.66667,2],"texture":"#5"},"down":{"uv":[3.5,12.66667,2.66667,13.16667],"texture":"#5"}}},{"from":[7.4,11,7.4],"to":[8.6,12,8.6],"rotation":{"angle":0,"axis":"y","origin":[7.25,12,7.75]},"faces":{"north":{"uv":[8,12.66667,8.83333,12],"texture":"#5"},"east":{"uv":[12,8.66667,12.83333,8],"texture":"#5"},"south":{"uv":[9.33333,12.66667,10.16667,12],"texture":"#5"},"west":{"uv":[12,10,12.83333,9.33333],"texture":"#5"}}},{"from":[7.3975,11.52322,7.45],"to":[8.6025,12.37322,8.3],"rotation":{"angle":45,"axis":"x","origin":[7.9975,11.82322,8]},"faces":{"north":{"uv":[1.33333,13.16667,2.16667,12.66667],"texture":"#5"},"east":{"uv":[13.33333,8.5,13.83333,8],"texture":"#5"},"south":{"uv":[12.66667,1.83333,13.5,1.33333],"texture":"#5"},"west":{"uv":[8.66667,13.83333,9.16667,13.33333],"texture":"#5"},"up":{"uv":[3.5,13.16667,2.66667,12.66667],"texture":"#5"},"down":{"uv":[13.5,2,12.66667,2.5],"texture":"#5"}}},{"from":[7.25,11.19656,8.31981],"to":[8.75,13.19656,10.31981],"rotation":{"angle":45,"axis":"x","origin":[8,14.19906,9.64815]},"faces":{"north":{"uv":[8,9.33333,9,10.66667],"texture":"#5"},"east":{"uv":[9.33333,0,10.66667,1.33333],"texture":"#5"},"south":{"uv":[9.33333,9.33333,10.33333,10.66667],"texture":"#5"},"west":{"uv":[9.33333,1.33333,10.66667,2.66667],"texture":"#5"},"up":{"uv":[11,4,10,2.66667],"texture":"#5"},"down":{"uv":[11,4,10,5.33333],"texture":"#5"}}},{"from":[7.525,12.55185,5.72233],"to":[8.475,13.50185,7.22233],"rotation":{"angle":0,"axis":"x","origin":[8,12.73668,5.55414]},"faces":{"north":{"uv":[12,10,12.66667,10.66667],"texture":"#5"},"east":{"uv":[11.33333,5.33333,12.33333,6],"texture":"#5"},"south":{"uv":[10.66667,12,11.33333,12.66667],"texture":"#5"},"west":{"uv":[6,11.33333,7,12],"texture":"#5"},"up":{"uv":[12,7,11.33333,6],"texture":"#5"},"down":{"uv":[8,11.33333,7.33333,12.33333],"texture":"#5"}}},{"from":[7.62494,12.55768,4.85774],"to":[8.37506,13.3078,6.01694],"rotation":{"angle":-22.5,"axis":"x","origin":[8,12.73668,5.55414]},"faces":{"north":{"uv":[9.33333,13.33333,9.83333,13.83333],"texture":"#5"},"east":{"uv":[12.66667,2.66667,13.5,3.16667],"texture":"#5"},"south":{"uv":[13.33333,9.33333,13.83333,9.83333],"texture":"#5"},"west":{"uv":[12.66667,3.33333,13.5,3.83333],"texture":"#5"},"up":{"uv":[13.16667,4.83333,12.66667,4],"texture":"#5"},"down":{"uv":[13.16667,6.66667,12.66667,7.5],"texture":"#5"}}},{"from":[7.72246,11.45335,4.83252],"to":[8.27754,12.31115,5.3876],"rotation":{"angle":45,"axis":"x","origin":[8,12.73668,5.55414]},"faces":{"north":{"uv":[11.33333,13.33333,11.66667,13.83333],"texture":"#5"},"east":{"uv":[12,13.33333,12.33333,13.83333],"texture":"#5"},"south":{"uv":[12.66667,13.33333,13,13.83333],"texture":"#5"},"west":{"uv":[13.33333,13.33333,13.66667,13.83333],"texture":"#5"},"up":{"uv":[0.33333,14.33333,0,14],"texture":"#5"},"down":{"uv":[1,14,0.66667,14.33333],"texture":"#5"}}},{"from":[7.62941,15.03816,8.8197],"to":[8.3706,15.77935,10.4651],"rotation":{"angle":-45,"axis":"x","origin":[8,15.16839,9.64092]},"faces":{"north":{"uv":[10,13.33333,10.5,13.83333],"texture":"#5"},"east":{"uv":[11.33333,8.66667,12.5,9.16667],"texture":"#5"},"south":{"uv":[10.66667,13.33333,11.16667,13.83333],"texture":"#5"},"west":{"uv":[12,6,13.16667,6.5],"texture":"#5"},"up":{"uv":[7.16667,13.16667,6.66667,12],"texture":"#5"},"down":{"uv":[12.5,6.66667,12,7.83333],"texture":"#5"}}},{"from":[7.70352,15.40529,10.16856],"to":[8.29648,15.99824,11.48488],"rotation":{"angle":-22.5,"axis":"x","origin":[8,15.16839,9.64092]},"faces":{"north":{"uv":[1.33333,14,1.66667,14.33333],"texture":"#5"},"east":{"uv":[13.33333,6,14.16667,6.33333],"texture":"#5"},"south":{"uv":[14,1.33333,14.33333,1.66667],"texture":"#5"},"west":{"uv":[6.66667,13.33333,7.5,13.66667],"texture":"#5"},"up":{"uv":[13.66667,7.5,13.33333,6.66667],"texture":"#5"},"down":{"uv":[8.33333,13.33333,8,14.16667],"texture":"#5"}}},{"from":[7.525,13.20275,8.70458],"to":[8.475,14.70275,9.65458],"rotation":{"angle":22.5,"axis":"x","origin":[8,15.16839,9.64092]},"faces":{"north":{"uv":[11.33333,7.33333,12,8.33333],"texture":"#5"},"east":{"uv":[12,0,12.66667,1],"texture":"#5"},"south":{"uv":[12,1.33333,12.66667,2.33333],"texture":"#5"},"west":{"uv":[6,12,6.66667,13],"texture":"#5"},"up":{"uv":[12.66667,11.33333,12,10.66667],"texture":"#5"},"down":{"uv":[12,12,11.33333,12.66667],"texture":"#5"}}},{"from":[7.5,15.5,10.69289],"to":[8.5,16.5,11.69289],"rotation":{"angle":-45,"axis":"x","origin":[7.5,16.5,10.69289]},"faces":{"north":{"uv":[12,11.33333,12.66667,12],"texture":"#5"},"east":{"uv":[12,12,12.66667,12.66667],"texture":"#5"},"south":{"uv":[0,12.66667,0.66667,13.33333],"texture":"#5"},"west":{"uv":[12.66667,0,13.33333,0.66667],"texture":"#5"},"up":{"uv":[1.33333,13.33333,0.66667,12.66667],"texture":"#5"},"down":{"uv":[13.33333,0.66667,12.66667,1.33333],"texture":"#5"}}},{"from":[7.25,2.80344,8.31981],"to":[8.75,4.80344,10.31981],"rotation":{"angle":-45,"axis":"x","origin":[8,1.80094,9.64815]},"faces":{"north":{"uv":[8,10.66667,9,9.33333],"texture":"#5"},"east":{"uv":[9.33333,1.33333,10.66667,0],"texture":"#5"},"south":{"uv":[9.33333,10.66667,10.33333,9.33333],"texture":"#5"},"west":{"uv":[9.33333,2.66667,10.66667,1.33333],"texture":"#5"},"up":{"uv":[11,5.33333,10,4],"texture":"#5"},"down":{"uv":[11,2.66667,10,4],"texture":"#5"}}},{"from":[7.525,2.49815,5.72233],"to":[8.475,3.44815,7.22233],"rotation":{"angle":0,"axis":"x","origin":[8,3.26332,5.55414]},"faces":{"north":{"uv":[12,10.66667,12.66667,10],"texture":"#5"},"east":{"uv":[11.33333,6,12.33333,5.33333],"texture":"#5"},"south":{"uv":[10.66667,12.66667,11.33333,12],"texture":"#5"},"west":{"uv":[6,12,7,11.33333],"texture":"#5"},"up":{"uv":[8,12.33333,7.33333,11.33333],"texture":"#5"},"down":{"uv":[12,6,11.33333,7],"texture":"#5"}}},{"from":[7.62494,2.6922,4.85774],"to":[8.37506,3.44232,6.01694],"rotation":{"angle":22.5,"axis":"x","origin":[8,3.26332,5.55414]},"faces":{"north":{"uv":[9.33333,13.83333,9.83333,13.33333],"texture":"#5"},"east":{"uv":[12.66667,3.16667,13.5,2.66667],"texture":"#5"},"south":{"uv":[13.33333,9.83333,13.83333,9.33333],"texture":"#5"},"west":{"uv":[12.66667,3.83333,13.5,3.33333],"texture":"#5"},"up":{"uv":[13.16667,7.5,12.66667,6.66667],"texture":"#5"},"down":{"uv":[13.16667,4,12.66667,4.83333],"texture":"#5"}}},{"from":[7.72246,3.68885,4.83252],"to":[8.27754,4.54665,5.3876],"rotation":{"angle":-45,"axis":"x","origin":[8,3.26332,5.55414]},"faces":{"north":{"uv":[11.33333,13.83333,11.66667,13.33333],"texture":"#5"},"east":{"uv":[12,13.83333,12.33333,13.33333],"texture":"#5"},"south":{"uv":[12.66667,13.83333,13,13.33333],"texture":"#5"},"west":{"uv":[13.33333,13.83333,13.66667,13.33333],"texture":"#5"},"up":{"uv":[1,14.33333,0.66667,14],"texture":"#5"},"down":{"uv":[0.33333,14,0,14.33333],"texture":"#5"}}},{"from":[7.525,1.29725,8.70458],"to":[8.475,2.79725,9.65458],"rotation":{"angle":-22.5,"axis":"x","origin":[8,0.83161,9.64092]},"faces":{"north":{"uv":[11.33333,8.33333,12,7.33333],"texture":"#5"},"east":{"uv":[12,1,12.66667,0],"texture":"#5"},"south":{"uv":[12,2.33333,12.66667,1.33333],"texture":"#5"},"west":{"uv":[6,13,6.66667,12],"texture":"#5"},"up":{"uv":[12,12.66667,11.33333,12],"texture":"#5"},"down":{"uv":[12.66667,10.66667,12,11.33333],"texture":"#5"}}},{"from":[7.62941,0.22065,8.8197],"to":[8.3706,0.96184,10.4651],"rotation":{"angle":45,"axis":"x","origin":[8,0.83161,9.64092]},"faces":{"north":{"uv":[10,13.83333,10.5,13.33333],"texture":"#5"},"east":{"uv":[11.33333,9.16667,12.5,8.66667],"texture":"#5"},"south":{"uv":[10.66667,13.83333,11.16667,13.33333],"texture":"#5"},"west":{"uv":[12,6.5,13.16667,6],"texture":"#5"},"up":{"uv":[12.5,7.83333,12,6.66667],"texture":"#5"},"down":{"uv":[7.16667,12,6.66667,13.16667],"texture":"#5"}}},{"from":[7.70352,0.00176,10.16856],"to":[8.29648,0.59471,11.48488],"rotation":{"angle":22.5,"axis":"x","origin":[8,0.83161,9.64092]},"faces":{"north":{"uv":[1.33333,14.33333,1.66667,14],"texture":"#5"},"east":{"uv":[13.33333,6.33333,14.16667,6],"texture":"#5"},"south":{"uv":[14,1.66667,14.33333,1.33333],"texture":"#5"},"west":{"uv":[6.66667,13.66667,7.5,13.33333],"texture":"#5"},"up":{"uv":[8.33333,14.16667,8,13.33333],"texture":"#5"},"down":{"uv":[13.66667,6.66667,13.33333,7.5],"texture":"#5"}}},{"from":[7.5,-0.5,10.69289],"to":[8.5,0.5,11.69289],"rotation":{"angle":45,"axis":"x","origin":[7.5,-0.5,10.69289]},"faces":{"north":{"uv":[12,12,12.66667,11.33333],"texture":"#5"},"east":{"uv":[12,12.66667,12.66667,12],"texture":"#5"},"south":{"uv":[0,13.33333,0.66667,12.66667],"texture":"#5"},"west":{"uv":[12.66667,0.66667,13.33333,0],"texture":"#5"},"up":{"uv":[13.33333,1.33333,12.66667,0.66667],"texture":"#5"},"down":{"uv":[1.33333,12.66667,0.66667,13.33333],"texture":"#5"}}},{"from":[7.985,12,1.975],"to":[8.015,16,7.975],"rotation":{"angle":0,"axis":"y","origin":[7.985,12,0]},"faces":{"east":{"uv":[10,4.66667,6,7.33333],"texture":"#5"},"west":{"uv":[6,4.66667,10,7.33333],"texture":"#5"}}},{"from":[7.985,16.75,7.5],"to":[8.015,19.75,13.5],"rotation":{"angle":-22.5,"axis":"x","origin":[7.985,19,12]},"faces":{"east":{"uv":[10,7.33333,6,9.33333],"texture":"#5"},"west":{"uv":[6,7.33333,10,9.33333],"texture":"#5"}}},{"from":[7.985,-3.75,7.5],"to":[8.015,-0.75,13.5],"rotation":{"angle":22.5,"axis":"x","origin":[7.985,-3,12]},"faces":{"east":{"uv":[10,9.33333,6,7.33333],"texture":"#5"},"west":{"uv":[6,9.33333,10,7.33333],"texture":"#5"}}},{"from":[8,-1.5,0.25],"to":[8,5.5,8.25],"rotation":{"angle":0,"axis":"y","origin":[8,-1,0]},"faces":{"east":{"uv":[9.33333,0,4,4.66667],"texture":"#5"},"west":{"uv":[4,0,9.33333,4.66667],"texture":"#5"}}},{"from":[7.985,-0.25,11.15],"to":[8.015,16.25,17.15],"rotation":{"angle":0,"axis":"y","origin":[7.985,-0.25,11.25]},"faces":{"east":{"uv":[4,0,0,11],"texture":"#5"},"west":{"uv":[0,0,4,11],"texture":"#5"}}},{"from":[7.585,12.65,-1.15],"to":[7.585,15.65,8.85],"rotation":{"angle":-22.5,"axis":"x","origin":[6.985,20,3.5]},"faces":{"west":{"uv":[0,0,13.33333,4],"texture":"#1"}}},{"from":[7.335,16.00088,-0.08599],"to":[7.335,19.00088,9.91401],"rotation":{"angle":-45,"axis":"x","origin":[7.585,17.50088,4.91401]},"faces":{"west":{"uv":[0,0,13.33333,4],"texture":"#1"}}},{"from":[7.585,0.35,-1.15],"to":[7.585,3.35,8.85],"rotation":{"angle":22.5,"axis":"x","origin":[6.985,-4,3.5]},"faces":{"west":{"uv":[0,4,13.33333,0],"texture":"#1"}}},{"from":[7.335,-3.00088,-0.08599],"to":[7.335,-0.00088,9.91401],"rotation":{"angle":45,"axis":"x","origin":[7.585,-1.50088,4.91401]},"faces":{"west":{"uv":[0,4,13.33333,0],"texture":"#1"}}},{"from":[8.415,0.35,-1.15],"to":[8.415,3.35,8.85],"rotation":{"angle":22.5,"axis":"x","origin":[9.015,-4,3.5]},"faces":{"east":{"uv":[13.33333,4,0,0],"texture":"#1"}}},{"from":[8.665,-3.00088,-0.08599],"to":[8.665,-0.00088,9.91401],"rotation":{"angle":45,"axis":"x","origin":[8.415,-1.50088,4.91401]},"faces":{"east":{"uv":[13.33333,4,0,0],"texture":"#1"}}},{"from":[8.415,12.65,-1.15],"to":[8.415,15.65,8.85],"rotation":{"angle":-22.5,"axis":"x","origin":[9.015,20,3.5]},"faces":{"east":{"uv":[13.33333,0,0,4],"texture":"#1"}}},{"from":[8.665,16.00088,-0.08599],"to":[8.665,19.00088,9.91401],"rotation":{"angle":-45,"axis":"x","origin":[8.415,17.50088,4.91401]},"faces":{"east":{"uv":[13.33333,0,0,4],"texture":"#1"}}}],"gui_light":"front","display":{"thirdperson_righthand":{"translation":[0,-2,1]},"thirdperson_lefthand":{"translation":[0,-2,1]},"firstperson_righthand":{"translation":[1,4.25,0]},"firstperson_lefthand":{"translation":[1,4.25,0]},"ground":{"rotation":[45,0,0],"translation":[0,12,0]},"gui":{"rotation":[90,45,90],"translation":[-1.25,1.25,0],"scale":[0.74805,0.74805,0.74805]},"head":{"rotation":[90,45,90]},"fixed":{"rotation":[0,-90,0],"translation":[0,0,-1.75],"scale":[2.5,2.5,2.5]}}}