{"credit":"Made by PolygonMC","texture_size":[12,12],"textures":{"0":"mysticcyanset:wings","1":"mysticcyanset:animations/animation_wings","particle":"mysticcyanset:wings"},"elements":[{"from":[5.58579,7.29289,7.25],"to":[8.58579,10.29289,8.75],"rotation":{"angle":-45,"axis":"z","origin":[6.58579,7.29289,7]},"faces":{"north":{"uv":[7,10.375,8.5,11.875],"texture":"#0"},"east":{"uv":[10,10.375,10.75,11.875],"texture":"#0"},"south":{"uv":[8.5,10.375,10,11.875],"texture":"#0"},"west":{"uv":[11,0.375,11.75,1.875],"texture":"#0"},"up":{"uv":[12.5,2.625,11,1.875],"texture":"#0"},"down":{"uv":[12.5,2.875,11,3.625],"texture":"#0"}}},{"from":[6.08579,7.79289,7],"to":[8.08579,9.79289,9],"rotation":{"angle":-45,"axis":"z","origin":[6.58579,7.29289,7]},"faces":{"north":{"uv":[11,3.875,12,4.875],"texture":"#0"},"east":{"uv":[11,4.875,12,5.875],"texture":"#0"},"south":{"uv":[11,5.875,12,6.875],"texture":"#0"},"west":{"uv":[11,6.875,12,7.875],"texture":"#0"},"up":{"uv":[12,8.875,11,7.875],"texture":"#0"},"down":{"uv":[12,8.875,11,9.875],"texture":"#0"}}},{"from":[11,6,7.5],"to":[12,10,8.5],"rotation":{"angle":0,"axis":"y","origin":[12,7,7.5]},"faces":{"north":{"uv":[11,9.875,11.5,11.875],"texture":"#0"},"east":{"uv":[11.5,9.875,12,11.875],"texture":"#0"},"south":{"uv":[12,3.875,12.5,5.875],"texture":"#0"},"west":{"uv":[12,5.875,12.5,7.875],"texture":"#0"},"up":{"uv":[10.5,12.375,10,11.875],"texture":"#0"},"down":{"uv":[12.5,9.875,12,10.375],"texture":"#0"}}},{"from":[10.5,4,7.75],"to":[13,12,7.78],"rotation":{"angle":0,"axis":"y","origin":[11.5,7,7.75]},"faces":{"north":{"uv":[5.5,10.375,6.75,14.375],"texture":"#0"},"south":{"uv":[6.75,10.375,5.5,14.375],"texture":"#0"}}},{"from":[10.29289,9.70711,7.502],"to":[11.29289,11.70711,8.498],"rotation":{"angle":45,"axis":"z","origin":[11.29289,10.70711,7.502]},"faces":{"north":{"uv":[12,7.875,12.5,8.875],"texture":"#0"},"east":{"uv":[8.5,11.875,9,12.875],"texture":"#0"},"south":{"uv":[9,11.875,9.5,12.875],"texture":"#0"},"west":{"uv":[12,8.875,12.5,9.875],"texture":"#0"},"up":{"uv":[10,12.375,9.5,11.875],"texture":"#0"}}},{"from":[10.29289,4.29289,7.502],"to":[11.29289,6.29289,8.498],"rotation":{"angle":-45,"axis":"z","origin":[11.29289,5.29289,7.502]},"faces":{"north":{"uv":[12,0.375,12.5,1.375],"texture":"#0"},"east":{"uv":[7,11.875,7.5,12.875],"texture":"#0"},"south":{"uv":[7.5,11.875,8,12.875],"texture":"#0"},"west":{"uv":[8,11.875,8.5,12.875],"texture":"#0"},"down":{"uv":[12.5,1.375,12,1.875],"texture":"#0"}}},{"from":[11,-2,8.25],"to":[32,18,8.28],"rotation":{"angle":0,"axis":"y","origin":[0,-2,8]},"faces":{"north":{"uv":[0,0,10.5,10],"texture":"#0"},"south":{"uv":[10.5,0,0,10],"texture":"#0"}}},{"from":[4,6,7.5],"to":[5,10,8.5],"rotation":{"angle":0,"axis":"y","origin":[4,7,7.5]},"faces":{"north":{"uv":[11.5,9.875,11,11.875],"texture":"#0"},"east":{"uv":[12.5,5.875,12,7.875],"texture":"#0"},"south":{"uv":[12.5,3.875,12,5.875],"texture":"#0"},"west":{"uv":[12,9.875,11.5,11.875],"texture":"#0"},"up":{"uv":[10,12.375,10.5,11.875],"texture":"#0"},"down":{"uv":[12,9.875,12.5,10.375],"texture":"#0"}}},{"from":[3,4,7.75],"to":[5.5,12,7.78],"rotation":{"angle":0,"axis":"y","origin":[4.5,7,7.75]},"faces":{"north":{"uv":[6.75,10.375,5.5,14.375],"texture":"#0"},"south":{"uv":[5.5,10.375,6.75,14.375],"texture":"#0"}}},{"from":[4.70711,9.70711,7.502],"to":[5.70711,11.70711,8.498],"rotation":{"angle":-45,"axis":"z","origin":[4.70711,10.70711,7.502]},"faces":{"north":{"uv":[12.5,7.875,12,8.875],"texture":"#0"},"east":{"uv":[12.5,8.875,12,9.875],"texture":"#0"},"south":{"uv":[9.5,11.875,9,12.875],"texture":"#0"},"west":{"uv":[9,11.875,8.5,12.875],"texture":"#0"},"up":{"uv":[9.5,12.375,10,11.875],"texture":"#0"}}},{"from":[4.70711,4.29289,7.502],"to":[5.70711,6.29289,8.498],"rotation":{"angle":45,"axis":"z","origin":[4.70711,5.29289,7.502]},"faces":{"north":{"uv":[12.5,0.375,12,1.375],"texture":"#0"},"east":{"uv":[8.5,11.875,8,12.875],"texture":"#0"},"south":{"uv":[8,11.875,7.5,12.875],"texture":"#0"},"west":{"uv":[7.5,11.875,7,12.875],"texture":"#0"},"down":{"uv":[12,1.375,12.5,1.875],"texture":"#0"}}},{"from":[-16,-2,8.25],"to":[5,18,8.28],"rotation":{"angle":0,"axis":"y","origin":[16,-2,8]},"faces":{"north":{"uv":[10.5,0,0,10],"texture":"#0"},"south":{"uv":[0,0,10.5,10],"texture":"#0"}}},{"from":[2,2,10.5],"to":[14,14,10.53],"rotation":{"angle":-45,"axis":"z","origin":[8,8,10.515]},"faces":{"north":{"uv":[0,0,6.125,6.125],"rotation":90,"texture":"#1"},"south":{"uv":[6.125,0,0,6.125],"rotation":90,"texture":"#1"}}},{"from":[2,2,10.5],"to":[14,14,10.53],"rotation":{"angle":-22.5,"axis":"z","origin":[8,8,10.515]},"faces":{"north":{"uv":[8,0,14.125,6.125],"rotation":90,"texture":"#1"},"south":{"uv":[14.125,0,8,6.125],"rotation":90,"texture":"#1"}}},{"from":[2,2,10.5],"to":[14,14,10.53],"rotation":{"angle":0,"axis":"y","origin":[8,8,10.515]},"faces":{"north":{"uv":[0,8,6.125,14.125],"rotation":90,"texture":"#1"},"south":{"uv":[6.125,8,0,14.125],"rotation":90,"texture":"#1"}}},{"from":[2,2,10.5],"to":[14,14,10.53],"rotation":{"angle":22.5,"axis":"z","origin":[8,8,10.515]},"faces":{"north":{"uv":[8,8,14.125,14.125],"rotation":90,"texture":"#1"},"south":{"uv":[14.125,8,8,14.125],"rotation":90,"texture":"#1"}}}],"gui_light":"front","display":{"thirdperson_righthand":{"rotation":[-138.75,0,-180],"translation":[0,0.75,0],"scale":[0.48633,0.48633,0.48633]},"thirdperson_lefthand":{"rotation":[67,0,0],"translation":[-5.5,-7.25,9.25]},"firstperson_righthand":{"rotation":[-15,180,0],"translation":[0.5,1.5,1],"scale":[0.69922,0.69922,0.69922]},"firstperson_lefthand":{"rotation":[-15,0,0],"translation":[0.5,1.5,1],"scale":[0,0,0]},"ground":{"rotation":[-45,0,0],"translation":[0,5.75,0]},"gui":{"rotation":[0,180,0],"scale":[0.41016,0.41016,0.41016]},"head":{"translation":[0,-12,8],"scale":[1.5,1.5,1.5]},"fixed":{"rotation":[0,180,0],"translation":[0,0,-1.75],"scale":[1.5,1.5,1.5]}}}