{"parent":"minecraft:item/handheld","textures":{"layer0":"minecraft:item/iron_shovel"},"overrides":[{"predicate":{"custom_model_data":10001},"model":"vampireset:shovel"},{"predicate":{"custom_model_data":10002},"model":"malikaset:shovel"},{"predicate":{"custom_model_data":10003},"model":"xmasset:shovel"},{"predicate":{"custom_model_data":10004},"model":"noraset:shovel"},{"predicate":{"custom_model_data":10005},"model":"discordnitroset:shovel"},{"predicate":{"custom_model_data":10006},"model":"item/iron_shovel"}]}