{"parent":"minecraft:item/handheld","textures":{"layer0":"minecraft:item/netherite_sword"},"overrides":[{"predicate":{"custom_model_data":10004},"model":"summerset:sword"},{"predicate":{"custom_model_data":10005},"model":"summerset:greatsword"},{"predicate":{"custom_model_data":10006},"model":"vampireset:sword"},{"predicate":{"custom_model_data":10007},"model":"saintpatricksset:hammer"},{"predicate":{"custom_model_data":10008},"model":"saintpatricksset:spear"},{"predicate":{"custom_model_data":10009},"model":"saintpatricksset:sword"},{"predicate":{"custom_model_data":10010},"model":"saintpatricksset:scythe"},{"predicate":{"custom_model_data":10011},"model":"saintpatricksset:staff"},{"predicate":{"custom_model_data":10012},"model":"saintpatricksset:greatsword"},{"predicate":{"custom_model_data":10013},"model":"saintpatricksset:trident"},{"predicate":{"custom_model_data":10014},"model":"mysticcyanset:greatsword"},{"predicate":{"custom_model_data":10015},"model":"mysticcyanset:hammer"},{"predicate":{"custom_model_data":10016},"model":"mysticcyanset:scythe"},{"predicate":{"custom_model_data":10017},"model":"mysticcyanset:spear"},{"predicate":{"custom_model_data":10018},"model":"mysticcyanset:staff"},{"predicate":{"custom_model_data":10019},"model":"mysticcyanset:sword"},{"predicate":{"custom_model_data":10020},"model":"mysticcyanset:trident"},{"predicate":{"custom_model_data":10028},"model":"summerset:scythe"},{"predicate":{"custom_model_data":10029},"model":"thunderboltset:hammer"},{"predicate":{"custom_model_data":10030},"model":"thunderboltset:spear"},{"predicate":{"custom_model_data":10031},"model":"thunderboltset:sword"},{"predicate":{"custom_model_data":10032},"model":"thunderboltset:scythe"},{"predicate":{"custom_model_data":10033},"model":"discordnitroset:greatsword"},{"predicate":{"custom_model_data":10034},"model":"valerieset:hammer"},{"predicate":{"custom_model_data":10035},"model":"valerieset:spear"},{"predicate":{"custom_model_data":10036},"model":"valerieset:sword"},{"predicate":{"custom_model_data":10037},"model":"valerieset:scythe"},{"predicate":{"custom_model_data":10038},"model":"valerieset:staff"},{"predicate":{"custom_model_data":10039},"model":"valerieset:greatsword"},{"predicate":{"custom_model_data":10040},"model":"valerieset:trident"},{"predicate":{"custom_model_data":10041},"model":"nexusset:hammer"},{"predicate":{"custom_model_data":10042},"model":"nexusset:spear"},{"predicate":{"custom_model_data":10043},"model":"nexusset:sword"},{"predicate":{"custom_model_data":10044},"model":"nexusset:scythe"},{"predicate":{"custom_model_data":10045},"model":"nexusset:staff"},{"predicate":{"custom_model_data":10046},"model":"nexusset:greatsword"},{"predicate":{"custom_model_data":10047},"model":"nexusset:trident"},{"predicate":{"custom_model_data":10048},"model":"fairyset:greatsword"},{"predicate":{"custom_model_data":10049},"model":"fairyset:hammer"},{"predicate":{"custom_model_data":10050},"model":"fairyset:scythe"},{"predicate":{"custom_model_data":10051},"model":"fairyset:spear"},{"predicate":{"custom_model_data":10052},"model":"fairyset:staff"},{"predicate":{"custom_model_data":10053},"model":"fairyset:sword"},{"predicate":{"custom_model_data":10054},"model":"fairyset:trident"},{"predicate":{"custom_model_data":10055},"model":"item/netherite_sword"}]}