{"parent":"minecraft:item/handheld","textures":{"layer0":"minecraft:item/netherite_pickaxe"},"overrides":[{"predicate":{"custom_model_data":10001},"model":"summerset:pickaxe"},{"predicate":{"custom_model_data":10002},"model":"vampireset:pickaxe"},{"predicate":{"custom_model_data":10003},"model":"saintpatricksset:pickaxe"},{"predicate":{"custom_model_data":10004},"model":"mysticcyanset:pickaxe"},{"predicate":{"custom_model_data":10006},"model":"thunderboltset:pickaxe"},{"predicate":{"custom_model_data":10007},"model":"discordnitroset:pickaxe"},{"predicate":{"custom_model_data":10008},"model":"valerieset:pickaxe"},{"predicate":{"custom_model_data":10009},"model":"nexusset:pickaxe"},{"predicate":{"custom_model_data":10010},"model":"fairyset:pickaxe"},{"predicate":{"custom_model_data":10011},"model":"item/netherite_pickaxe"}]}