{"parent":"minecraft:item/handheld","textures":{"layer0":"minecraft:item/netherite_shovel"},"overrides":[{"predicate":{"custom_model_data":10001},"model":"summerset:shovel"},{"predicate":{"custom_model_data":10002},"model":"vampireset:shovel"},{"predicate":{"custom_model_data":10003},"model":"saintpatricksset:shovel"},{"predicate":{"custom_model_data":10004},"model":"mysticcyanset:shovel"},{"predicate":{"custom_model_data":10006},"model":"thunderboltset:shovel"},{"predicate":{"custom_model_data":10007},"model":"discordnitroset:shovel"},{"predicate":{"custom_model_data":10008},"model":"valerieset:shovel"},{"predicate":{"custom_model_data":10009},"model":"nexusset:shovel"},{"predicate":{"custom_model_data":10010},"model":"fairyset:shovel"},{"predicate":{"custom_model_data":10011},"model":"item/netherite_shovel"}]}