{"parent":"minecraft:item/generated","textures":{"layer0":"minecraft:item/paper"},"overrides":[{"predicate":{"custom_model_data":10000},"model":"_iainternal:ia_auto_gen/icon_left_blue"},{"predicate":{"custom_model_data":10001},"model":"_iainternal:ia_auto_gen/icon_right_blue"},{"predicate":{"custom_model_data":10002},"model":"_iainternal:ia_auto_gen/icon_search"},{"predicate":{"custom_model_data":10003},"model":"_iainternal:ia_auto_gen/icon_cancel"},{"predicate":{"custom_model_data":10004},"model":"_iainternal:ia_auto_gen/icon_arrow_chest"},{"predicate":{"custom_model_data":10005},"model":"_iainternal:ia_auto_gen/icon_back_orange"},{"predicate":{"custom_model_data":10006},"model":"_iainternal:ia_auto_gen/icon_next_orange"},{"predicate":{"custom_model_data":10007},"model":"summerset:mask"},{"predicate":{"custom_model_data":10008},"model":"summerset:backpack"},{"predicate":{"custom_model_data":10009},"model":"summerset:key"},{"predicate":{"custom_model_data":10010},"model":"saintpatricksset:chest"},{"predicate":{"custom_model_data":10011},"model":"saintpatricksset:chest_opening"},{"predicate":{"custom_model_data":10012},"model":"saintpatricksset:helmet"},{"predicate":{"custom_model_data":10013},"model":"saintpatricksset:key"},{"predicate":{"custom_model_data":10014},"model":"saintpatricksset:wings"},{"predicate":{"custom_model_data":10071},"model":"malikaset:chest"},{"predicate":{"custom_model_data":10072},"model":"malikaset:chest_opening"},{"predicate":{"custom_model_data":10073},"model":"malikaset:helmet"},{"predicate":{"custom_model_data":10074},"model":"malikaset:key"},{"predicate":{"custom_model_data":10075},"model":"malikaset:wings"},{"predicate":{"custom_model_data":10076},"model":"mysticcyanset:key"},{"predicate":{"custom_model_data":10077},"model":"mysticcyanset:backpack"},{"predicate":{"custom_model_data":10078},"model":"mysticcyanset:wings"},{"predicate":{"custom_model_data":10079},"model":"mysticcyanset:helmet"},{"predicate":{"custom_model_data":10080},"model":"xmasset:chest"},{"predicate":{"custom_model_data":10081},"model":"xmasset:chest_opening"},{"predicate":{"custom_model_data":10082},"model":"xmasset:hat"},{"predicate":{"custom_model_data":10083},"model":"xmasset:key"},{"predicate":{"custom_model_data":10084},"model":"xmasset:wings"},{"predicate":{"custom_model_data":10090},"model":"noraset:helmet"},{"predicate":{"custom_model_data":10091},"model":"noraset:key"},{"predicate":{"custom_model_data":10092},"model":"noraset:wings"},{"predicate":{"custom_model_data":10093},"model":"thunderboltset:chest"},{"predicate":{"custom_model_data":10094},"model":"thunderboltset:chest_opening"},{"predicate":{"custom_model_data":10095},"model":"thunderboltset:helmet"},{"predicate":{"custom_model_data":10096},"model":"thunderboltset:key"},{"predicate":{"custom_model_data":10097},"model":"thunderboltset:wings"},{"predicate":{"custom_model_data":10098},"model":"valerieset:chest"},{"predicate":{"custom_model_data":10099},"model":"valerieset:chest_opening"},{"predicate":{"custom_model_data":10100},"model":"valerieset:key"},{"predicate":{"custom_model_data":10101},"model":"valerieset:wings"},{"predicate":{"custom_model_data":10102},"model":"nexusset:chest"},{"predicate":{"custom_model_data":10103},"model":"nexusset:chest_opening"},{"predicate":{"custom_model_data":10104},"model":"nexusset:helmet"},{"predicate":{"custom_model_data":10105},"model":"nexusset:key"},{"predicate":{"custom_model_data":10106},"model":"nexusset:wings"},{"predicate":{"custom_model_data":10107},"model":"fairyset:key"},{"predicate":{"custom_model_data":10108},"model":"fairyset:wings"},{"predicate":{"custom_model_data":10109},"model":"fairyset:helmet"},{"predicate":{"custom_model_data":10110},"model":"item/paper"}]}