{"credit":"MadebyPolygonMC","texture_size":[24,24],"textures":{"1":"malikaset:bow","2":"malikaset:animations_2","particle":"malikaset:animations_2"},"elements":[{"from":[7.4,6.83208,6.83208],"to":[8.6,8.83208,8.83208],"rotation":{"angle":45,"axis":"x","origin":[8,8,8]},"faces":{"north":{"uv":[9.33333,8.66667,10.16667,10],"texture":"#1"},"east":{"uv":[7.33333,3.33333,8.66667,4.66667],"texture":"#1"},"south":{"uv":[10,3.33333,10.83333,4.66667],"texture":"#1"},"west":{"uv":[4.66667,7.33333,6,8.66667],"texture":"#1"},"up":{"uv":[6.83333,11.33333,6,10],"texture":"#1"},"down":{"uv":[10.16667,10,9.33333,11.33333],"texture":"#1"}}},{"from":[7.15,7.08208,7.08208],"to":[8.85,8.58208,8.58208],"rotation":{"angle":45,"axis":"x","origin":[8,8,8]},"faces":{"north":{"uv":[8.66667,3.33333,9.83333,4.33333],"texture":"#1"},"east":{"uv":[10.66667,2,11.66667,3],"texture":"#1"},"south":{"uv":[9.33333,4.66667,10.5,5.66667],"texture":"#1"},"west":{"uv":[4.66667,10.66667,5.66667,11.66667],"texture":"#1"},"up":{"uv":[10.5,7,9.33333,6],"texture":"#1"},"down":{"uv":[10.5,7.33333,9.33333,8.33333],"texture":"#1"}}},{"from":[7.5,8.49796,6.634],"to":[8.5,10.49796,7.634],"rotation":{"angle":22.5,"axis":"x","origin":[8,7.96248,8]},"faces":{"north":{"uv":[8.66667,10.66667,9.33333,12],"texture":"#1"},"east":{"uv":[10.66667,8.66667,11.33333,10],"texture":"#1"},"south":{"uv":[10.66667,10,11.33333,11.33333],"texture":"#1"},"west":{"uv":[0,11.33333,0.66667,12.66667],"texture":"#1"},"down":{"uv":[12.66667,6.66667,12,7.33333],"texture":"#1"}}},{"from":[7.43,8.70971,5.56162],"to":[8.57,10.98971,6.70162],"rotation":{"angle":45,"axis":"x","origin":[8,7.96248,8]},"faces":{"north":{"uv":[8,4.66667,8.83333,6.16667],"texture":"#1"},"east":{"uv":[8,6.66667,8.83333,8.16667],"texture":"#1"},"south":{"uv":[4.66667,8.66667,5.5,10.16667],"texture":"#1"},"west":{"uv":[8,8.66667,8.83333,10.16667],"texture":"#1"},"up":{"uv":[4.16667,12.16667,3.33333,11.33333],"texture":"#1"},"down":{"uv":[12.16667,3.33333,11.33333,4.16667],"texture":"#1"}}},{"from":[7.4528,10.5987,7.21613],"to":[8.5472,12.7875,8.31053],"rotation":{"angle":0,"axis":"x","origin":[8,7.96248,8]},"faces":{"north":{"uv":[7.33333,10,8,11.5],"texture":"#1"},"east":{"uv":[10.66667,4.66667,11.33333,6.16667],"texture":"#1"},"south":{"uv":[10.66667,6.66667,11.33333,8.16667],"texture":"#1"},"west":{"uv":[8,10.66667,8.66667,12.16667],"texture":"#1"},"up":{"uv":[9.33333,12.66667,8.66667,12],"texture":"#1"},"down":{"uv":[12.66667,8.66667,12,9.33333],"texture":"#1"}}},{"from":[7.54035,12.30242,5.44073],"to":[8.45965,14.14102,6.36003],"rotation":{"angle":22.5,"axis":"x","origin":[8,7.96248,7.525]},"faces":{"north":{"uv":[0.66667,11.33333,1.33333,12.5],"texture":"#1"},"east":{"uv":[1.33333,11.33333,2,12.5],"texture":"#1"},"south":{"uv":[2,11.33333,2.66667,12.5],"texture":"#1"},"west":{"uv":[2.66667,11.33333,3.33333,12.5],"texture":"#1"},"up":{"uv":[12.66667,10,12,9.33333],"texture":"#1"}}},{"from":[7.62309,11.44096,12.45108],"to":[8.37691,12.19478,13.95872],"rotation":{"angle":-45,"axis":"x","origin":[8,7.96248,7.525]},"faces":{"east":{"uv":[4.66667,12,5.66667,12.5],"texture":"#1"},"south":{"uv":[12.66667,4,13.16667,4.5],"texture":"#1"},"west":{"uv":[12,4.66667,13,5.16667],"texture":"#1"},"up":{"uv":[12.5,6.33333,12,5.33333],"texture":"#1"},"down":{"uv":[7.83333,12,7.33333,13],"texture":"#1"}}},{"from":[7.5554,9.52124,6.97343],"to":[8.4446,10.41044,8.18183],"rotation":{"angle":-22.5,"axis":"x","origin":[8,7.96248,8]},"faces":{"north":{"uv":[10,12,10.66667,12.66667],"texture":"#1"},"east":{"uv":[11.33333,7.33333,12.16667,8],"texture":"#1"},"west":{"uv":[11.33333,8,12.16667,8.66667],"texture":"#1"},"up":{"uv":[12,9.5,11.33333,8.66667],"texture":"#1"},"down":{"uv":[10,11.33333,9.33333,12.16667],"texture":"#1"}}},{"from":[7.671,9.09683,5.57476],"to":[8.329,9.75484,6.46897],"rotation":{"angle":0,"axis":"x","origin":[8,7.96248,8]},"faces":{"north":{"uv":[4.66667,12.66667,5.16667,13.16667],"texture":"#1"},"east":{"uv":[1.33333,12.66667,2,13.16667],"texture":"#1"},"west":{"uv":[2,12.66667,2.66667,13.16667],"texture":"#1"},"up":{"uv":[13.16667,2.66667,12.66667,2],"texture":"#1"},"down":{"uv":[3.16667,12.66667,2.66667,13.33333],"texture":"#1"}}},{"from":[7.5554,10.40192,9.84259],"to":[8.4446,11.29112,11.05099],"rotation":{"angle":-22.5,"axis":"x","origin":[8,7.96248,8]},"faces":{"east":{"uv":[10,11.33333,10.83333,12],"texture":"#1"},"south":{"uv":[10.66667,12,11.33333,12.66667],"texture":"#1"},"west":{"uv":[11.33333,10,12.16667,10.66667],"texture":"#1"},"up":{"uv":[12,11.5,11.33333,10.66667],"texture":"#1"},"down":{"uv":[12.66667,2,12,2.83333],"texture":"#1"}}},{"from":[7.671,11.4602,9.53102],"to":[8.329,12.11821,10.42524],"rotation":{"angle":0,"axis":"x","origin":[8,7.96248,8]},"faces":{"east":{"uv":[12.66667,2.66667,13.33333,3.16667],"texture":"#1"},"south":{"uv":[5.33333,12.66667,5.83333,13.16667],"texture":"#1"},"west":{"uv":[3.33333,12.66667,4,13.16667],"texture":"#1"},"up":{"uv":[13.16667,4,12.66667,3.33333],"texture":"#1"},"down":{"uv":[4.5,12.66667,4,13.33333],"texture":"#1"}}},{"from":[7.5,11.75,7.825],"to":[8.5,15.75,8.825],"rotation":{"angle":22.5,"axis":"x","origin":[7.5,12.05,7.825]},"faces":{"north":{"uv":[7.33333,4.66667,8,7.33333],"texture":"#1"},"east":{"uv":[6,7.33333,6.66667,10],"texture":"#1"},"south":{"uv":[6.66667,7.33333,7.33333,10],"texture":"#1"},"west":{"uv":[7.33333,7.33333,8,10],"texture":"#1"},"up":{"uv":[12.66667,11.33333,12,10.66667],"texture":"#1"},"down":{"uv":[12,12,11.33333,12.66667],"texture":"#1"}}},{"from":[7.59,14.80191,9.84159],"to":[8.41,16.44191,10.66159],"rotation":{"angle":45,"axis":"x","origin":[8,15.82191,10.30159]},"faces":{"north":{"uv":[11.33333,4.66667,11.83333,5.83333],"texture":"#1"},"east":{"uv":[6,11.33333,6.5,12.5],"texture":"#1"},"south":{"uv":[11.33333,6,11.83333,7.16667],"texture":"#1"},"west":{"uv":[6.66667,11.33333,7.16667,12.5],"texture":"#1"},"up":{"uv":[13.16667,5.83333,12.66667,5.33333],"texture":"#1"}}},{"from":[7.672,16.21759,10.52321],"to":[8.328,16.87359,11.83521],"rotation":{"angle":-22.5,"axis":"x","origin":[8,16.52059,11.32921]},"faces":{"east":{"uv":[12,11.33333,12.83333,11.83333],"texture":"#1"},"south":{"uv":[6,12.66667,6.5,13.16667],"texture":"#1"},"west":{"uv":[12,12,12.83333,12.5],"texture":"#1"},"up":{"uv":[0.5,13.5,0,12.66667],"texture":"#1"},"down":{"uv":[1.16667,12.66667,0.66667,13.5],"texture":"#1"}}},{"from":[8,-0.5,11.5],"to":[8,16.5,18.5],"rotation":{"angle":0,"axis":"y","origin":[8,-0.5,0]},"faces":{"north":{"uv":[0,0,0,11.33333],"texture":"#1"},"east":{"uv":[4.66667,0,0,11.33333],"texture":"#1"},"south":{"uv":[0,0,0,11.33333],"texture":"#1"},"west":{"uv":[0,0,4.66667,11.33333],"texture":"#1"},"up":{"uv":[0,4.66667,0,0],"texture":"#1"},"down":{"uv":[0,0,0,4.66667],"texture":"#1"}}},{"from":[8,9.2,3.15],"to":[8,17.2,7.15],"rotation":{"angle":0,"axis":"y","origin":[8,0,0]},"faces":{"north":{"uv":[0,0,0,5.33333],"texture":"#1"},"east":{"uv":[7.33333,2,4.66667,7.33333],"texture":"#1"},"south":{"uv":[0,0,0,5.33333],"texture":"#1"},"west":{"uv":[4.66667,2,7.33333,7.33333],"texture":"#1"},"up":{"uv":[0,2.66667,0,0],"texture":"#1"},"down":{"uv":[0,0,0,2.66667],"texture":"#1"}}},{"from":[8,16.62084,7.86642],"to":[8,18.62084,12.86642],"rotation":{"angle":-45,"axis":"x","origin":[8,17.79584,11.04142]},"faces":{"north":{"uv":[0,0,0,1.33333],"texture":"#1"},"east":{"uv":[7.33333,3.33333,10.66667,2],"rotation":180,"texture":"#1"},"south":{"uv":[0,0,0,1.33333],"texture":"#1"},"west":{"uv":[7.33333,2,10.66667,3.33333],"texture":"#1"},"up":{"uv":[0,3.33333,0,0],"texture":"#1"},"down":{"uv":[0,0,0,3.33333],"texture":"#1"}}},{"from":[7.5,5.50204,6.634],"to":[8.5,7.50204,7.634],"rotation":{"angle":-22.5,"axis":"x","origin":[8,8.03752,8]},"faces":{"north":{"uv":[8.66667,12,9.33333,10.66667],"texture":"#1"},"east":{"uv":[10.66667,10,11.33333,8.66667],"texture":"#1"},"south":{"uv":[10.66667,11.33333,11.33333,10],"texture":"#1"},"west":{"uv":[0,12.66667,0.66667,11.33333],"texture":"#1"},"up":{"uv":[12.66667,7.33333,12,6.66667],"texture":"#1"}}},{"from":[7.43,5.01029,5.56162],"to":[8.57,7.29029,6.70162],"rotation":{"angle":-45,"axis":"x","origin":[8,8.03752,8]},"faces":{"north":{"uv":[8,6.16667,8.83333,4.66667],"texture":"#1"},"east":{"uv":[8,8.16667,8.83333,6.66667],"texture":"#1"},"south":{"uv":[4.66667,10.16667,5.5,8.66667],"texture":"#1"},"west":{"uv":[8,10.16667,8.83333,8.66667],"texture":"#1"},"up":{"uv":[12.16667,4.16667,11.33333,3.33333],"texture":"#1"},"down":{"uv":[4.16667,11.33333,3.33333,12.16667],"texture":"#1"}}},{"from":[7.4528,3.2125,7.21613],"to":[8.5472,5.4013,8.31053],"rotation":{"angle":0,"axis":"x","origin":[8,8.03752,8]},"faces":{"north":{"uv":[7.33333,11.5,8,10],"texture":"#1"},"east":{"uv":[10.66667,6.16667,11.33333,4.66667],"texture":"#1"},"south":{"uv":[10.66667,8.16667,11.33333,6.66667],"texture":"#1"},"west":{"uv":[8,12.16667,8.66667,10.66667],"texture":"#1"},"up":{"uv":[12.66667,9.33333,12,8.66667],"texture":"#1"},"down":{"uv":[9.33333,12,8.66667,12.66667],"texture":"#1"}}},{"from":[7.54035,1.85898,5.44073],"to":[8.45965,3.69758,6.36003],"rotation":{"angle":-22.5,"axis":"x","origin":[8,8.03752,7.525]},"faces":{"north":{"uv":[0.66667,12.5,1.33333,11.33333],"texture":"#1"},"east":{"uv":[1.33333,12.5,2,11.33333],"texture":"#1"},"south":{"uv":[2,12.5,2.66667,11.33333],"texture":"#1"},"west":{"uv":[2.66667,12.5,3.33333,11.33333],"texture":"#1"},"down":{"uv":[12.66667,9.33333,12,10],"texture":"#1"}}},{"from":[7.62309,3.80522,12.45108],"to":[8.37691,4.55904,13.95872],"rotation":{"angle":45,"axis":"x","origin":[8,8.03752,7.525]},"faces":{"east":{"uv":[4.66667,12.5,5.66667,12],"texture":"#1"},"south":{"uv":[12.66667,4.5,13.16667,4],"texture":"#1"},"west":{"uv":[12,5.16667,13,4.66667],"texture":"#1"},"up":{"uv":[7.83333,13,7.33333,12],"texture":"#1"},"down":{"uv":[12.5,5.33333,12,6.33333],"texture":"#1"}}},{"from":[7.5554,5.58956,6.97343],"to":[8.4446,6.47876,8.18183],"rotation":{"angle":22.5,"axis":"x","origin":[8,8.03752,8]},"faces":{"north":{"uv":[10,12.66667,10.66667,12],"texture":"#1"},"east":{"uv":[11.33333,8,12.16667,7.33333],"texture":"#1"},"west":{"uv":[11.33333,8.66667,12.16667,8],"texture":"#1"},"up":{"uv":[10,12.16667,9.33333,11.33333],"texture":"#1"},"down":{"uv":[12,8.66667,11.33333,9.5],"texture":"#1"}}},{"from":[7.671,6.24516,5.57476],"to":[8.329,6.90317,6.46897],"rotation":{"angle":0,"axis":"x","origin":[8,8.03752,8]},"faces":{"north":{"uv":[4.66667,13.16667,5.16667,12.66667],"texture":"#1"},"east":{"uv":[1.33333,13.16667,2,12.66667],"texture":"#1"},"west":{"uv":[2,13.16667,2.66667,12.66667],"texture":"#1"},"up":{"uv":[3.16667,13.33333,2.66667,12.66667],"texture":"#1"},"down":{"uv":[13.16667,2,12.66667,2.66667],"texture":"#1"}}},{"from":[7.5554,4.70888,9.84259],"to":[8.4446,5.59808,11.05099],"rotation":{"angle":22.5,"axis":"x","origin":[8,8.03752,8]},"faces":{"east":{"uv":[10,12,10.83333,11.33333],"texture":"#1"},"south":{"uv":[10.66667,12.66667,11.33333,12],"texture":"#1"},"west":{"uv":[11.33333,10.66667,12.16667,10],"texture":"#1"},"up":{"uv":[12.66667,2.83333,12,2],"texture":"#1"},"down":{"uv":[12,10.66667,11.33333,11.5],"texture":"#1"}}},{"from":[7.671,3.88179,9.53102],"to":[8.329,4.5398,10.42524],"rotation":{"angle":0,"axis":"x","origin":[8,8.03752,8]},"faces":{"east":{"uv":[12.66667,3.16667,13.33333,2.66667],"texture":"#1"},"south":{"uv":[5.33333,13.16667,5.83333,12.66667],"texture":"#1"},"west":{"uv":[3.33333,13.16667,4,12.66667],"texture":"#1"},"up":{"uv":[4.5,13.33333,4,12.66667],"texture":"#1"},"down":{"uv":[13.16667,3.33333,12.66667,4],"texture":"#1"}}},{"from":[7.5,0.25,7.825],"to":[8.5,4.25,8.825],"rotation":{"angle":-22.5,"axis":"x","origin":[7.5,3.95,7.825]},"faces":{"north":{"uv":[7.33333,7.33333,8,4.66667],"texture":"#1"},"east":{"uv":[6,10,6.66667,7.33333],"texture":"#1"},"south":{"uv":[6.66667,10,7.33333,7.33333],"texture":"#1"},"west":{"uv":[7.33333,10,8,7.33333],"texture":"#1"},"up":{"uv":[12,12.66667,11.33333,12],"texture":"#1"},"down":{"uv":[12.66667,10.66667,12,11.33333],"texture":"#1"}}},{"from":[7.59,-0.44191,9.84159],"to":[8.41,1.19809,10.66159],"rotation":{"angle":-45,"axis":"x","origin":[8,0.17809,10.30159]},"faces":{"north":{"uv":[11.33333,5.83333,11.83333,4.66667],"texture":"#1"},"east":{"uv":[6,12.5,6.5,11.33333],"texture":"#1"},"south":{"uv":[11.33333,7.16667,11.83333,6],"texture":"#1"},"west":{"uv":[6.66667,12.5,7.16667,11.33333],"texture":"#1"},"down":{"uv":[13.16667,5.33333,12.66667,5.83333],"texture":"#1"}}},{"from":[7.672,-0.87359,10.52321],"to":[8.328,-0.21759,11.83521],"rotation":{"angle":22.5,"axis":"x","origin":[8,-0.52059,11.32921]},"faces":{"east":{"uv":[12,11.83333,12.83333,11.33333],"texture":"#1"},"south":{"uv":[6,13.16667,6.5,12.66667],"texture":"#1"},"west":{"uv":[12,12.5,12.83333,12],"texture":"#1"},"up":{"uv":[1.16667,13.5,0.66667,12.66667],"texture":"#1"},"down":{"uv":[0.5,12.66667,0,13.5],"texture":"#1"}}},{"from":[8,-1.2,3.15],"to":[8,6.8,7.15],"rotation":{"angle":0,"axis":"y","origin":[8,16,0]},"faces":{"north":{"uv":[0,5.33333,0,0],"texture":"#1"},"east":{"uv":[7.33333,7.33333,4.66667,2],"texture":"#1"},"south":{"uv":[0,5.33333,0,0],"texture":"#1"},"west":{"uv":[4.66667,7.33333,7.33333,2],"texture":"#1"},"up":{"uv":[0,2.66667,0,0],"texture":"#1"},"down":{"uv":[0,0,0,2.66667],"texture":"#1"}}},{"from":[8,-2.62084,7.86642],"to":[8,-0.62084,12.86642],"rotation":{"angle":45,"axis":"x","origin":[8,-1.79584,11.04142]},"faces":{"north":{"uv":[0,1.33333,0,0],"texture":"#1"},"east":{"uv":[7.33333,2,10.66667,3.33333],"rotation":180,"texture":"#1"},"south":{"uv":[0,1.33333,0,0],"texture":"#1"},"west":{"uv":[7.33333,3.33333,10.66667,2],"texture":"#1"},"up":{"uv":[0,3.33333,0,0],"texture":"#1"},"down":{"uv":[0,0,0,3.33333],"texture":"#1"}}},{"from":[7.325,8,6.775],"to":[7.325,19,9.775],"rotation":{"angle":22.5,"axis":"x","origin":[6.825,13.5,8.275]},"faces":{"north":{"uv":[0,0,0,7.33333],"texture":"#2"},"south":{"uv":[0,0,0,7.33333],"texture":"#2"},"west":{"uv":[0,0,4,14.66667],"texture":"#2"},"up":{"uv":[0,2,0,0],"texture":"#2"},"down":{"uv":[0,0,0,2],"texture":"#2"}}},{"from":[7.325,-3,6.775],"to":[7.325,8,9.775],"rotation":{"angle":-22.5,"axis":"x","origin":[6.825,2.5,8.275]},"faces":{"north":{"uv":[0,7.33333,0,0],"texture":"#2"},"south":{"uv":[0,7.33333,0,0],"texture":"#2"},"west":{"uv":[0,14.66667,4,0],"texture":"#2"},"up":{"uv":[0,2,0,0],"texture":"#2"},"down":{"uv":[0,0,0,2],"texture":"#2"}}},{"from":[8.675,-3,6.775],"to":[8.675,8,9.775],"rotation":{"angle":-22.5,"axis":"x","origin":[9.175,2.5,8.275]},"faces":{"north":{"uv":[0,7.33333,0,0],"texture":"#2"},"east":{"uv":[4,14.66667,0,0],"texture":"#2"},"south":{"uv":[0,7.33333,0,0],"texture":"#2"},"up":{"uv":[0,2,0,0],"texture":"#2"},"down":{"uv":[0,0,0,2],"texture":"#2"}}},{"from":[8.675,8,6.775],"to":[8.675,19,9.775],"rotation":{"angle":22.5,"axis":"x","origin":[9.175,13.5,8.275]},"faces":{"north":{"uv":[0,0,0,7.33333],"texture":"#2"},"east":{"uv":[4,0,0,14.66667],"texture":"#2"},"south":{"uv":[0,0,0,7.33333],"texture":"#2"},"up":{"uv":[0,2,0,0],"texture":"#2"},"down":{"uv":[0,0,0,2],"texture":"#2"}}}],"gui_light":"front","display":{"thirdperson_righthand":{"translation":[0,-2,-0.25]},"thirdperson_lefthand":{"translation":[0,-2,-0.25]},"firstperson_righthand":{"translation":[-1.75,4.5,1.75]},"firstperson_lefthand":{"translation":[-1.75,4.5,1.75]},"ground":{"rotation":[40,0,0],"translation":[0,10.75,0]},"gui":{"rotation":[90,45,90],"translation":[-1.25,1.25,0],"scale":[0.9961,0.9961,0.9961]},"head":{"scale":[0,0,0]},"fixed":{"rotation":[0,-90,0],"translation":[2.75,-0.5,-2],"scale":[2.50781,2.50781,2.50781]}}}