{"credit":"MadebyPolygonMC","texture_size":[8,8],"textures":{"1":"malikaset:chest","2":"malikaset:animations_1","3":"malikaset:gems","particle":"malikaset:animations_1"},"elements":[{"from":[3.25,5.5,3.25],"to":[12.75,8.5,12.75],"rotation":{"angle":0,"axis":"y","origin":[13.25,7.5,2.75]},"faces":{"north":{"uv":[11,1,14.16667,2],"texture":"#1"},"east":{"uv":[11,1,14.16667,2],"texture":"#1"},"south":{"uv":[11,1,14.16667,2],"texture":"#1"},"west":{"uv":[11,1,14.16667,2],"texture":"#1"},"up":{"uv":[10.5,10.5,7.33333,7.33333],"texture":"#1"},"down":{"uv":[10.5,10.66667,7.33333,13.83333],"texture":"#1"}}},{"from":[10,7,2.5],"to":[12,9,13.5],"rotation":{"angle":0,"axis":"y","origin":[12,7,4.5]},"faces":{"north":{"uv":[4,12.66667,4.66667,13.33333],"texture":"#1"},"east":{"uv":[11,4,14.66667,4.66667],"texture":"#1"},"south":{"uv":[4,12.66667,4.66667,13.33333],"texture":"#1"},"west":{"uv":[11,4,14.66667,4.66667],"texture":"#1"},"up":{"uv":[14.66667,4.66667,11,4],"rotation":90,"texture":"#1"},"down":{"uv":[11,4.66667,14.66667,4],"rotation":90,"texture":"#1"}}},{"from":[12,9,2.5],"to":[12,11,13.5],"rotation":{"angle":0,"axis":"y","origin":[12,9,4.5]},"faces":{"north":{"uv":[0,0,0,0.66667],"texture":"#1"},"east":{"uv":[11,5.33333,14.66667,6],"texture":"#1"},"south":{"uv":[0,0,0,0.66667],"texture":"#1"},"west":{"uv":[14.66667,5.33333,11,6],"texture":"#1"},"up":{"uv":[0,3.66667,0,0],"texture":"#1"},"down":{"uv":[0,0,0,3.66667],"texture":"#1"}}},{"from":[5.25,9,4.5],"to":[10.75,10.5,4.5],"rotation":{"angle":0,"axis":"y","origin":[8,9,6.5]},"faces":{"north":{"uv":[3.66667,12,5.5,12.5],"texture":"#1"},"east":{"uv":[0,0,0,0.5],"texture":"#1"},"south":{"uv":[5.5,12,3.66667,12.5],"texture":"#1"},"west":{"uv":[0,0,0,0.5],"texture":"#1"},"up":{"uv":[1.83333,0,0,0],"texture":"#1"},"down":{"uv":[1.83333,0,0,0],"texture":"#1"}}},{"from":[2.75,6.5,2.75],"to":[13.25,7.5,13.25],"rotation":{"angle":0,"axis":"y","origin":[13.25,6.5,2.75]},"faces":{"north":{"uv":[11.33333,11.66667,14.83333,12],"texture":"#1"},"east":{"uv":[11.33333,11.66667,14.83333,12],"texture":"#1"},"south":{"uv":[11.33333,11.66667,14.83333,12],"texture":"#1"},"west":{"uv":[11.33333,11.66667,14.83333,12],"texture":"#1"},"up":{"uv":[7.16667,3.5,3.66667,0],"texture":"#1"},"down":{"uv":[7.16667,3.66667,3.66667,7.16667],"texture":"#1"}}},{"from":[4,7,2.5],"to":[6,9,13.5],"rotation":{"angle":0,"axis":"y","origin":[4,7,4.5]},"faces":{"north":{"uv":[4.66667,12.66667,4,13.33333],"texture":"#1"},"east":{"uv":[14.66667,4,11,4.66667],"texture":"#1"},"south":{"uv":[4.66667,12.66667,4,13.33333],"texture":"#1"},"west":{"uv":[14.66667,4,11,4.66667],"texture":"#1"},"up":{"uv":[14.66667,4,11,4.66667],"rotation":90,"texture":"#1"},"down":{"uv":[11,4,14.66667,4.66667],"rotation":90,"texture":"#1"}}},{"from":[5.25,9,11.5],"to":[10.75,10.5,11.5],"rotation":{"angle":0,"axis":"y","origin":[8,9,9.5]},"faces":{"north":{"uv":[3.66667,12,5.5,12.5],"texture":"#1"},"east":{"uv":[0,0,0,0.5],"texture":"#1"},"south":{"uv":[5.5,12,3.66667,12.5],"texture":"#1"},"west":{"uv":[0,0,0,0.5],"texture":"#1"},"up":{"uv":[1.83333,0,0,0],"texture":"#1"},"down":{"uv":[1.83333,0,0,0],"texture":"#1"}}},{"from":[4,9,2.5],"to":[4,11,13.5],"rotation":{"angle":0,"axis":"y","origin":[4,9,4.5]},"faces":{"north":{"uv":[0,0,0,0.66667],"texture":"#1"},"east":{"uv":[11,5.33333,14.66667,6],"texture":"#1"},"south":{"uv":[0,0,0,0.66667],"texture":"#1"},"west":{"uv":[14.66667,5.33333,11,6],"texture":"#1"},"up":{"uv":[0,3.66667,0,0],"texture":"#1"},"down":{"uv":[0,0,0,3.66667],"texture":"#1"}}},{"from":[6.25422,4.21609,1.8],"to":[8.25422,6.21609,3],"rotation":{"angle":-45,"axis":"z","origin":[8,4.4703,2.4]},"faces":{"north":{"uv":[2,12.66667,2.66667,13.33333],"texture":"#1"},"east":{"uv":[4.66667,13.33333,5.08333,14],"texture":"#1"},"south":{"uv":[1.33333,12.66667,2,13.33333],"texture":"#1"},"west":{"uv":[5.33333,13.33333,5.75,14],"texture":"#1"},"up":{"uv":[6.41667,14,6,13.33333],"rotation":90,"texture":"#1"},"down":{"uv":[13.75,12.66667,13.33333,13.33333],"rotation":270,"texture":"#1"}}},{"from":[6.50422,4.46609,1.55],"to":[8.00422,5.96609,3.25],"rotation":{"angle":-45,"axis":"z","origin":[8,4.4703,2.4]},"faces":{"north":{"uv":[0,8,3,11],"texture":"#3"},"east":{"uv":[0,0,3.5,3],"texture":"#3"},"south":{"uv":[8,0,11,3],"texture":"#3"},"west":{"uv":[0,4,3.5,7],"texture":"#3"},"up":{"uv":[7,3.5,4,0],"texture":"#3"},"down":{"uv":[7,4,4,7.5],"texture":"#3"}}},{"from":[9.02997,4.29812,1.9],"to":[11.02997,5.29812,2.9],"rotation":{"angle":22.5,"axis":"z","origin":[8,4.4703,2.4]},"faces":{"north":{"uv":[2,14,2.66667,14.33333],"texture":"#1"},"south":{"uv":[0,14,0.66667,14.33333],"texture":"#1"},"west":{"uv":[10,14,10.33333,14.33333],"texture":"#1"},"up":{"uv":[6.66667,12.66667,6.33333,12],"rotation":90,"texture":"#1"},"down":{"uv":[5.66667,12.66667,5.33333,13.33333],"rotation":270,"texture":"#1"}}},{"from":[8.38467,6.13124,1.83],"to":[9.52467,8.41124,2.97],"rotation":{"angle":-45,"axis":"z","origin":[8,4.4703,2.4]},"faces":{"north":{"uv":[1.33333,13.33333,1.75,14.08333],"texture":"#1"},"east":{"uv":[11.33333,12.66667,11.75,13.41667],"texture":"#1"},"south":{"uv":[12,12.66667,12.41667,13.41667],"texture":"#1"},"west":{"uv":[12.66667,12.66667,13.08333,13.41667],"texture":"#1"},"up":{"uv":[6.41667,14.41667,6,14],"rotation":90,"texture":"#1"},"down":{"uv":[7.75,14,7.33333,14.41667],"rotation":270,"texture":"#1"}}},{"from":[9.06426,4.63755,1.9554],"to":[9.95346,5.84595,2.8446],"rotation":{"angle":-22.5,"axis":"z","origin":[8,4.4703,2.4]},"faces":{"north":{"uv":[8.66667,14,9,14.41667],"texture":"#1"},"east":{"uv":[6.33333,12.66667,6.66667,13.08333],"texture":"#1"},"south":{"uv":[8,14,8.33333,14.41667],"texture":"#1"},"west":{"uv":[8.33333,14,8.66667,14.41667],"texture":"#1"},"down":{"uv":[10.66667,14,10.33333,14.33333],"rotation":270,"texture":"#1"}}},{"from":[9.13435,3.33724,2.071],"to":[9.79236,4.23145,2.729],"rotation":{"angle":0,"axis":"x","origin":[8,4.4703,2.4]},"faces":{"north":{"uv":[14,12.66667,14.25,13],"texture":"#1"},"east":{"uv":[14,10.66667,14.25,11],"texture":"#1"},"south":{"uv":[14,11,14.25,11.33333],"texture":"#1"},"west":{"uv":[14,11.33333,14.25,11.66667],"texture":"#1"},"down":{"uv":[0.91667,14.33333,0.66667,14.58333],"rotation":270,"texture":"#1"}}},{"from":[9.94495,7.50671,1.9554],"to":[10.83415,8.71511,2.8446],"rotation":{"angle":-22.5,"axis":"z","origin":[8,4.4703,2.4]},"faces":{"north":{"uv":[14,9.66667,14.33333,10.08333],"texture":"#1"},"east":{"uv":[9,14,9.33333,14.41667],"texture":"#1"},"south":{"uv":[9.33333,14,9.66667,14.41667],"texture":"#1"},"west":{"uv":[9.66667,14,10,14.41667],"texture":"#1"},"up":{"uv":[14.33333,10.66667,14,10.33333],"rotation":90,"texture":"#1"}}},{"from":[11.49772,7.2935,2.071],"to":[12.15573,8.18772,2.729],"rotation":{"angle":0,"axis":"x","origin":[8,4.4703,2.4]},"faces":{"north":{"uv":[13.66667,14,13.91667,14.33333],"texture":"#1"},"east":{"uv":[14,13,14.25,13.33333],"texture":"#1"},"south":{"uv":[13.33333,14,13.58333,14.33333],"texture":"#1"},"west":{"uv":[14,13.33333,14.25,13.66667],"texture":"#1"},"up":{"uv":[14.58333,0.91667,14.33333,0.66667],"rotation":90,"texture":"#1"}}},{"from":[7,1.2,2.15],"to":[9,5.2,2.65],"rotation":{"angle":0,"axis":"y","origin":[8,4.4703,2.4]},"faces":{"north":{"uv":[0,12.66667,0.66667,14],"texture":"#1"},"east":{"uv":[2.66667,14,2.83333,15.33333],"texture":"#1"},"south":{"uv":[5.66667,12,6.33333,13.33333],"texture":"#1"},"west":{"uv":[3,14,3.16667,15.33333],"texture":"#1"}}},{"from":[4.97504,1.44535,2.1375],"to":[6.40004,2.87035,2.6625],"rotation":{"angle":45,"axis":"z","origin":[8,4.4703,2.4]},"faces":{"north":{"uv":[12.66667,13.66667,13.16667,14.16667],"texture":"#1"},"east":{"uv":[14,13.66667,14.16667,14.16667],"texture":"#1"},"south":{"uv":[12,13.66667,12.5,14.16667],"texture":"#1"},"west":{"uv":[0,14.33333,0.16667,14.83333],"texture":"#1"},"up":{"uv":[14.5,0.5,14.33333,0],"rotation":90,"texture":"#1"},"down":{"uv":[0.5,14.33333,0.33333,14.83333],"rotation":270,"texture":"#1"}}},{"from":[9,2.55,2.4],"to":[14,9.55,2.4],"rotation":{"angle":0,"axis":"y","origin":[8,4.4703,2.4]},"faces":{"north":{"uv":[10.66667,7.33333,12.33333,9.66667],"texture":"#1"},"east":{"uv":[0,0,0,2.33333],"texture":"#1"},"south":{"uv":[12.33333,7.33333,10.66667,9.66667],"texture":"#1"},"west":{"uv":[0,0,0,2.33333],"texture":"#1"},"up":{"uv":[0,1.66667,0,0],"rotation":90,"texture":"#1"},"down":{"uv":[0,0,0,1.66667],"rotation":270,"texture":"#1"}}},{"from":[12,0,2],"to":[14,1,4],"rotation":{"angle":0,"axis":"y","origin":[14,0,2]},"faces":{"north":{"uv":[3.33333,14,4,14.33333],"texture":"#1"},"east":{"uv":[3.33333,14,4,14.33333],"texture":"#1"},"south":{"uv":[3.33333,14,4,14.33333],"texture":"#1"},"west":{"uv":[3.33333,14,4,14.33333],"texture":"#1"},"up":{"uv":[3.33333,13.33333,2.66667,12.66667],"texture":"#1"},"down":{"uv":[3.33333,12.66667,2.66667,13.33333],"texture":"#1"}}},{"from":[2.75,0.5,2.75],"to":[13.25,1.5,13.25],"rotation":{"angle":0,"axis":"y","origin":[13.25,0.5,2.75]},"faces":{"north":{"uv":[11,6,14.5,6.33333],"texture":"#1"},"east":{"uv":[11,6,14.5,6.33333],"texture":"#1"},"south":{"uv":[11,6.66667,14.5,7],"texture":"#1"},"west":{"uv":[11,6,14.5,6.33333],"texture":"#1"},"up":{"uv":[3.5,3.5,0,0],"texture":"#1"},"down":{"uv":[3.5,3.66667,0,7.16667],"texture":"#1"}}},{"from":[2.75,2.5,2.75],"to":[13.25,3.5,13.25],"rotation":{"angle":0,"axis":"y","origin":[13.25,2.5,2.75]},"faces":{"north":{"uv":[11.33333,11.66667,14.83333,12],"texture":"#1"},"east":{"uv":[11.33333,11.66667,14.83333,12],"texture":"#1"},"south":{"uv":[11.33333,11.66667,14.83333,12],"texture":"#1"},"west":{"uv":[11.33333,11.66667,14.83333,12],"texture":"#1"},"up":{"uv":[7.16667,3.5,3.66667,0],"texture":"#1"},"down":{"uv":[7.16667,3.66667,3.66667,7.16667],"texture":"#1"}}},{"from":[3.25,1.5,3.25],"to":[12.75,4.5,12.75],"rotation":{"angle":0,"axis":"y","origin":[13.25,3.5,2.75]},"faces":{"north":{"uv":[0,11,3.16667,12],"texture":"#1"},"east":{"uv":[0,11,3.16667,12],"texture":"#1"},"south":{"uv":[0,11,3.16667,12],"texture":"#1"},"west":{"uv":[0,11,3.16667,12],"texture":"#1"}}},{"from":[2.75,4.5,2.75],"to":[13.25,5.5,13.25],"rotation":{"angle":0,"axis":"y","origin":[13.25,4.5,2.75]},"faces":{"north":{"uv":[12.33333,7.33333,15.83333,7.66667],"texture":"#1"},"east":{"uv":[12.33333,7.33333,15.83333,7.66667],"texture":"#1"},"south":{"uv":[12.33333,7.33333,15.83333,7.66667],"texture":"#1"},"west":{"uv":[12.33333,7.33333,15.83333,7.66667],"texture":"#1"},"up":{"uv":[3.5,10.83333,0,7.33333],"texture":"#1"},"down":{"uv":[10.83333,0,7.33333,3.5],"texture":"#1"}}},{"from":[13.25,0.6,3.25],"to":[14.5,5.6,3.25],"rotation":{"angle":0,"axis":"y","origin":[23.75,2.6,3.25]},"faces":{"north":{"uv":[0.66667,12.66667,1.08333,14.33333],"texture":"#1"},"east":{"uv":[0,0,0,1.66667],"texture":"#1"},"south":{"uv":[1.08333,12.66667,0.66667,14.33333],"texture":"#1"},"west":{"uv":[0,0,0,1.66667],"texture":"#1"},"up":{"uv":[0.41667,0,0,0],"texture":"#1"},"down":{"uv":[0.41667,0,0,0],"texture":"#1"}}},{"from":[6.20764,3.33724,2.071],"to":[6.86565,4.23145,2.729],"rotation":{"angle":0,"axis":"x","origin":[8,4.4703,2.4]},"faces":{"north":{"uv":[14.25,12.66667,14,13],"texture":"#1"},"east":{"uv":[14.25,11.33333,14,11.66667],"texture":"#1"},"south":{"uv":[14.25,11,14,11.33333],"texture":"#1"},"west":{"uv":[14.25,10.66667,14,11],"texture":"#1"},"down":{"uv":[0.91667,14.58333,0.66667,14.33333],"rotation":270,"texture":"#1"}}},{"from":[6.04654,4.63755,1.9554],"to":[6.93574,5.84595,2.8446],"rotation":{"angle":22.5,"axis":"z","origin":[8,4.4703,2.4]},"faces":{"north":{"uv":[9,14,8.66667,14.41667],"texture":"#1"},"east":{"uv":[8.66667,14,8.33333,14.41667],"texture":"#1"},"south":{"uv":[8.33333,14,8,14.41667],"texture":"#1"},"west":{"uv":[6.66667,12.66667,6.33333,13.08333],"texture":"#1"},"down":{"uv":[10.66667,14.33333,10.33333,14],"rotation":270,"texture":"#1"}}},{"from":[4.97003,4.29812,1.9],"to":[6.97003,5.29812,2.9],"rotation":{"angle":-22.5,"axis":"z","origin":[8,4.4703,2.4]},"faces":{"north":{"uv":[2.66667,14,2,14.33333],"texture":"#1"},"east":{"uv":[10.33333,14,10,14.33333],"texture":"#1"},"south":{"uv":[0.66667,14,0,14.33333],"texture":"#1"},"up":{"uv":[6.66667,12,6.33333,12.66667],"rotation":90,"texture":"#1"},"down":{"uv":[5.66667,13.33333,5.33333,12.66667],"rotation":270,"texture":"#1"}}},{"from":[6.47533,6.13124,1.83],"to":[7.61533,8.41124,2.97],"rotation":{"angle":45,"axis":"z","origin":[8,4.4703,2.4]},"faces":{"north":{"uv":[1.75,13.33333,1.33333,14.08333],"texture":"#1"},"east":{"uv":[13.08333,12.66667,12.66667,13.41667],"texture":"#1"},"south":{"uv":[12.41667,12.66667,12,13.41667],"texture":"#1"},"west":{"uv":[11.75,12.66667,11.33333,13.41667],"texture":"#1"},"up":{"uv":[6.41667,14,6,14.41667],"rotation":90,"texture":"#1"},"down":{"uv":[7.75,14.41667,7.33333,14],"rotation":270,"texture":"#1"}}},{"from":[2,2.55,2.4],"to":[7,9.55,2.4],"rotation":{"angle":0,"axis":"y","origin":[8,4.4703,2.4]},"faces":{"north":{"uv":[12.33333,7.33333,10.66667,9.66667],"texture":"#1"},"east":{"uv":[0,0,0,2.33333],"texture":"#1"},"south":{"uv":[10.66667,7.33333,12.33333,9.66667],"texture":"#1"},"west":{"uv":[0,0,0,2.33333],"texture":"#1"},"up":{"uv":[0,0,0,1.66667],"rotation":90,"texture":"#1"},"down":{"uv":[0,1.66667,0,0],"rotation":270,"texture":"#1"}}},{"from":[5.16585,7.50671,1.9554],"to":[6.05505,8.71511,2.8446],"rotation":{"angle":22.5,"axis":"z","origin":[8,4.4703,2.4]},"faces":{"north":{"uv":[14.33333,9.66667,14,10.08333],"texture":"#1"},"east":{"uv":[10,14,9.66667,14.41667],"texture":"#1"},"south":{"uv":[9.66667,14,9.33333,14.41667],"texture":"#1"},"west":{"uv":[9.33333,14,9,14.41667],"texture":"#1"},"up":{"uv":[14.33333,10.33333,14,10.66667],"rotation":90,"texture":"#1"}}},{"from":[3.84427,7.2935,2.071],"to":[4.50228,8.18772,2.729],"rotation":{"angle":0,"axis":"x","origin":[8,4.4703,2.4]},"faces":{"north":{"uv":[13.91667,14,13.66667,14.33333],"texture":"#1"},"east":{"uv":[14.25,13.33333,14,13.66667],"texture":"#1"},"south":{"uv":[13.58333,14,13.33333,14.33333],"texture":"#1"},"west":{"uv":[14.25,13,14,13.33333],"texture":"#1"},"up":{"uv":[14.58333,0.66667,14.33333,0.91667],"rotation":90,"texture":"#1"}}},{"from":[2,0,2],"to":[4,1,4],"rotation":{"angle":0,"axis":"y","origin":[2,0,2]},"faces":{"north":{"uv":[4,14,3.33333,14.33333],"texture":"#1"},"east":{"uv":[4,14,3.33333,14.33333],"texture":"#1"},"south":{"uv":[4,14,3.33333,14.33333],"texture":"#1"},"west":{"uv":[4,14,3.33333,14.33333],"texture":"#1"},"up":{"uv":[2.66667,13.33333,3.33333,12.66667],"texture":"#1"},"down":{"uv":[2.66667,12.66667,3.33333,13.33333],"texture":"#1"}}},{"from":[12,0,12],"to":[14,1,14],"rotation":{"angle":0,"axis":"y","origin":[14,0,14]},"faces":{"north":{"uv":[4,14,3.33333,14.33333],"texture":"#1"},"east":{"uv":[4,14,3.33333,14.33333],"texture":"#1"},"south":{"uv":[4,14,3.33333,14.33333],"texture":"#1"},"west":{"uv":[4,14,3.33333,14.33333],"texture":"#1"},"up":{"uv":[3.33333,12.66667,2.66667,13.33333],"texture":"#1"},"down":{"uv":[3.33333,13.33333,2.66667,12.66667],"texture":"#1"}}},{"from":[2,0,12],"to":[4,1,14],"rotation":{"angle":0,"axis":"y","origin":[2,0,14]},"faces":{"north":{"uv":[3.33333,14,4,14.33333],"texture":"#1"},"east":{"uv":[3.33333,14,4,14.33333],"texture":"#1"},"south":{"uv":[3.33333,14,4,14.33333],"texture":"#1"},"west":{"uv":[3.33333,14,4,14.33333],"texture":"#1"},"up":{"uv":[2.66667,12.66667,3.33333,13.33333],"texture":"#1"},"down":{"uv":[2.66667,13.33333,3.33333,12.66667],"texture":"#1"}}},{"from":[1.5,0.6,3.25],"to":[2.75,5.6,3.25],"rotation":{"angle":0,"axis":"y","origin":[-7.75,2.6,3.25]},"faces":{"north":{"uv":[1.08333,12.66667,0.66667,14.33333],"texture":"#1"},"east":{"uv":[0,0,0,1.66667],"texture":"#1"},"south":{"uv":[0.66667,12.66667,1.08333,14.33333],"texture":"#1"},"west":{"uv":[0,0,0,1.66667],"texture":"#1"},"up":{"uv":[0,0,0.41667,0],"texture":"#1"},"down":{"uv":[0,0,0.41667,0],"texture":"#1"}}},{"from":[1.5,0.6,12.75],"to":[2.75,5.6,12.75],"rotation":{"angle":0,"axis":"y","origin":[-7.75,2.6,12.75]},"faces":{"north":{"uv":[1.08333,12.66667,0.66667,14.33333],"texture":"#1"},"east":{"uv":[0,0,0,1.66667],"texture":"#1"},"south":{"uv":[0.66667,12.66667,1.08333,14.33333],"texture":"#1"},"west":{"uv":[0,0,0,1.66667],"texture":"#1"},"up":{"uv":[0,0,0.41667,0],"texture":"#1"},"down":{"uv":[0,0,0.41667,0],"texture":"#1"}}},{"from":[13.25,0.6,12.75],"to":[14.5,5.6,12.75],"rotation":{"angle":0,"axis":"y","origin":[23.75,2.6,12.75]},"faces":{"north":{"uv":[0.66667,12.66667,1.08333,14.33333],"texture":"#1"},"east":{"uv":[0,0,0,1.66667],"texture":"#1"},"south":{"uv":[1.08333,12.66667,0.66667,14.33333],"texture":"#1"},"west":{"uv":[0,0,0,1.66667],"texture":"#1"},"up":{"uv":[0.41667,0,0,0],"texture":"#1"},"down":{"uv":[0.41667,0,0,0],"texture":"#1"}}},{"from":[3.25,0.6,13.25],"to":[3.25,5.6,14.5],"rotation":{"angle":0,"axis":"y","origin":[8,3.1,8]},"faces":{"north":{"uv":[0,0,0,1.66667],"texture":"#1"},"east":{"uv":[0.66667,12.66667,1.08333,14.33333],"texture":"#1"},"south":{"uv":[0,0,0,1.66667],"texture":"#1"},"west":{"uv":[1.08333,12.66667,0.66667,14.33333],"texture":"#1"},"up":{"uv":[0,0,0.41667,0],"rotation":270,"texture":"#1"},"down":{"uv":[0,0,0.41667,0],"rotation":90,"texture":"#1"}}},{"from":[12.75,0.6,13.25],"to":[12.75,5.6,14.5],"rotation":{"angle":0,"axis":"y","origin":[8,3.1,8]},"faces":{"north":{"uv":[0,0,0,1.66667],"texture":"#1"},"east":{"uv":[0.66667,12.66667,1.08333,14.33333],"texture":"#1"},"south":{"uv":[0,0,0,1.66667],"texture":"#1"},"west":{"uv":[1.08333,12.66667,0.66667,14.33333],"texture":"#1"},"up":{"uv":[0,0,0.41667,0],"rotation":270,"texture":"#1"},"down":{"uv":[0,0,0.41667,0],"rotation":90,"texture":"#1"}}},{"from":[5.5,3.05,1.75],"to":[10.5,8.05,1.75],"rotation":{"angle":0,"axis":"y","origin":[8,5.55,1.75]},"faces":{"north":{"uv":[6.66667,0,0,6.66667],"texture":"#2"},"east":{"uv":[0,0,0,1.66667],"texture":"#2"},"south":{"uv":[0,0,6.66667,6.66667],"texture":"#2"},"west":{"uv":[0,0,0,1.66667],"texture":"#2"},"up":{"uv":[1.66667,0,0,0],"texture":"#2"},"down":{"uv":[1.66667,0,0,0],"texture":"#2"}}}],"gui_light":"front","display":{"thirdperson_righthand":{"rotation":[65.25,0,0],"translation":[0,2.25,1.75],"scale":[0.41211,0.41211,0.41211]},"thirdperson_lefthand":{"rotation":[65.25,0,0],"translation":[0,2.25,1.75],"scale":[0.41211,0.41211,0.41211]},"firstperson_righthand":{"rotation":[-10,180,0],"translation":[-9,6,0.75],"scale":[0.5918,0.5918,0.5918]},"firstperson_lefthand":{"rotation":[-10,180,0],"translation":[-9,6,0.75],"scale":[0.5918,0.5918,0.5918]},"ground":{"translation":[0,9.25,0]},"gui":{"rotation":[0,135,0],"translation":[0,2.75,0],"scale":[1.02344,1.02344,1.02344]},"head":{"rotation":[0,180,0],"translation":[0,-20.25,0],"scale":[2.89063,2.89063,2.89063]},"fixed":{"rotation":[-90,0,0],"translation":[0,0,-20.75],"scale":[2.75,2.75,2.75]}}}