{"credit":"Made by PolygonMC","texture_size":[12,12],"textures":{"1":"summerset:animations/spin_animations","3":"summerset:animations/bubble_1","5":"summerset:animations/animations_scythe","7":"summerset:weapons_theme_3","particle":"summerset:animations/bubble_1"},"elements":[{"from":[7.385,-2.13438,7.77267],"to":[8.615,-0.90438,9.00267],"rotation":{"angle":-45,"axis":"x","origin":[8,-1.9,8]},"faces":{"north":{"uv":[4,7.33333,4.83333,8.16667],"texture":"#7"},"east":{"uv":[7.33333,4,8.16667,4.83333],"texture":"#7"},"south":{"uv":[7.33333,5.33333,8.16667,6.16667],"texture":"#7"},"west":{"uv":[7.33333,6.66667,8.16667,7.5],"texture":"#7"},"up":{"uv":[0.83333,8.83333,0,8],"texture":"#7"},"down":{"uv":[8.83333,0,8,0.83333],"texture":"#7"}}},{"from":[7.135,-1.88438,8.02267],"to":[8.865,-1.15438,8.75267],"rotation":{"angle":-45,"axis":"x","origin":[8,-1.9,8]},"faces":{"north":{"uv":[10.66667,10,11.83333,10.5],"texture":"#7"},"east":{"uv":[12.66667,2.66667,13.16667,3.16667],"texture":"#7"},"south":{"uv":[10.66667,10.66667,11.83333,11.16667],"texture":"#7"},"west":{"uv":[12.66667,3.33333,13.16667,3.83333],"texture":"#7"},"up":{"uv":[3.83333,11.83333,2.66667,11.33333],"texture":"#7"},"down":{"uv":[5.16667,11.33333,4,11.83333],"texture":"#7"}}},{"from":[7.385,16.40438,7.77267],"to":[8.615,17.63438,9.00267],"rotation":{"angle":45,"axis":"x","origin":[8,17.4,8]},"faces":{"north":{"uv":[10,8,10.83333,8.83333],"texture":"#7"},"east":{"uv":[0,10.66667,0.83333,11.5],"texture":"#7"},"south":{"uv":[10.66667,0,11.5,0.83333],"texture":"#7"},"west":{"uv":[1.33333,10.66667,2.16667,11.5],"texture":"#7"},"up":{"uv":[11.5,2.16667,10.66667,1.33333],"texture":"#7"},"down":{"uv":[11.5,2.66667,10.66667,3.5],"texture":"#7"}}},{"from":[7.135,16.65438,8.02267],"to":[8.865,17.38438,8.75267],"rotation":{"angle":45,"axis":"x","origin":[8,17.4,8]},"faces":{"north":{"uv":[11.33333,4,12.5,4.5],"texture":"#7"},"east":{"uv":[12.66667,5.33333,13.16667,5.83333],"texture":"#7"},"south":{"uv":[11.33333,4.66667,12.5,5.16667],"texture":"#7"},"west":{"uv":[6,12.66667,6.5,13.16667],"texture":"#7"},"up":{"uv":[12.5,5.83333,11.33333,5.33333],"texture":"#7"},"down":{"uv":[12.5,6,11.33333,6.5],"texture":"#7"}}},{"from":[7.35,0.7,7.35],"to":[8.65,1.2,8.65],"rotation":{"angle":0,"axis":"y","origin":[7.5,-0.05,11.5]},"faces":{"north":{"uv":[12,8,12.83333,8.33333],"texture":"#7"},"east":{"uv":[8.66667,12,9.5,12.33333],"texture":"#7"},"south":{"uv":[12,8.66667,12.83333,9],"texture":"#7"},"west":{"uv":[12,9.33333,12.83333,9.66667],"texture":"#7"},"up":{"uv":[2.16667,8.83333,1.33333,8],"texture":"#7"},"down":{"uv":[8.83333,1.33333,8,2.16667],"texture":"#7"}}},{"from":[7.35,3.2,7.35],"to":[8.65,3.7,8.65],"rotation":{"angle":0,"axis":"y","origin":[7.5,2.45,11.5]},"faces":{"north":{"uv":[10,12,10.83333,12.33333],"texture":"#7"},"east":{"uv":[12,10,12.83333,10.33333],"texture":"#7"},"south":{"uv":[12,10.66667,12.83333,11],"texture":"#7"},"west":{"uv":[11.33333,12,12.16667,12.33333],"texture":"#7"},"up":{"uv":[10.16667,10.16667,9.33333,9.33333],"texture":"#7"},"down":{"uv":[3.5,10,2.66667,10.83333],"texture":"#7"}}},{"from":[7.4975,1.2,7.5],"to":[8.5025,3.2,8.5],"rotation":{"angle":0,"axis":"y","origin":[7.4975,1.2,7.5]},"faces":{"north":{"uv":[4,2.66667,4.66667,4],"texture":"#7"},"east":{"uv":[4,4,4.66667,5.33333],"texture":"#7"},"south":{"uv":[4.66667,2.66667,5.33333,4],"texture":"#7"},"west":{"uv":[4.66667,4,5.33333,5.33333],"texture":"#7"},"down":{"uv":[12,8,11.33333,8.66667],"texture":"#7"}}},{"from":[7.4975,-1.3,7.5],"to":[8.5025,0.7,8.5],"rotation":{"angle":0,"axis":"y","origin":[8,-0.3,8]},"faces":{"north":{"uv":[5.33333,0,6,1.33333],"texture":"#7"},"east":{"uv":[5.33333,1.33333,6,2.66667],"texture":"#7"},"south":{"uv":[2.66667,5.33333,3.33333,6.66667],"texture":"#7"},"west":{"uv":[5.33333,2.66667,6,4],"texture":"#7"},"up":{"uv":[9.33333,12,8.66667,11.33333],"texture":"#7"}}},{"from":[7.35,11.95,7.35],"to":[8.65,12.45,8.65],"rotation":{"angle":0,"axis":"y","origin":[8,14.075,8]},"faces":{"north":{"uv":[1.33333,12.66667,2.16667,13],"texture":"#7"},"east":{"uv":[12.66667,1.33333,13.5,1.66667],"texture":"#7"},"south":{"uv":[12.66667,2,13.5,2.33333],"texture":"#7"},"west":{"uv":[2.66667,12.66667,3.5,13],"texture":"#7"},"up":{"uv":[10.83333,6.16667,10,5.33333],"texture":"#7"},"down":{"uv":[10.83333,6.66667,10,7.5],"texture":"#7"}}},{"from":[7.4975,12.45,7.5],"to":[8.5025,14.45,8.5],"rotation":{"angle":0,"axis":"y","origin":[8,14.075,8]},"faces":{"north":{"uv":[5.33333,5.33333,6,6.66667],"texture":"#7"},"east":{"uv":[6,0,6.66667,1.33333],"texture":"#7"},"south":{"uv":[6,1.33333,6.66667,2.66667],"texture":"#7"},"west":{"uv":[6,2.66667,6.66667,4],"texture":"#7"},"up":{"uv":[6.66667,12.66667,6,12],"texture":"#7"}}},{"from":[7.35,14.45,7.35],"to":[8.65,14.95,8.65],"rotation":{"angle":0,"axis":"y","origin":[8,14.075,8]},"faces":{"north":{"uv":[12,11.33333,12.83333,11.66667],"texture":"#7"},"east":{"uv":[0,12.66667,0.83333,13],"texture":"#7"},"south":{"uv":[12.66667,0,13.5,0.33333],"texture":"#7"},"west":{"uv":[12.66667,0.66667,13.5,1],"texture":"#7"},"up":{"uv":[4.83333,10.83333,4,10],"texture":"#7"},"down":{"uv":[10.83333,4,10,4.83333],"texture":"#7"}}},{"from":[7.4975,14.95,7.5],"to":[8.5025,16.95,8.5],"rotation":{"angle":0,"axis":"y","origin":[8,14.075,8]},"faces":{"north":{"uv":[3.33333,5.33333,4,6.66667],"texture":"#7"},"east":{"uv":[4,5.33333,4.66667,6.66667],"texture":"#7"},"south":{"uv":[5.33333,4,6,5.33333],"texture":"#7"},"west":{"uv":[4.66667,5.33333,5.33333,6.66667],"texture":"#7"},"down":{"uv":[6,12,5.33333,12.66667],"texture":"#7"}}},{"from":[7.985,-3.28062,6.61233],"to":[8.015,-1.28062,8.61233],"rotation":{"angle":-45,"axis":"x","origin":[8,-1.9,8]},"faces":{"east":{"uv":[4,0,2.66667,1.33333],"texture":"#7"},"west":{"uv":[2.66667,0,4,1.33333],"texture":"#7"}}},{"from":[7.445,18.29424,6.55683],"to":[8.555,20.01424,7.66683],"rotation":{"angle":22.5,"axis":"x","origin":[8,20.08594,6.86211]},"faces":{"north":{"uv":[6.66667,4,7.33333,5.16667],"texture":"#7"},"east":{"uv":[5.33333,6.66667,6,7.83333],"texture":"#7"},"south":{"uv":[6.66667,5.33333,7.33333,6.5],"texture":"#7"},"west":{"uv":[6,6.66667,6.66667,7.83333],"texture":"#7"},"up":{"uv":[12,9.33333,11.33333,8.66667],"texture":"#7"},"down":{"uv":[10,11.33333,9.33333,12],"texture":"#7"}}},{"from":[7.556,19.70026,6.6265],"to":[8.444,20.82626,7.5145],"rotation":{"angle":0,"axis":"y","origin":[8,20.08594,6.86211]},"faces":{"north":{"uv":[6.66667,11.33333,7.33333,12.16667],"texture":"#7"},"east":{"uv":[11.33333,6.66667,12,7.5],"texture":"#7"},"south":{"uv":[7.33333,11.33333,8,12.16667],"texture":"#7"},"west":{"uv":[8,11.33333,8.66667,12.16667],"texture":"#7"},"up":{"uv":[10.66667,12,10,11.33333],"texture":"#7"}}},{"from":[7.64924,20.5028,6.99359],"to":[8.35076,21.33984,7.69511],"rotation":{"angle":-22.5,"axis":"x","origin":[8,20.08594,6.86211]},"faces":{"north":{"uv":[4,12.66667,4.5,13.16667],"texture":"#7"},"east":{"uv":[12.66667,4,13.16667,4.5],"texture":"#7"},"south":{"uv":[4.66667,12.66667,5.16667,13.16667],"texture":"#7"},"west":{"uv":[12.66667,4.66667,13.16667,5.16667],"texture":"#7"},"up":{"uv":[5.83333,13.16667,5.33333,12.66667],"texture":"#7"}}},{"from":[7.445,18.29424,8.33317],"to":[8.555,20.01424,9.44317],"rotation":{"angle":-22.5,"axis":"x","origin":[8,20.08594,9.13789]},"faces":{"north":{"uv":[7.33333,5.33333,6.66667,6.5],"texture":"#7"},"east":{"uv":[6,6.66667,5.33333,7.83333],"texture":"#7"},"south":{"uv":[7.33333,4,6.66667,5.16667],"texture":"#7"},"west":{"uv":[6.66667,6.66667,6,7.83333],"texture":"#7"},"up":{"uv":[12,8.66667,11.33333,9.33333],"texture":"#7"},"down":{"uv":[10,12,9.33333,11.33333],"texture":"#7"}}},{"from":[7.556,19.70026,8.4855],"to":[8.444,20.82626,9.3735],"rotation":{"angle":0,"axis":"y","origin":[8,20.08594,9.13789]},"faces":{"north":{"uv":[8,11.33333,7.33333,12.16667],"texture":"#7"},"east":{"uv":[12,6.66667,11.33333,7.5],"texture":"#7"},"south":{"uv":[7.33333,11.33333,6.66667,12.16667],"texture":"#7"},"west":{"uv":[8.66667,11.33333,8,12.16667],"texture":"#7"},"up":{"uv":[10.66667,11.33333,10,12],"texture":"#7"}}},{"from":[7.64924,20.5028,8.30489],"to":[8.35076,21.33984,9.00641],"rotation":{"angle":22.5,"axis":"x","origin":[8,20.08594,9.13789]},"faces":{"north":{"uv":[5.16667,12.66667,4.66667,13.16667],"texture":"#7"},"east":{"uv":[13.16667,4,12.66667,4.5],"texture":"#7"},"south":{"uv":[4.5,12.66667,4,13.16667],"texture":"#7"},"west":{"uv":[13.16667,4.66667,12.66667,5.16667],"texture":"#7"},"up":{"uv":[5.83333,12.66667,5.33333,13.16667],"texture":"#7"}}},{"from":[7.86,2.05,8.3],"to":[7.89,4.05,10.3],"rotation":{"angle":45,"axis":"x","origin":[7.76,2.05,8.3]},"faces":{"east":{"uv":[4,1.33333,2.66667,2.66667],"texture":"#7"},"west":{"uv":[2.66667,1.33333,4,2.66667],"texture":"#7"}}},{"from":[8.11,2.05,8.3],"to":[8.14,4.05,10.3],"rotation":{"angle":22.5,"axis":"x","origin":[8.01,2.05,8.3]},"faces":{"east":{"uv":[4,1.33333,2.66667,2.66667],"texture":"#7"},"west":{"uv":[2.66667,1.33333,4,2.66667],"texture":"#7"}}},{"from":[7,12.01885,8.10583],"to":[7.5,15.51885,8.60583],"rotation":{"angle":22.5,"axis":"x","origin":[7.625,13.66705,8.54679]},"faces":{"north":{"uv":[6.66667,6.66667,7,9],"texture":"#7"},"east":{"uv":[7.33333,0,7.66667,2.33333],"texture":"#7"},"south":{"uv":[2.66667,7.33333,3,9.66667],"texture":"#7"},"west":{"uv":[3.33333,7.33333,3.66667,9.66667],"texture":"#7"},"up":{"uv":[13.66667,7,13.33333,6.66667],"texture":"#7"},"down":{"uv":[7.66667,13.33333,7.33333,13.66667],"texture":"#7"}}},{"from":[6.6475,15.14847,8.77652],"to":[7.5025,15.75347,9.38152],"rotation":{"angle":-22.5,"axis":"x","origin":[7.25,15.45097,9.07902]},"faces":{"north":{"uv":[13.33333,4,13.83333,4.33333],"texture":"#7"},"east":{"uv":[13.33333,7.33333,13.66667,7.66667],"texture":"#7"},"south":{"uv":[4.66667,13.33333,5.16667,13.66667],"texture":"#7"},"west":{"uv":[8,13.33333,8.33333,13.66667],"texture":"#7"},"up":{"uv":[13.83333,5,13.33333,4.66667],"texture":"#7"},"down":{"uv":[5.83333,13.33333,5.33333,13.66667],"texture":"#7"}}},{"from":[7.5,18.87724,10.34703],"to":[8.5,19.87724,11.34703],"rotation":{"angle":0,"axis":"y","origin":[8,20.69719,9.60434]},"faces":{"north":{"uv":[0.66667,12,0,12.66667],"texture":"#7"},"east":{"uv":[12,11.33333,11.33333,12],"texture":"#7"},"south":{"uv":[11.33333,11.33333,10.66667,12],"texture":"#7"},"west":{"uv":[12.66667,0,12,0.66667],"texture":"#7"},"down":{"uv":[1.33333,12.66667,0.66667,12],"texture":"#7"}}},{"from":[7.125,18.33066,10.69978],"to":[8.125,19.33066,10.99978],"rotation":{"angle":0,"axis":"y","origin":[7.96628,20.69719,9.60434]},"faces":{"north":{"uv":[2,12,1.33333,12.66667],"texture":"#7"},"south":{"uv":[12.66667,0.66667,12,1.33333],"texture":"#7"},"west":{"uv":[13.5,8,13.33333,8.66667],"texture":"#7"},"up":{"uv":[9.33333,13.33333,8.66667,13.5],"texture":"#7"},"down":{"uv":[14,8.83333,13.33333,8.66667],"texture":"#7"}}},{"from":[7.85,20.70979,10.52943],"to":[8.15,21.45979,11.52943],"rotation":{"angle":-22.5,"axis":"x","origin":[8,20.69719,9.60434]},"faces":{"east":{"uv":[12.66667,6.66667,12,7.16667],"texture":"#7"},"south":{"uv":[13.5,13.33333,13.33333,13.83333],"texture":"#7"},"west":{"uv":[12.66667,7.33333,12,7.83333],"texture":"#7"},"up":{"uv":[9.5,13.33333,9.33333,14],"texture":"#7"},"down":{"uv":[13.5,10,13.33333,9.33333],"texture":"#7"}}},{"from":[6.8451,20.38852,9.79798],"to":[7.3451,21.13852,10.09798],"rotation":{"angle":-45,"axis":"x","origin":[8,20.69719,9.60434]},"faces":{"north":{"uv":[6.33333,13.33333,6,13.83333],"texture":"#7"},"east":{"uv":[0.16667,14,0,14.5],"texture":"#7"},"south":{"uv":[13.66667,5.33333,13.33333,5.83333],"texture":"#7"},"west":{"uv":[14.16667,0,14,0.5],"texture":"#7"},"up":{"uv":[1.66667,14,1.33333,14.16667],"texture":"#7"},"down":{"uv":[14.33333,1.5,14,1.33333],"texture":"#7"}}},{"from":[8.6549,20.38852,9.79798],"to":[9.1549,21.13852,10.09798],"rotation":{"angle":-45,"axis":"x","origin":[8,20.69719,9.60434]},"faces":{"north":{"uv":[7,13.33333,6.66667,13.83333],"texture":"#7"},"east":{"uv":[0.83333,14,0.66667,14.5],"texture":"#7"},"south":{"uv":[13.66667,6,13.33333,6.5],"texture":"#7"},"west":{"uv":[14.16667,0.66667,14,1.16667],"texture":"#7"},"up":{"uv":[2.33333,14,2,14.16667],"texture":"#7"},"down":{"uv":[14.33333,2.16667,14,2],"texture":"#7"}}},{"from":[7.875,18.33066,10.69978],"to":[8.875,19.33066,10.99978],"rotation":{"angle":0,"axis":"y","origin":[8.28372,20.68392,9.60434]},"faces":{"north":{"uv":[2.66667,12,2,12.66667],"texture":"#7"},"east":{"uv":[10.16667,13.33333,10,14],"texture":"#7"},"south":{"uv":[12.66667,1.33333,12,2],"texture":"#7"},"up":{"uv":[14,10,13.33333,10.16667],"texture":"#7"},"down":{"uv":[11.33333,13.5,10.66667,13.33333],"texture":"#7"}}},{"from":[7.41,19.18603,9.79001],"to":[8.59,20.36603,10.97001],"rotation":{"angle":-22.5,"axis":"x","origin":[8,20.69719,9.60434]},"faces":{"north":{"uv":[8.16667,8,7.33333,8.83333],"texture":"#7"},"east":{"uv":[6.16667,8,5.33333,8.83333],"texture":"#7"},"south":{"uv":[8.83333,2.66667,8,3.5],"texture":"#7"},"west":{"uv":[4.83333,8.66667,4,9.5],"texture":"#7"},"down":{"uv":[9.5,4.83333,8.66667,4],"texture":"#7"}}},{"from":[7.41,20.71853,8.44996],"to":[8.59,21.89853,9.62996],"rotation":{"angle":22.5,"axis":"x","origin":[8,20.69719,9.60434]},"faces":{"north":{"uv":[9.5,6.66667,8.66667,7.5],"texture":"#7"},"east":{"uv":[9.5,5.33333,8.66667,6.16667],"texture":"#7"},"west":{"uv":[9.5,8,8.66667,8.83333],"texture":"#7"},"up":{"uv":[0.83333,9.33333,0,10.16667],"texture":"#7"},"down":{"uv":[10.16667,0.83333,9.33333,0],"texture":"#7"}}},{"from":[7.5339,21.21522,8.09591],"to":[8.4661,22.14742,9.02811],"rotation":{"angle":0,"axis":"y","origin":[8,20.69719,9.60434]},"faces":{"north":{"uv":[3.33333,12,2.66667,12.66667],"texture":"#7"},"east":{"uv":[12.66667,2,12,2.66667],"texture":"#7"},"west":{"uv":[12.66667,2.66667,12,3.33333],"texture":"#7"},"up":{"uv":[4,12,3.33333,12.66667],"texture":"#7"},"down":{"uv":[12.66667,4,12,3.33333],"texture":"#7"}}},{"from":[7.765,21.21522,7.66371],"to":[8.235,21.67242,8.09591],"rotation":{"angle":0,"axis":"y","origin":[8,20.69719,9.60434]},"faces":{"north":{"uv":[11.66667,13.33333,11.33333,13.66667],"texture":"#7"},"east":{"uv":[13.66667,10.66667,13.33333,11],"texture":"#7"},"west":{"uv":[13.66667,11.33333,13.33333,11.66667],"texture":"#7"},"up":{"uv":[12.33333,13.33333,12,13.66667],"texture":"#7"},"down":{"uv":[13.66667,12.33333,13.33333,12],"texture":"#7"}}},{"from":[7.3451,19.82872,9.44443],"to":[8.6549,21.13852,10.75423],"rotation":{"angle":-45,"axis":"x","origin":[8,20.69719,9.60434]},"faces":{"north":{"uv":[10.16667,2.66667,9.33333,3.5],"texture":"#7"},"east":{"uv":[10.16667,1.33333,9.33333,2.16667],"texture":"#7"},"south":{"uv":[2.16667,9.33333,1.33333,10.16667],"texture":"#7"},"west":{"uv":[6.16667,9.33333,5.33333,10.16667],"texture":"#7"},"up":{"uv":[7.5,9.33333,6.66667,10.16667],"texture":"#7"},"down":{"uv":[8.83333,10.16667,8,9.33333],"texture":"#7"}}},{"from":[6.85,16.325,3.725],"to":[6.88,19.575,6.975],"rotation":{"angle":22.5,"axis":"x","origin":[0,7.35,0.925]},"faces":{"east":{"uv":[13,0,0,13],"texture":"#1"},"west":{"uv":[0,0,13,13],"texture":"#1"}}},{"from":[8.9,17.75,9],"to":[8.93,20.75,11],"rotation":{"angle":0,"axis":"y","origin":[8.9,17.75,11]},"faces":{"east":{"uv":[0,0,8,12],"texture":"#3"},"west":{"uv":[8,0,0,12],"texture":"#3"},"down":{"uv":[0,8,0,0],"texture":"#3"}}},{"from":[8.9,14.75,9.5],"to":[8.93,16.75,12.5],"rotation":{"angle":0,"axis":"y","origin":[8.915,15.75,11]},"faces":{"north":{"uv":[0,8,0,0],"rotation":180,"texture":"#3"},"east":{"uv":[0,0,8,12],"rotation":270,"texture":"#3"},"west":{"uv":[8,0,0,12],"rotation":90,"texture":"#3"}}},{"from":[8.9,23.25,9.75],"to":[8.93,26.25,11.75],"rotation":{"angle":0,"axis":"y","origin":[8.915,24.75,10.75]},"faces":{"east":{"uv":[0,0,8,12],"texture":"#3"},"west":{"uv":[8,0,0,12],"texture":"#3"},"down":{"uv":[0,8,0,0],"texture":"#3"}}},{"from":[8.9,22.25,5],"to":[8.93,25.25,7],"rotation":{"angle":0,"axis":"y","origin":[8.915,23.75,6]},"faces":{"east":{"uv":[8,0,0,12],"texture":"#3"},"west":{"uv":[0,0,8,12],"texture":"#3"},"down":{"uv":[0,0,0,8],"texture":"#3"}}},{"from":[7.07,21.25,6],"to":[7.1,24.25,8],"rotation":{"angle":0,"axis":"y","origin":[7.085,22.75,7]},"faces":{"east":{"uv":[8,0,0,12],"texture":"#3"},"west":{"uv":[0,0,8,12],"texture":"#3"},"down":{"uv":[0,0,0,8],"texture":"#3"}}},{"from":[7.25,15.25,5.5],"to":[7.28,18.25,7.5],"rotation":{"angle":0,"axis":"y","origin":[7.25,15.25,5.5]},"faces":{"east":{"uv":[8,0,0,12],"texture":"#3"},"west":{"uv":[0,0,8,12],"texture":"#3"},"down":{"uv":[0,0,0,8],"texture":"#3"}}},{"from":[7.58185,14.3741,6.934],"to":[8.58185,15.3741,7.534],"rotation":{"angle":-22.5,"axis":"z","origin":[8.08185,15.00945,7.2465]},"faces":{"north":{"uv":[4.66667,12.66667,4,12],"rotation":270,"texture":"#7"},"east":{"uv":[12.66667,12,13.33333,12.33333],"rotation":90,"texture":"#7"},"south":{"uv":[5.33333,12,4.66667,12.66667],"rotation":270,"texture":"#7"},"west":{"uv":[0,13.33333,0.66667,13.66667],"rotation":270,"texture":"#7"},"up":{"uv":[12.66667,12.66667,13.33333,13],"texture":"#7"},"down":{"uv":[0.66667,13.33333,1.33333,13.66667],"rotation":180,"texture":"#7"}}},{"from":[7.83185,15.32104,7.009],"to":[8.33185,16.32104,7.509],"rotation":{"angle":-22.5,"axis":"z","origin":[8.08185,15.00945,7.2465]},"faces":{"north":{"uv":[3.33333,13.66667,2.66667,13.33333],"rotation":270,"texture":"#7"},"east":{"uv":[1.33333,13.33333,2,13.66667],"rotation":90,"texture":"#7"},"south":{"uv":[14,2.66667,13.33333,3],"rotation":270,"texture":"#7"},"west":{"uv":[2,13.33333,2.66667,13.66667],"rotation":270,"texture":"#7"},"up":{"uv":[12.66667,13.33333,13,13.66667],"texture":"#7"},"down":{"uv":[13.33333,12.66667,13.66667,13],"rotation":180,"texture":"#7"}}},{"from":[7.66441,15.32546,7.009],"to":[8.16441,16.32546,7.509],"rotation":{"angle":22.5,"axis":"z","origin":[8.08185,15.00945,7.2465]},"faces":{"north":{"uv":[3.33333,13.66667,2.66667,13.33333],"rotation":270,"texture":"#7"},"east":{"uv":[1.33333,13.33333,2,13.66667],"rotation":90,"texture":"#7"},"south":{"uv":[14,2.66667,13.33333,3],"rotation":270,"texture":"#7"},"west":{"uv":[2,13.33333,2.66667,13.66667],"rotation":270,"texture":"#7"},"up":{"uv":[12.66667,13.33333,13,13.66667],"texture":"#7"},"down":{"uv":[13.33333,12.66667,13.66667,13],"rotation":180,"texture":"#7"}}},{"from":[8.24786,14.74201,6.859],"to":[8.74786,15.24201,7.859],"rotation":{"angle":22.5,"axis":"y","origin":[8.89786,14.99201,7.259]},"faces":{"north":{"uv":[13.66667,12.66667,13.33333,13],"rotation":270,"texture":"#7"},"east":{"uv":[2.66667,13.66667,3.33333,13.33333],"texture":"#7"},"south":{"uv":[13,13.33333,12.66667,13.66667],"rotation":90,"texture":"#7"},"west":{"uv":[13.33333,2.66667,14,3],"rotation":180,"texture":"#7"},"up":{"uv":[2,13.33333,1.33333,13.66667],"rotation":90,"texture":"#7"},"down":{"uv":[2.66667,13.33333,2,13.66667],"rotation":90,"texture":"#7"}}},{"from":[7.22299,13.83929,7.009],"to":[7.72299,14.83929,7.509],"rotation":{"angle":-22.5,"axis":"z","origin":[7.27299,14.33929,7.259]},"faces":{"north":{"uv":[3.33333,13.33333,2.66667,13.66667],"rotation":90,"texture":"#7"},"east":{"uv":[2,13.33333,1.33333,13.66667],"rotation":90,"texture":"#7"},"south":{"uv":[14,3,13.33333,2.66667],"rotation":90,"texture":"#7"},"west":{"uv":[2.66667,13.33333,2,13.66667],"rotation":270,"texture":"#7"},"up":{"uv":[13.66667,12.66667,13.33333,13],"texture":"#7"},"down":{"uv":[13,13.33333,12.66667,13.66667],"rotation":180,"texture":"#7"}}},{"from":[7.72993,13.46363,7.009],"to":[8.22993,14.46363,7.509],"rotation":{"angle":22.5,"axis":"z","origin":[8.08185,15.00945,7.2465]},"faces":{"north":{"uv":[2.66667,13.33333,3.33333,13.66667],"rotation":270,"texture":"#7"},"east":{"uv":[2,13.33333,2.66667,13.66667],"rotation":90,"texture":"#7"},"south":{"uv":[13.33333,3,14,2.66667],"rotation":270,"texture":"#7"},"west":{"uv":[1.33333,13.33333,2,13.66667],"rotation":270,"texture":"#7"},"up":{"uv":[13.33333,12.66667,13.66667,13],"texture":"#7"},"down":{"uv":[12.66667,13.33333,13,13.66667],"rotation":180,"texture":"#7"}}},{"from":[7.5,3.7,7.5],"to":[8.5,11.95,8.5],"rotation":{"angle":0,"axis":"y","origin":[7.5,3.7,7.5]},"faces":{"north":{"uv":[2.66667,0.66667,2,7],"texture":"#7"},"east":{"uv":[2.66667,0.66667,2,7],"texture":"#7"},"south":{"uv":[2.66667,0.66667,2,7],"texture":"#7"},"west":{"uv":[2,0.66667,2.66667,7],"texture":"#7"}}},{"from":[7.5,18.25,6.58579],"to":[8.5,20.25,8.58579],"rotation":{"angle":45,"axis":"x","origin":[7.5,18.25,6.58579]},"faces":{"north":{"uv":[6,4,6.66667,5.33333],"texture":"#7"},"east":{"uv":[2.66667,2.66667,4,4],"texture":"#7"},"south":{"uv":[6,5.33333,6.66667,6.66667],"texture":"#7"},"west":{"uv":[4,0,5.33333,1.33333],"texture":"#7"},"up":{"uv":[7.33333,1.33333,6.66667,0],"texture":"#7"},"down":{"uv":[7.33333,1.33333,6.66667,2.66667],"texture":"#7"}}},{"from":[8.385,15.4,7.985],"to":[9.635,16.65,8.015],"rotation":{"angle":-22.5,"axis":"z","origin":[8.385,15.4,8.115]},"faces":{"north":{"uv":[6.16667,10.66667,5.33333,11.5],"texture":"#7"},"south":{"uv":[5.33333,10.66667,6.16667,11.5],"texture":"#7"}}},{"from":[6.365,10.9,7.985],"to":[7.615,12.15,8.015],"rotation":{"angle":22.5,"axis":"z","origin":[7.615,10.9,8.115]},"faces":{"north":{"uv":[5.33333,10.66667,6.16667,11.5],"texture":"#7"},"south":{"uv":[6.16667,10.66667,5.33333,11.5],"texture":"#7"}}},{"from":[7.9,11.90163,8.525],"to":[9.9,13.90163,9.525],"rotation":{"angle":45,"axis":"y","origin":[8.9,13.46413,8.91714]},"faces":{"north":{"uv":[4,4,2.66667,5.33333],"rotation":180,"texture":"#7"},"east":{"uv":[6.66667,2.66667,8,3.33333],"rotation":270,"texture":"#7"},"south":{"uv":[5.33333,2.66667,4,1.33333],"texture":"#7"},"west":{"uv":[4,6.66667,5.33333,7.33333],"rotation":90,"texture":"#7"},"up":{"uv":[2.66667,6.66667,4,7.33333],"rotation":180,"texture":"#7"},"down":{"uv":[6.66667,3.33333,8,4],"texture":"#7"}}},{"from":[8.07472,11.90163,8.07417],"to":[8.82472,13.90163,8.10417],"rotation":{"angle":-22.5,"axis":"y","origin":[8.9,13.46413,8.91714]},"faces":{"north":{"uv":[6.66667,10.66667,8,11.16667],"rotation":270,"texture":"#7"},"south":{"uv":[8,10.66667,9.33333,11.16667],"rotation":90,"texture":"#7"}}},{"from":[8.05702,11.90163,8.09186],"to":[8.08702,13.90163,8.84186],"rotation":{"angle":22.5,"axis":"y","origin":[8.9,13.46413,8.91714]},"faces":{"east":{"uv":[9.33333,10.66667,10.66667,11.16667],"rotation":270,"texture":"#7"},"west":{"uv":[10.66667,9.33333,12,9.83333],"rotation":90,"texture":"#7"}}},{"from":[7.9,13.87163,9.525],"to":[9.9,13.90163,9.775],"rotation":{"angle":45,"axis":"y","origin":[8.9,13.46413,8.91714]},"faces":{"up":{"uv":[3.33333,13.33333,4.66667,13.5],"rotation":180,"texture":"#7"},"down":{"uv":[13.33333,3.33333,14.66667,3.5],"texture":"#7"}}},{"from":[9.9,13.65163,8.675],"to":[10.65,14.40163,9.425],"rotation":{"angle":45,"axis":"y","origin":[8.9,13.46413,8.91714]},"faces":{"north":{"uv":[8.5,12.66667,8,13.16667],"rotation":180,"texture":"#7"},"east":{"uv":[6.66667,12.66667,7.16667,13.16667],"rotation":270,"texture":"#7"},"south":{"uv":[13.16667,7.83333,12.66667,7.33333],"texture":"#7"},"west":{"uv":[7.33333,12.66667,7.83333,13.16667],"rotation":90,"texture":"#7"},"up":{"uv":[12.66667,6,13.16667,6.5],"rotation":180,"texture":"#7"},"down":{"uv":[12.66667,6.66667,13.16667,7.16667],"texture":"#7"}}},{"from":[7.15,13.65163,8.675],"to":[7.9,14.40163,9.425],"rotation":{"angle":45,"axis":"y","origin":[8.9,13.46413,8.91714]},"faces":{"north":{"uv":[8,12.66667,8.5,13.16667],"rotation":180,"texture":"#7"},"east":{"uv":[7.33333,13.16667,7.83333,12.66667],"rotation":90,"texture":"#7"},"south":{"uv":[12.66667,7.83333,13.16667,7.33333],"texture":"#7"},"west":{"uv":[6.66667,13.16667,7.16667,12.66667],"rotation":270,"texture":"#7"},"up":{"uv":[13.16667,6,12.66667,6.5],"rotation":180,"texture":"#7"},"down":{"uv":[13.16667,6.66667,12.66667,7.16667],"texture":"#7"}}},{"from":[7.75,18.75,0.6],"to":[8.25,19.75,7.6],"rotation":{"angle":-22.5,"axis":"x","origin":[7.75,18.25,5]},"faces":{"north":{"uv":[15.5,0,16,1],"texture":"#7"},"east":{"uv":[7,15,0,16],"texture":"#7"},"south":{"uv":[15.5,1,16,2],"texture":"#7"},"west":{"uv":[0,15,7,16],"texture":"#7"},"up":{"uv":[14.5,0,15,7],"texture":"#7"},"down":{"uv":[15,0,15.5,7],"texture":"#7"}}},{"from":[7.985,15,-4.4],"to":[8.015,19,7.6],"rotation":{"angle":-22.5,"axis":"x","origin":[7.485,18.25,5]},"faces":{"east":{"uv":[16,0,0,5.33333],"texture":"#5"},"west":{"uv":[0,0,16,5.33333],"texture":"#5"}}},{"from":[7.752,16.1128,-0.8462],"to":[8.248,17.0378,1.1538],"rotation":{"angle":-45,"axis":"x","origin":[8.002,16.5378,-0.3462]},"faces":{"north":{"uv":[14.83333,10.66667,15.32933,11.66667],"texture":"#7"},"east":{"uv":[15.83333,12.66667,13.83333,13.66667],"texture":"#7"},"west":{"uv":[13.83333,12.66667,15.83333,13.66667],"texture":"#7"},"up":{"uv":[14.33333,10.66667,14.83333,12.66667],"texture":"#7"},"down":{"uv":[13.83333,10.66667,14.32933,12.66667],"texture":"#7"}}},{"from":[7.7535,14.3084,-0.90003],"to":[8.2465,16.3084,-0.04003],"rotation":{"angle":22.5,"axis":"x","origin":[8.0035,16.8084,-0.40003]},"faces":{"north":{"uv":[15,7.16667,15.493,9.16667],"rotation":180,"texture":"#7"},"east":{"uv":[16,9.33333,14,10.33333],"rotation":90,"texture":"#7"},"south":{"uv":[14.5,7.16667,14.993,9.16667],"texture":"#7"},"west":{"uv":[14,9.33333,16,10.33333],"rotation":270,"texture":"#7"},"down":{"uv":[15.5,7.16667,15.993,8.16667],"rotation":180,"texture":"#7"}}}],"gui_light":"front","display":{"thirdperson_righthand":{"translation":[0,-1.75,1]},"thirdperson_lefthand":{"translation":[0,-1.75,1]},"firstperson_righthand":{"rotation":[-10,0,0],"translation":[0,-0.25,1.5]},"firstperson_lefthand":{"rotation":[-10,0,0],"translation":[0,-0.25,1.5]},"ground":{"rotation":[-45,0,0],"translation":[0,9.75,0]},"gui":{"rotation":[-90,45,90],"translation":[1.75,-1.5,0],"scale":[0.75977,0.75977,0.75977]},"head":{"rotation":[90,-90,90],"scale":[1.5,1.5,1.5]},"fixed":{"rotation":[0,-90,0],"translation":[0,-6.75,-1.75],"scale":[2.5,2.5,2.5]}}}