{"credit":"MadebyPolygonMC","textures":{"1":"xmasset:fishing_rod","2":"xmasset:animations/animation_1","particle":"xmasset:animations/animation_1"},"elements":[{"from":[7.35,1.25,7.35],"to":[8.65,1.75,8.65],"rotation":{"angle":0,"axis":"y","origin":[7.5,0.75,6.5]},"faces":{"north":{"uv":[13,10,14.25,10.5],"texture":"#1"},"east":{"uv":[11,13,12.25,13.5],"texture":"#1"},"south":{"uv":[13,11,14.25,11.5],"texture":"#1"},"west":{"uv":[13,12,14.25,12.5],"texture":"#1"},"up":{"uv":[11.25,8.25,10,7],"texture":"#1"},"down":{"uv":[9.25,10,8,11.25],"texture":"#1"}}},{"from":[7.35,5.8,7.35],"to":[8.65,6.3,8.65],"rotation":{"angle":0,"axis":"y","origin":[7.5,5.3,6.5]},"faces":{"north":{"uv":[13,13,14.25,13.5],"texture":"#1"},"east":{"uv":[0,14,1.25,14.5],"texture":"#1"},"south":{"uv":[14,0,15.25,0.5],"texture":"#1"},"west":{"uv":[14,1,15.25,1.5],"texture":"#1"},"up":{"uv":[11.25,10.25,10,9],"texture":"#1"},"down":{"uv":[1.25,11,0,12.25],"texture":"#1"}}},{"from":[7.5,1.75,7.5],"to":[8.5,2.75,8.5],"rotation":{"angle":0,"axis":"y","origin":[7.5,0.75,6.5]},"faces":{"north":{"uv":[8,4,9,5],"texture":"#1"},"east":{"uv":[2,11,3,12],"texture":"#1"},"south":{"uv":[6,12,7,13],"texture":"#1"},"west":{"uv":[12,7,13,8],"texture":"#1"},"up":{"uv":[9,13,8,12],"texture":"#1"},"down":{"uv":[13,8,12,9],"texture":"#1"}}},{"from":[7.5,4.8,7.5],"to":[8.5,5.8,8.5],"rotation":{"angle":0,"axis":"y","origin":[7.5,3.8,6.5]},"faces":{"north":{"uv":[9,12,10,13],"texture":"#1"},"east":{"uv":[12,9,13,10],"texture":"#1"},"south":{"uv":[12,10,13,11],"texture":"#1"},"west":{"uv":[12,11,13,12],"texture":"#1"},"up":{"uv":[13,13,12,12],"texture":"#1"},"down":{"uv":[1,13,0,14],"texture":"#1"}}},{"from":[7.6,2.75,7.6],"to":[8.4,3.55,8.4],"rotation":{"angle":0,"axis":"y","origin":[7.5,1.75,6.5]},"faces":{"north":{"uv":[14,4,14.75,4.75],"texture":"#1"},"east":{"uv":[5,14,5.75,14.75],"texture":"#1"},"south":{"uv":[14,5,14.75,5.75],"texture":"#1"},"west":{"uv":[6,14,6.75,14.75],"texture":"#1"},"up":{"uv":[14.75,6.75,14,6],"texture":"#1"},"down":{"uv":[7.75,14,7,14.75],"texture":"#1"}}},{"from":[7.6,4.05,7.6],"to":[8.4,4.85,8.4],"rotation":{"angle":0,"axis":"y","origin":[7.5,3.05,6.5]},"faces":{"north":{"uv":[14,7,14.75,7.75],"texture":"#1"},"east":{"uv":[14,8,14.75,8.75],"texture":"#1"},"south":{"uv":[14,9,14.75,9.75],"texture":"#1"},"west":{"uv":[11,14,11.75,14.75],"texture":"#1"},"up":{"uv":[12.75,14.75,12,14],"texture":"#1"},"down":{"uv":[13.75,14,13,14.75],"texture":"#1"}}},{"from":[7.41,0.26,7.41],"to":[8.59,1.44,8.59],"rotation":{"angle":-45,"axis":"x","origin":[8,0.85,8]},"faces":{"north":{"uv":[11,0,12.25,1.25],"texture":"#1"},"east":{"uv":[11,2,12.25,3.25],"texture":"#1"},"south":{"uv":[11,4,12.25,5.25],"texture":"#1"},"west":{"uv":[10,11,11.25,12.25],"texture":"#1"},"up":{"uv":[3.25,13.25,2,12],"texture":"#1"},"down":{"uv":[5.25,12,4,13.25],"texture":"#1"}}},{"from":[7.51,3.31,7.51],"to":[8.49,4.29,8.49],"rotation":{"angle":-45,"axis":"x","origin":[8,3.8,8]},"faces":{"north":{"uv":[13,0,14,1],"texture":"#1"},"east":{"uv":[1,13,2,14],"texture":"#1"},"south":{"uv":[13,1,14,2],"texture":"#1"},"west":{"uv":[13,2,14,3],"texture":"#1"},"up":{"uv":[14,4,13,3],"texture":"#1"},"down":{"uv":[14,4,13,5],"texture":"#1"}}},{"from":[8,-2,6.875],"to":[8,1,9.125],"rotation":{"angle":0,"axis":"y","origin":[8,-1,7.125]},"faces":{"north":{"uv":[0,0,0,3],"texture":"#1"},"east":{"uv":[6,5,8.25,8],"texture":"#1"},"south":{"uv":[0,0,0,3],"texture":"#1"},"west":{"uv":[8,0,10.25,3],"texture":"#1"},"up":{"uv":[0,2.25,0,0],"texture":"#1"},"down":{"uv":[0,0,0,2.25],"texture":"#1"}}},{"from":[7.5,6.3,7.5],"to":[8.5,9.8,8.5],"rotation":{"angle":0,"axis":"y","origin":[6.5,6.3,7.5]},"faces":{"north":{"uv":[3,8,4,11.5],"texture":"#1"},"east":{"uv":[4,8,5,11.5],"texture":"#1"},"south":{"uv":[5,8,6,11.5],"texture":"#1"},"west":{"uv":[6,8,7,11.5],"texture":"#1"},"up":{"uv":[14,6,13,5],"texture":"#1"}}},{"from":[7.625,9.8,7.6077],"to":[8.375,12.6,8.3577],"rotation":{"angle":0,"axis":"x","origin":[8,15.01654,7.7803]},"faces":{"north":{"uv":[9,4,9.75,6.75],"texture":"#1"},"east":{"uv":[9,7,9.75,9.75],"texture":"#1"},"south":{"uv":[10,4,10.75,6.75],"texture":"#1"},"west":{"uv":[7,10,7.75,12.75],"texture":"#1"},"up":{"uv":[14.75,14.75,14,14],"texture":"#1"}}},{"from":[7.7,12.37665,7.70146],"to":[8.3,14.17665,8.30146],"rotation":{"angle":-22.5,"axis":"x","origin":[8,12.51654,7.7803]},"faces":{"north":{"uv":[8,13,8.5,14.75],"texture":"#1"},"east":{"uv":[13,8,13.5,9.75],"texture":"#1"},"south":{"uv":[9,13,9.5,14.75],"texture":"#1"},"west":{"uv":[10,13,10.5,14.75],"texture":"#1"},"up":{"uv":[15.5,4.5,15,4],"texture":"#1"}}},{"from":[7.772,13.73998,6.57496],"to":[8.228,15.10798,7.03096],"rotation":{"angle":-45,"axis":"x","origin":[8,14.67398,6.77796]},"faces":{"north":{"uv":[2,14,2.5,15.25],"texture":"#1"},"east":{"uv":[14,2,14.5,3.25],"texture":"#1"},"south":{"uv":[3,14,3.5,15.25],"texture":"#1"},"west":{"uv":[4,14,4.5,15.25],"texture":"#1"},"up":{"uv":[5.5,15.5,5,15],"texture":"#1"}}},{"from":[5.5,5.5,8.7],"to":[10.5,10.5,8.7],"rotation":{"angle":0,"axis":"y","origin":[8,7.2625,9.25]},"faces":{"north":{"uv":[3,0,8,5],"texture":"#1"},"east":{"uv":[0,0,0,5],"texture":"#1"},"south":{"uv":[3,0,8,5],"texture":"#1"},"west":{"uv":[0,0,0,5],"texture":"#1"},"up":{"uv":[0,5,0,0],"rotation":270,"texture":"#1"},"down":{"uv":[0,0,0,5],"rotation":90,"texture":"#1"}}},{"from":[8.02149,7.28399,8.45],"to":[9.02149,8.28399,8.95],"rotation":{"angle":45,"axis":"z","origin":[8,7.2625,9.25]},"faces":{"north":{"uv":[6,13,7,14],"texture":"#1"},"east":{"uv":[1,15,1.5,16],"texture":"#1"},"south":{"uv":[13,6,14,7],"texture":"#1"},"west":{"uv":[0,15,0.5,16],"texture":"#1"},"up":{"uv":[15.5,3,15,2],"rotation":270,"texture":"#1"},"down":{"uv":[15.5,3,15,4],"rotation":90,"texture":"#1"}}},{"from":[6.75,7.5,8.8],"to":[9.25,8.5,8.8],"rotation":{"angle":0,"axis":"x","origin":[8,7.2625,9.25]},"faces":{"north":{"uv":[8,3,10.5,4],"texture":"#1"},"east":{"uv":[0,0,0,1],"texture":"#1"},"south":{"uv":[8,3,10.5,4],"texture":"#1"},"west":{"uv":[0,0,0,1],"texture":"#1"},"up":{"uv":[0,2.5,0,0],"rotation":270,"texture":"#1"},"down":{"uv":[0,0,0,2.5],"rotation":90,"texture":"#1"}}},{"from":[6.5,5.275,8.825],"to":[9.5,7.775,8.825],"rotation":{"angle":0,"axis":"x","origin":[8,7.2625,9.25]},"faces":{"north":{"uv":[6,5,3,7.5],"texture":"#1"},"east":{"uv":[0,0,0,2.5],"texture":"#1"},"south":{"uv":[3,5,6,7.5],"texture":"#1"},"west":{"uv":[0,0,0,2.5],"texture":"#1"},"up":{"uv":[0,3,0,0],"rotation":270,"texture":"#1"},"down":{"uv":[0,0,0,3],"rotation":90,"texture":"#1"}}},{"from":[6.75,7.5,8.8],"to":[6.75,8.5,9.8],"rotation":{"angle":0,"axis":"y","origin":[8,7.2625,9.25]},"faces":{"north":{"uv":[0,0,0,1],"texture":"#1"},"east":{"uv":[8,13,7,14],"texture":"#1"},"south":{"uv":[0,0,0,1],"texture":"#1"},"west":{"uv":[7,13,8,14],"texture":"#1"},"up":{"uv":[1,0,0,0],"rotation":270,"texture":"#1"},"down":{"uv":[1,0,0,0],"rotation":90,"texture":"#1"}}},{"from":[7.9,7.5,8.9],"to":[7.9,8.5,9.8],"rotation":{"angle":0,"axis":"y","origin":[8,7.2625,9.25]},"faces":{"north":{"uv":[0,0,0,1],"texture":"#1"},"east":{"uv":[13,7,14,8],"texture":"#1"},"south":{"uv":[0,0,0,1],"texture":"#1"},"west":{"uv":[14,7,13,8],"texture":"#1"},"up":{"uv":[1,0,0,0],"rotation":270,"texture":"#1"},"down":{"uv":[1,0,0,0],"rotation":90,"texture":"#1"}}},{"from":[6.75,7.5,9.8],"to":[7.9,8.5,9.8],"rotation":{"angle":0,"axis":"y","origin":[8,7.2625,9.25]},"faces":{"north":{"uv":[12.25,6,11,7],"texture":"#1"},"east":{"uv":[0,0,0,1],"texture":"#1"},"south":{"uv":[11,6,12.25,7],"texture":"#1"},"west":{"uv":[0,0,0,1],"texture":"#1"},"up":{"uv":[0,1.25,0,0],"rotation":270,"texture":"#1"},"down":{"uv":[0,0,0,1.25],"rotation":90,"texture":"#1"}}},{"from":[9.25,7.5,8.8],"to":[9.25,8.5,9.8],"rotation":{"angle":0,"axis":"y","origin":[8,7.2625,9.25]},"faces":{"north":{"uv":[0,0,0,1],"texture":"#1"},"east":{"uv":[8,13,7,14],"texture":"#1"},"south":{"uv":[0,0,0,1],"texture":"#1"},"west":{"uv":[7,13,8,14],"texture":"#1"},"up":{"uv":[1,0,0,0],"rotation":270,"texture":"#1"},"down":{"uv":[1,0,0,0],"rotation":90,"texture":"#1"}}},{"from":[8.1,7.5,9.8],"to":[9.25,8.5,9.8],"rotation":{"angle":0,"axis":"y","origin":[8,7.2625,9.25]},"faces":{"north":{"uv":[11,6,12.25,7],"texture":"#1"},"east":{"uv":[0,0,0,1],"texture":"#1"},"south":{"uv":[12.25,6,11,7],"texture":"#1"},"west":{"uv":[0,0,0,1],"texture":"#1"},"up":{"uv":[0,0,0,1.25],"rotation":270,"texture":"#1"},"down":{"uv":[0,1.25,0,0],"rotation":90,"texture":"#1"}}},{"from":[8.1,7.5,8.9],"to":[8.1,8.5,9.8],"rotation":{"angle":0,"axis":"y","origin":[8,7.2625,9.25]},"faces":{"north":{"uv":[0,0,0,1],"texture":"#1"},"east":{"uv":[13,7,14,8],"texture":"#1"},"south":{"uv":[0,0,0,1],"texture":"#1"},"west":{"uv":[14,7,13,8],"texture":"#1"},"up":{"uv":[1,0,0,0],"rotation":270,"texture":"#1"},"down":{"uv":[1,0,0,0],"rotation":90,"texture":"#1"}}},{"from":[8,4.3,4.6],"to":[8,15.05,7.6],"rotation":{"angle":0,"axis":"y","origin":[8,-0.2,0]},"faces":{"north":{"uv":[0,0,0,10.75],"texture":"#1"},"east":{"uv":[3,0,0,10.75],"texture":"#1"},"south":{"uv":[0,0,0,10.75],"texture":"#1"},"west":{"uv":[0,0,3,10.75],"texture":"#1"},"up":{"uv":[0,3,0,0],"texture":"#1"},"down":{"uv":[0,0,0,3],"texture":"#1"}}},{"from":[7.25,6.2,6.35],"to":[8.75,6.2,7.85],"rotation":{"angle":0,"axis":"y","origin":[7.25,0.3,0]},"faces":{"north":{"uv":[0,0,1.5,0],"texture":"#1"},"east":{"uv":[0,0,1.5,0],"texture":"#1"},"south":{"uv":[0,0,1.5,0],"texture":"#1"},"west":{"uv":[0,0,1.5,0],"texture":"#1"},"up":{"uv":[8.5,9.5,7,8],"texture":"#1"},"down":{"uv":[7,8,8.5,9.5],"texture":"#1"}}},{"from":[7.25,8.45,6.35],"to":[8.75,8.45,7.85],"rotation":{"angle":0,"axis":"y","origin":[7.25,0.3,0]},"faces":{"north":{"uv":[0,0,1.5,0],"texture":"#1"},"east":{"uv":[0,0,1.5,0],"texture":"#1"},"south":{"uv":[0,0,1.5,0],"texture":"#1"},"west":{"uv":[0,0,1.5,0],"texture":"#1"},"up":{"uv":[8.5,9.5,7,8],"texture":"#1"},"down":{"uv":[7,8,8.5,9.5],"texture":"#1"}}},{"from":[7.25,10.7,6.35],"to":[8.75,10.7,7.85],"rotation":{"angle":0,"axis":"y","origin":[7.25,0.3,0]},"faces":{"north":{"uv":[0,0,1.5,0],"texture":"#1"},"east":{"uv":[0,0,1.5,0],"texture":"#1"},"south":{"uv":[0,0,1.5,0],"texture":"#1"},"west":{"uv":[0,0,1.5,0],"texture":"#1"},"up":{"uv":[8.5,9.5,7,8],"texture":"#1"},"down":{"uv":[7,8,8.5,9.5],"texture":"#1"}}},{"from":[7.25,13.175,6.25],"to":[8.75,13.175,7.75],"rotation":{"angle":-22.5,"axis":"x","origin":[8,13.325,7]},"faces":{"north":{"uv":[0,0,1.5,0],"texture":"#1"},"east":{"uv":[0,0,1.5,0],"texture":"#1"},"south":{"uv":[0,0,1.5,0],"texture":"#1"},"west":{"uv":[0,0,1.5,0],"texture":"#1"},"up":{"uv":[8.5,9.5,7,8],"texture":"#1"},"down":{"uv":[7,8,8.5,9.5],"texture":"#1"}}},{"from":[7.25,14.67224,5.75838],"to":[8.75,14.67224,7.25838],"rotation":{"angle":-45,"axis":"x","origin":[8,14.57224,6.48338]},"faces":{"north":{"uv":[0,0,1.5,0],"texture":"#1"},"east":{"uv":[0,0,1.5,0],"texture":"#1"},"south":{"uv":[0,0,1.5,0],"texture":"#1"},"west":{"uv":[0,0,1.5,0],"texture":"#1"},"up":{"uv":[8.5,9.5,7,8],"texture":"#1"},"down":{"uv":[7,8,8.5,9.5],"texture":"#1"}}},{"from":[7.7,8.1,5.175],"to":[8.3,8.7,5.775],"rotation":{"angle":0,"axis":"x","origin":[8,8.4,5.475]},"faces":{"north":{"uv":[15,5,15.5,5.5],"texture":"#1"},"east":{"uv":[6,15,6.5,15.5],"texture":"#1"},"south":{"uv":[15,6,15.5,6.5],"texture":"#1"},"west":{"uv":[7,15,7.5,15.5],"texture":"#1"},"up":{"uv":[15.5,7.5,15,7],"texture":"#1"},"down":{"uv":[8.5,15,8,15.5],"texture":"#1"}}},{"from":[7.1,5.25,5.75],"to":[7.1,15.25,9.75],"rotation":{"angle":0,"axis":"y","origin":[6.95,10.25,8.25]},"faces":{"north":{"uv":[0,0,0,10],"texture":"#2"},"south":{"uv":[0,0,0,10],"texture":"#2"},"west":{"uv":[0,0,5.33333,13.33333],"texture":"#2"},"up":{"uv":[0,4,0,0],"texture":"#2"},"down":{"uv":[0,0,0,4],"texture":"#2"}}},{"from":[8.9,5.25,5.75],"to":[8.9,15.25,9.75],"rotation":{"angle":0,"axis":"y","origin":[9.05,10.25,8.25]},"faces":{"north":{"uv":[0,0,0,10],"texture":"#2"},"east":{"uv":[5.33333,0,0,13.33333],"texture":"#2"},"south":{"uv":[0,0,0,10],"texture":"#2"},"up":{"uv":[0,4,0,0],"texture":"#2"},"down":{"uv":[0,0,0,4],"texture":"#2"}}}],"gui_light":"front","display":{"thirdperson_righthand":{"translation":[0,2.5,1]},"thirdperson_lefthand":{"translation":[0,2.5,1]},"firstperson_righthand":{"rotation":[-10,0,0],"translation":[-3.5,6,4.5]},"firstperson_lefthand":{"rotation":[-10,0,0],"translation":[-3.5,6,4.5]},"ground":{"translation":[0,10.5,0]},"gui":{"rotation":[-90,45,90],"translation":[-0.75,1.75,0],"scale":[1.22461,1.22461,1.22461]},"head":{"scale":[0,0,0]},"fixed":{"rotation":[90,-90,90],"translation":[0,2.75,-1],"scale":[2.17383,2.17383,2.17383]}}}