{"credit":"MadebyPolygonMC","texture_size":[20,20],"textures":{"1":"xmasset:animations/animation_1","2":"xmasset:hoe","particle":"xmasset:hoe"},"elements":[{"from":[7.35,1.25,7.35],"to":[8.65,1.75,8.65],"rotation":{"angle":0,"axis":"y","origin":[7.5,0.75,6.5]},"faces":{"north":{"uv":[4.8,12.8,5.8,13.2],"texture":"#2"},"east":{"uv":[12.8,4.8,13.8,5.2],"texture":"#2"},"south":{"uv":[12.8,5.6,13.8,6],"texture":"#2"},"west":{"uv":[6.4,12.8,7.4,13.2],"texture":"#2"},"up":{"uv":[10.6,7.4,9.6,6.4],"texture":"#2"},"down":{"uv":[9.8,9.6,8.8,10.6],"texture":"#2"}}},{"from":[7.35,5.8,7.35],"to":[8.65,6.3,8.65],"rotation":{"angle":0,"axis":"y","origin":[7.5,5.3,6.5]},"faces":{"north":{"uv":[12.8,6.4,13.8,6.8],"texture":"#2"},"east":{"uv":[12.8,7.2,13.8,7.6],"texture":"#2"},"south":{"uv":[8,12.8,9,13.2],"texture":"#2"},"west":{"uv":[12.8,8,13.8,8.4],"texture":"#2"},"up":{"uv":[11.4,1,10.4,0],"texture":"#2"},"down":{"uv":[11.4,1.6,10.4,2.6],"texture":"#2"}}},{"from":[7.35,11.8,7.35],"to":[8.65,12.3,8.65],"rotation":{"angle":0,"axis":"y","origin":[7.5,11.3,6.5]},"faces":{"north":{"uv":[12.8,8.8,13.8,9.2],"texture":"#2"},"east":{"uv":[9.6,12.8,10.6,13.2],"texture":"#2"},"south":{"uv":[12.8,9.6,13.8,10],"texture":"#2"},"west":{"uv":[12.8,10.4,13.8,10.8],"texture":"#2"},"up":{"uv":[11.4,9,10.4,8],"texture":"#2"},"down":{"uv":[11.4,9.6,10.4,10.6],"texture":"#2"}}},{"from":[7.5,1.75,7.5],"to":[8.5,2.75,8.5],"rotation":{"angle":0,"axis":"y","origin":[7.5,0.75,6.5]},"faces":{"north":{"uv":[3.2,10.4,4,11.2],"texture":"#2"},"east":{"uv":[2.4,12,3.2,12.8],"texture":"#2"},"south":{"uv":[12,3.2,12.8,4],"texture":"#2"},"west":{"uv":[12,4,12.8,4.8],"texture":"#2"},"up":{"uv":[12.8,5.6,12,4.8],"texture":"#2"},"down":{"uv":[12.8,5.6,12,6.4],"texture":"#2"}}},{"from":[7.5,4.8,7.5],"to":[8.5,5.8,8.5],"rotation":{"angle":0,"axis":"y","origin":[7.5,3.8,6.5]},"faces":{"north":{"uv":[7.2,12,8,12.8],"texture":"#2"},"east":{"uv":[8,12,8.8,12.8],"texture":"#2"},"south":{"uv":[12,8,12.8,8.8],"texture":"#2"},"west":{"uv":[12,8.8,12.8,9.6],"texture":"#2"},"up":{"uv":[12.8,10.4,12,9.6],"texture":"#2"},"down":{"uv":[12.8,10.4,12,11.2],"texture":"#2"}}},{"from":[7.6,2.75,7.6],"to":[8.4,3.55,8.4],"rotation":{"angle":0,"axis":"y","origin":[7.5,1.75,6.5]},"faces":{"north":{"uv":[11.2,12.8,11.8,13.4],"texture":"#2"},"east":{"uv":[12.8,11.2,13.4,11.8],"texture":"#2"},"south":{"uv":[12,12.8,12.6,13.4],"texture":"#2"},"west":{"uv":[12.8,12,13.4,12.6],"texture":"#2"},"up":{"uv":[13.4,13.4,12.8,12.8],"texture":"#2"},"down":{"uv":[0.6,13.6,0,14.2],"texture":"#2"}}},{"from":[7.6,4.05,7.6],"to":[8.4,4.85,8.4],"rotation":{"angle":0,"axis":"y","origin":[7.5,3.05,6.5]},"faces":{"north":{"uv":[13.6,0,14.2,0.6],"texture":"#2"},"east":{"uv":[0.8,13.6,1.4,14.2],"texture":"#2"},"south":{"uv":[13.6,0.8,14.2,1.4],"texture":"#2"},"west":{"uv":[1.6,13.6,2.2,14.2],"texture":"#2"},"up":{"uv":[3,14.2,2.4,13.6],"texture":"#2"},"down":{"uv":[14.2,2.4,13.6,3],"texture":"#2"}}},{"from":[7.41,0.26,7.41],"to":[8.59,1.44,8.59],"rotation":{"angle":-45,"axis":"x","origin":[8,0.85,8]},"faces":{"north":{"uv":[0,11.2,1,12.2],"texture":"#2"},"east":{"uv":[3.2,11.2,4.2,12.2],"texture":"#2"},"south":{"uv":[4.8,11.2,5.8,12.2],"texture":"#2"},"west":{"uv":[11.2,6.4,12.2,7.4],"texture":"#2"},"up":{"uv":[9.8,12.2,8.8,11.2],"texture":"#2"},"down":{"uv":[11.4,11.2,10.4,12.2],"texture":"#2"}}},{"from":[7.51,3.31,7.51],"to":[8.49,4.29,8.49],"rotation":{"angle":-45,"axis":"x","origin":[8,3.8,8]},"faces":{"north":{"uv":[12,11.2,12.8,12],"texture":"#2"},"east":{"uv":[12,12,12.8,12.8],"texture":"#2"},"south":{"uv":[0,12.8,0.8,13.6],"texture":"#2"},"west":{"uv":[12.8,0,13.6,0.8],"texture":"#2"},"up":{"uv":[1.6,13.6,0.8,12.8],"texture":"#2"},"down":{"uv":[13.6,0.8,12.8,1.6],"texture":"#2"}}},{"from":[7.4,12.25,7],"to":[8.6,14.25,9],"rotation":{"angle":-45,"axis":"x","origin":[8,13.25,8]},"faces":{"north":{"uv":[1.6,8,2.6,9.6],"texture":"#2"},"east":{"uv":[7.2,0,8.8,1.6],"texture":"#2"},"south":{"uv":[7.2,8,8.2,9.6],"texture":"#2"},"west":{"uv":[7.2,1.6,8.8,3.2],"texture":"#2"},"up":{"uv":[9.8,1.6,8.8,0],"texture":"#2"},"down":{"uv":[9.8,1.6,8.8,3.2],"texture":"#2"}}},{"from":[7.15,12.5,7.25],"to":[8.85,14,8.75],"rotation":{"angle":-45,"axis":"x","origin":[8,13.25,8]},"faces":{"north":{"uv":[7.2,3.2,8.6,4.4],"texture":"#2"},"east":{"uv":[8.8,8,10,9.2],"texture":"#2"},"south":{"uv":[7.2,4.8,8.6,6],"texture":"#2"},"west":{"uv":[0,9.6,1.2,10.8],"texture":"#2"},"up":{"uv":[8.6,7.6,7.2,6.4],"texture":"#2"},"down":{"uv":[1.4,8,0,9.2],"texture":"#2"}}},{"from":[7.6,12.45,5],"to":[8.4,13.2,7.75],"rotation":{"angle":-22.5,"axis":"x","origin":[8,12.95,6]},"faces":{"east":{"uv":[9.6,3.2,11.8,3.8],"texture":"#2"},"west":{"uv":[9.6,4,11.8,4.6],"texture":"#2"},"up":{"uv":[2.2,11.8,1.6,9.6],"texture":"#2"},"down":{"uv":[3,9.6,2.4,11.8],"texture":"#2"}}},{"from":[7.6,13.2,7],"to":[8.4,13.95,7.75],"rotation":{"angle":-22.5,"axis":"x","origin":[8,12.95,6]},"faces":{"north":{"uv":[3.2,13.6,3.8,14.2],"texture":"#2"},"east":{"uv":[13.6,3.2,14.2,3.8],"texture":"#2"},"south":{"uv":[4,13.6,4.6,14.2],"texture":"#2"},"west":{"uv":[13.6,4,14.2,4.6],"texture":"#2"},"up":{"uv":[5.4,14.2,4.8,13.6],"texture":"#2"}}},{"from":[7.775,13.20381,5.01913],"to":[8.225,13.80381,7.01913],"rotation":{"angle":-22.5,"axis":"x","origin":[8,12.90381,6.01913]},"faces":{"east":{"uv":[12.8,1.6,14.4,2],"texture":"#2"},"west":{"uv":[2.4,12.8,4,13.2],"texture":"#2"},"up":{"uv":[13.2,4,12.8,2.4],"texture":"#2"}}},{"from":[7.5,11.85,4.15],"to":[8.5,14.35,5.15],"rotation":{"angle":-45,"axis":"x","origin":[8,12.9,5]},"faces":{"north":{"uv":[3.2,8,4,10],"texture":"#2"},"east":{"uv":[8.8,3.2,9.6,5.2],"texture":"#2"},"south":{"uv":[8.8,5.6,9.6,7.6],"texture":"#2"},"west":{"uv":[6.4,8.8,7.2,10.8],"texture":"#2"},"up":{"uv":[4.8,13.6,4,12.8],"texture":"#2"},"down":{"uv":[13.6,4,12.8,4.8],"texture":"#2"}}},{"from":[7.565,13.1521,3.71915],"to":[8.435,14.7321,4.58915],"rotation":{"angle":22.5,"axis":"x","origin":[8,13.9671,4.17915]},"faces":{"north":{"uv":[6.4,11.2,7,12.4],"texture":"#2"},"east":{"uv":[12,0,12.6,1.2],"texture":"#2"},"south":{"uv":[1.6,12,2.2,13.2],"texture":"#2"},"west":{"uv":[12,1.6,12.6,2.8],"texture":"#2"},"up":{"uv":[6.2,14.2,5.6,13.6],"texture":"#2"}}},{"from":[7.6,12.45,8.25],"to":[8.4,13.2,11],"rotation":{"angle":22.5,"axis":"x","origin":[8,12.95,10]},"faces":{"east":{"uv":[11.8,3.2,9.6,3.8],"texture":"#2"},"west":{"uv":[11.8,4,9.6,4.6],"texture":"#2"},"up":{"uv":[2.2,9.6,1.6,11.8],"texture":"#2"},"down":{"uv":[3,11.8,2.4,9.6],"texture":"#2"}}},{"from":[7.6,13.2,8.25],"to":[8.4,13.95,9],"rotation":{"angle":22.5,"axis":"x","origin":[8,12.95,10]},"faces":{"north":{"uv":[4.6,13.6,4,14.2],"texture":"#2"},"east":{"uv":[14.2,3.2,13.6,3.8],"texture":"#2"},"south":{"uv":[3.8,13.6,3.2,14.2],"texture":"#2"},"west":{"uv":[14.2,4,13.6,4.6],"texture":"#2"},"up":{"uv":[5.4,13.6,4.8,14.2],"texture":"#2"}}},{"from":[7.775,13.20381,8.98087],"to":[8.225,13.80381,10.98087],"rotation":{"angle":22.5,"axis":"x","origin":[8,12.90381,9.98087]},"faces":{"east":{"uv":[14.4,1.6,12.8,2],"texture":"#2"},"west":{"uv":[4,12.8,2.4,13.2],"texture":"#2"},"up":{"uv":[13.2,2.4,12.8,4],"texture":"#2"}}},{"from":[7.5,11.85,10.85],"to":[8.5,14.35,11.85],"rotation":{"angle":45,"axis":"x","origin":[8,12.9,11]},"faces":{"north":{"uv":[9.6,5.6,8.8,7.6],"texture":"#2"},"east":{"uv":[9.6,3.2,8.8,5.2],"texture":"#2"},"south":{"uv":[4,8,3.2,10],"texture":"#2"},"west":{"uv":[7.2,8.8,6.4,10.8],"texture":"#2"},"up":{"uv":[4.8,12.8,4,13.6],"texture":"#2"},"down":{"uv":[13.6,4.8,12.8,4],"texture":"#2"}}},{"from":[7.565,13.1521,11.41085],"to":[8.435,14.7321,12.28085],"rotation":{"angle":-22.5,"axis":"x","origin":[8,13.9671,11.82085]},"faces":{"north":{"uv":[2.2,12,1.6,13.2],"texture":"#2"},"east":{"uv":[12.6,0,12,1.2],"texture":"#2"},"south":{"uv":[7,11.2,6.4,12.4],"texture":"#2"},"west":{"uv":[12.6,1.6,12,2.8],"texture":"#2"},"up":{"uv":[6.2,13.6,5.6,14.2],"texture":"#2"}}},{"from":[8,-2,6.875],"to":[8,1,9.125],"rotation":{"angle":0,"axis":"y","origin":[8,-1,7.125]},"faces":{"north":{"uv":[0,0,0,2.4],"texture":"#2"},"east":{"uv":[4,4,5.8,6.4],"texture":"#2"},"south":{"uv":[0,0,0,2.4],"texture":"#2"},"west":{"uv":[4,4,5.8,6.4],"texture":"#2"},"up":{"uv":[0,1.8,0,0],"texture":"#2"},"down":{"uv":[0,0,0,1.8],"texture":"#2"}}},{"from":[7.3,10.85,5.5],"to":[7.3,15.85,10.5],"rotation":{"angle":0,"axis":"y","origin":[8,22.2,8]},"faces":{"north":{"uv":[0,0,0,4],"texture":"#2"},"south":{"uv":[0,0,0,4],"texture":"#2"},"west":{"uv":[0,4,4,8],"texture":"#2"},"up":{"uv":[0,4,0,0],"texture":"#2"},"down":{"uv":[0,0,0,4],"texture":"#2"}}},{"from":[8.7,10.85,5.5],"to":[8.7,15.85,10.5],"rotation":{"angle":0,"axis":"y","origin":[8,22.2,8]},"faces":{"north":{"uv":[0,0,0,4],"texture":"#2"},"east":{"uv":[4,4,0,8],"texture":"#2"},"south":{"uv":[0,0,0,4],"texture":"#2"},"up":{"uv":[0,4,0,0],"texture":"#2"},"down":{"uv":[0,0,0,4],"texture":"#2"}}},{"from":[7.5,6.3,7.5],"to":[8.5,11.8,8.5],"rotation":{"angle":0,"axis":"y","origin":[6.5,6.3,7.5]},"faces":{"north":{"uv":[4,6.4,4.8,10.8],"texture":"#2"},"east":{"uv":[6.4,4,7.2,8.4],"texture":"#2"},"south":{"uv":[4.8,6.4,5.6,10.8],"texture":"#2"},"west":{"uv":[5.6,6.4,6.4,10.8],"texture":"#2"}}},{"from":[7.6,11.67872,2.02507],"to":[8.4,12.47872,4.32507],"rotation":{"angle":-22.5,"axis":"x","origin":[8,11.84602,2.12109]},"faces":{"north":{"uv":[6.4,13.6,7,14.2],"texture":"#2"},"east":{"uv":[9.6,4.8,11.4,5.4],"texture":"#2"},"south":{"uv":[7.2,13.6,7.8,14.2],"texture":"#2"},"west":{"uv":[9.6,5.6,11.4,6.2],"texture":"#2"},"up":{"uv":[7.8,11.4,7.2,9.6],"texture":"#2"},"down":{"uv":[8.6,9.6,8,11.4],"texture":"#2"}}},{"from":[7.7,11.79997,1.21097],"to":[8.3,12.39997,2.26097],"rotation":{"angle":-45,"axis":"x","origin":[8,11.84602,2.12109]},"faces":{"north":{"uv":[11.2,13.6,11.6,14],"texture":"#2"},"east":{"uv":[8,13.6,8.8,14],"texture":"#2"},"south":{"uv":[13.6,11.2,14,11.6],"texture":"#2"},"west":{"uv":[8.8,13.6,9.6,14],"texture":"#2"},"up":{"uv":[10,14.4,9.6,13.6],"texture":"#2"},"down":{"uv":[10.8,13.6,10.4,14.4],"texture":"#2"}}},{"from":[7.8,10.66119,1.34036],"to":[8.2,11.21119,1.74036],"rotation":{"angle":22.5,"axis":"x","origin":[8,11.84602,2.12109]},"faces":{"north":{"uv":[12,13.6,12.4,14],"texture":"#2"},"east":{"uv":[13.6,12,14,12.4],"texture":"#2"},"south":{"uv":[12.8,13.6,13.2,14],"texture":"#2"},"west":{"uv":[13.6,12.8,14,13.2],"texture":"#2"},"up":{"uv":[14,14,13.6,13.6],"texture":"#2"},"down":{"uv":[0.4,14.4,0,14.8],"texture":"#2"}}},{"from":[8,8.5,-1.5],"to":[8,12.75,7.5],"rotation":{"angle":-22.5,"axis":"x","origin":[8,11.25,3]},"faces":{"north":{"uv":[0,0,0,3.4],"texture":"#2"},"east":{"uv":[7.2,0,0,3.4],"texture":"#2"},"south":{"uv":[0,0,0,3.4],"texture":"#2"},"west":{"uv":[0,0,7.2,3.4],"texture":"#2"},"up":{"uv":[0,7.2,0,0],"texture":"#2"},"down":{"uv":[0,0,0,7.2],"texture":"#2"}}},{"from":[7.475,9.65,-0.55],"to":[7.475,12.65,2.45],"rotation":{"angle":0,"axis":"y","origin":[7.3,13.25,8.8]},"faces":{"north":{"uv":[0,0,0,2.4],"texture":"#1"},"south":{"uv":[0,0,0,2.4],"texture":"#1"},"west":{"uv":[0,4.61667,4.33336,8.95003],"texture":"#1"},"up":{"uv":[0,0,2.4,0],"rotation":90,"texture":"#1"},"down":{"uv":[0,0,2.4,0],"rotation":270,"texture":"#1"}}},{"from":[7.475,11.85,11],"to":[7.475,14.85,14],"rotation":{"angle":0,"axis":"y","origin":[7.3,14.6,4.25]},"faces":{"north":{"uv":[0,0,0,2.4],"texture":"#1"},"south":{"uv":[0,0,0,2.4],"texture":"#1"},"west":{"uv":[0.99669,10.03333,5.33008,14.36669],"texture":"#1"},"up":{"uv":[0,0,2.4,0],"rotation":90,"texture":"#1"},"down":{"uv":[0,0,2.4,0],"rotation":270,"texture":"#1"}}},{"from":[7.175,13.025,6.9],"to":[7.175,16.025,9.9],"rotation":{"angle":0,"axis":"y","origin":[7.475,9.975,10.65]},"faces":{"north":{"uv":[0,0,0,2.4],"texture":"#1"},"south":{"uv":[0,0,0,2.4],"texture":"#1"},"west":{"uv":[0,0,4.33336,4.33336],"texture":"#1"},"up":{"uv":[0,0,2.4,0],"rotation":90,"texture":"#1"},"down":{"uv":[0,0,2.4,0],"rotation":270,"texture":"#1"}}},{"from":[8.525,9.65,-0.55],"to":[8.525,12.65,2.45],"rotation":{"angle":0,"axis":"y","origin":[8.7,13.25,8.8]},"faces":{"north":{"uv":[0,0,0,2.4],"texture":"#1"},"east":{"uv":[4.33336,4.61667,0,8.95003],"texture":"#1"},"south":{"uv":[0,0,0,2.4],"texture":"#1"},"up":{"uv":[0,0,2.4,0],"rotation":90,"texture":"#1"},"down":{"uv":[0,0,2.4,0],"rotation":270,"texture":"#1"}}},{"from":[8.825,13.025,6.9],"to":[8.825,16.025,9.9],"rotation":{"angle":0,"axis":"y","origin":[8.525,9.975,10.65]},"faces":{"north":{"uv":[0,0,0,2.4],"texture":"#1"},"east":{"uv":[4.33336,0,0,4.33336],"texture":"#1"},"south":{"uv":[0,0,0,2.4],"texture":"#1"},"up":{"uv":[0,0,2.4,0],"rotation":90,"texture":"#1"},"down":{"uv":[0,0,2.4,0],"rotation":270,"texture":"#1"}}},{"from":[8.525,11.85,11],"to":[8.525,14.85,14],"rotation":{"angle":0,"axis":"y","origin":[8.7,14.6,4.25]},"faces":{"north":{"uv":[0,0,0,2.4],"texture":"#1"},"east":{"uv":[5.33008,10.03333,0.99669,14.36669],"texture":"#1"},"south":{"uv":[0,0,0,2.4],"texture":"#1"},"up":{"uv":[0,0,2.4,0],"rotation":90,"texture":"#1"},"down":{"uv":[0,0,2.4,0],"rotation":270,"texture":"#1"}}}],"gui_light":"front","display":{"thirdperson_righthand":{"translation":[0,2.25,1]},"thirdperson_lefthand":{"translation":[0,2.25,1]},"firstperson_righthand":{"rotation":[-10,0,0],"translation":[-1,3.75,1]},"firstperson_lefthand":{"rotation":[-10,0,0],"translation":[-1,3.75,1]},"ground":{"translation":[0,10.5,0]},"gui":{"rotation":[-90,45,90],"translation":[0.25,-0.25,0],"scale":[0.95313,0.95313,0.95313]},"head":{"scale":[0,0,0]},"fixed":{"rotation":[90,-90,90],"translation":[0,2.75,-1],"scale":[2.17383,2.17383,2.17383]}}}