{"credit":"MadebyPolygonMC","texture_size":[28,28],"textures":{"1":"malikaset:helmet"},"elements":[{"from":[10.5,4.25,5.5],"to":[11.5,6.25,7.5],"rotation":{"angle":0,"axis":"y","origin":[-0.5,4.25,0.5]},"faces":{"east":{"uv":[5.71429,1.14286,6.85714,2.28571],"texture":"#1"},"west":{"uv":[8.57143,10.28571,9.71429,11.42857],"texture":"#1"},"up":{"uv":[0.57143,12.57143,0,11.42857],"texture":"#1"},"down":{"uv":[1.14286,11.42857,0.57143,12.57143],"texture":"#1"}}},{"from":[4.5,9.25,4.5],"to":[11.5,10.25,5.5],"rotation":{"angle":0,"axis":"y","origin":[-0.5,4.25,0.5]},"faces":{"north":{"uv":[10.28571,0,14.28571,0.57143],"texture":"#1"},"east":{"uv":[9.71429,10.28571,10.28571,10.85714],"texture":"#1"},"south":{"uv":[10.28571,0.57143,14.28571,1.14286],"texture":"#1"},"west":{"uv":[4.57143,11.42857,5.14286,12],"texture":"#1"},"down":{"uv":[14.28571,1.14286,10.28571,1.71429],"texture":"#1"}}},{"from":[8.5,11.5,4.25],"to":[13,13,4.25],"rotation":{"angle":22.5,"axis":"z","origin":[10.75,12.25,4.25]},"faces":{"north":{"uv":[10.28571,6.28571,12.85714,7.14286],"texture":"#1"},"east":{"uv":[0,0,0,0.85714],"texture":"#1"},"south":{"uv":[12.85714,6.28571,10.28571,7.14286],"texture":"#1"},"west":{"uv":[0,0,0,0.85714],"texture":"#1"},"up":{"uv":[2.57143,0,0,0],"texture":"#1"},"down":{"uv":[2.57143,0,0,0],"texture":"#1"}}},{"from":[3,11.5,4.25],"to":[7.5,13,4.25],"rotation":{"angle":-22.5,"axis":"z","origin":[5.25,12.25,4.25]},"faces":{"north":{"uv":[12.85714,6.28571,10.28571,7.14286],"texture":"#1"},"east":{"uv":[0,0,0,0.85714],"texture":"#1"},"south":{"uv":[10.28571,6.28571,12.85714,7.14286],"texture":"#1"},"west":{"uv":[0,0,0,0.85714],"texture":"#1"},"up":{"uv":[0,0,2.57143,0],"texture":"#1"},"down":{"uv":[0,0,2.57143,0],"texture":"#1"}}},{"from":[10.5,9.25,5.5],"to":[11.5,10.25,7.5],"rotation":{"angle":0,"axis":"y","origin":[-0.5,4.25,0.5]},"faces":{"north":{"uv":[5.14286,11.42857,5.71429,12],"texture":"#1"},"east":{"uv":[5.71429,2.28571,6.85714,2.85714],"texture":"#1"},"south":{"uv":[5.71429,11.42857,6.28571,12],"texture":"#1"},"west":{"uv":[6.85714,2.28571,8,2.85714],"texture":"#1"},"up":{"uv":[1.71429,12.57143,1.14286,11.42857],"texture":"#1"},"down":{"uv":[2.28571,11.42857,1.71429,12.57143],"texture":"#1"}}},{"from":[11.5,7.25,4.5],"to":[11.5,9.25,7.5],"rotation":{"angle":0,"axis":"y","origin":[-0.5,3.25,0.5]},"faces":{"north":{"uv":[0,0,0,1.14286],"texture":"#1"},"east":{"uv":[5.71429,0,7.42857,1.14286],"texture":"#1"},"south":{"uv":[0,0,0,1.14286],"texture":"#1"},"west":{"uv":[7.42857,0,5.71429,1.14286],"texture":"#1"},"up":{"uv":[0,1.71429,0,0],"texture":"#1"},"down":{"uv":[0,0,0,1.71429],"texture":"#1"}}},{"from":[4.5,7.25,4.5],"to":[4.5,9.25,7.5],"rotation":{"angle":0,"axis":"y","origin":[16.5,3.25,0.5]},"faces":{"north":{"uv":[0,0,0,1.14286],"texture":"#1"},"east":{"uv":[5.71429,0,7.42857,1.14286],"texture":"#1"},"south":{"uv":[0,0,0,1.14286],"texture":"#1"},"west":{"uv":[7.42857,0,5.71429,1.14286],"texture":"#1"},"up":{"uv":[0,1.71429,0,0],"texture":"#1"},"down":{"uv":[0,0,0,1.71429],"texture":"#1"}}},{"from":[4.501,7.25,4.5],"to":[11.501,9.25,4.5],"rotation":{"angle":0,"axis":"y","origin":[10.001,8.25,4.5]},"faces":{"north":{"uv":[0,10.28571,4,11.42857],"texture":"#1"},"east":{"uv":[0,0,0,1.14286],"texture":"#1"},"south":{"uv":[4,10.28571,0,11.42857],"texture":"#1"},"west":{"uv":[0,0,0,1.14286],"texture":"#1"},"up":{"uv":[4,0,0,0],"texture":"#1"},"down":{"uv":[4,0,0,0],"texture":"#1"}}},{"from":[4.5,3.75,4.55],"to":[11.5,5.75,4.55],"rotation":{"angle":0,"axis":"y","origin":[10,4.75,4.55]},"faces":{"north":{"uv":[0,14.14286,4,13],"texture":"#1"},"east":{"uv":[0,1.14286,0,0],"texture":"#1"},"south":{"uv":[4,14.14286,0,13],"texture":"#1"},"west":{"uv":[0,1.14286,0,0],"texture":"#1"},"up":{"uv":[4,0,0,0],"texture":"#1"},"down":{"uv":[4,0,0,0],"texture":"#1"}}},{"from":[11.65,5.44134,3.96194],"to":[11.65,10.44134,13.96194],"rotation":{"angle":-45,"axis":"x","origin":[8,7.94134,8.96194]},"faces":{"north":{"uv":[0,0,0,2.85714],"texture":"#1"},"east":{"uv":[0,2.85714,5.71429,0],"texture":"#1"},"south":{"uv":[0,0,0,2.85714],"texture":"#1"},"west":{"uv":[5.71429,2.85714,0,0],"texture":"#1"},"up":{"uv":[0,5.71429,0,0],"texture":"#1"},"down":{"uv":[0,0,0,5.71429],"texture":"#1"}}},{"from":[4.35,5.44134,3.96194],"to":[4.35,10.44134,13.96194],"rotation":{"angle":-45,"axis":"x","origin":[8,7.94134,8.96194]},"faces":{"north":{"uv":[0,0,0,2.85714],"texture":"#1"},"east":{"uv":[0,2.85714,5.71429,0],"texture":"#1"},"south":{"uv":[0,0,0,2.85714],"texture":"#1"},"west":{"uv":[5.71429,2.85714,0,0],"texture":"#1"},"up":{"uv":[0,5.71429,0,0],"texture":"#1"},"down":{"uv":[0,0,0,5.71429],"texture":"#1"}}},{"from":[10.5,11.25,4.5],"to":[10.5,12.25,11.5],"rotation":{"angle":0,"axis":"y","origin":[-1.5,7.25,0.5]},"faces":{"north":{"uv":[0,0,0,0.57143],"texture":"#1"},"east":{"uv":[10.28571,5.71429,14.28571,6.28571],"texture":"#1"},"south":{"uv":[0,0,0,0.57143],"texture":"#1"},"west":{"uv":[14.28571,5.71429,10.28571,6.28571],"texture":"#1"},"up":{"uv":[0,4,0,0],"texture":"#1"},"down":{"uv":[0,0,0,4],"texture":"#1"}}},{"from":[5.5,11.25,4.5],"to":[5.5,12.25,11.5],"rotation":{"angle":0,"axis":"y","origin":[17.5,7.25,0.5]},"faces":{"north":{"uv":[0,0,0,0.57143],"texture":"#1"},"east":{"uv":[10.28571,5.71429,14.28571,6.28571],"texture":"#1"},"south":{"uv":[0,0,0,0.57143],"texture":"#1"},"west":{"uv":[14.28571,5.71429,10.28571,6.28571],"texture":"#1"},"up":{"uv":[0,4,0,0],"texture":"#1"},"down":{"uv":[0,0,0,4],"texture":"#1"}}},{"from":[5.5,4.25,10.5],"to":[10.5,10.25,11.5],"rotation":{"angle":0,"axis":"y","origin":[-0.5,4.25,0.5]},"faces":{"north":{"uv":[0,6.85714,2.85714,10.28571],"texture":"#1"},"south":{"uv":[2.85714,6.85714,5.71429,10.28571],"texture":"#1"},"up":{"uv":[6.85714,11.42857,4,10.85714],"texture":"#1"},"down":{"uv":[13.71429,7.42857,10.85714,8],"texture":"#1"}}},{"from":[4.5,10.25,4.5],"to":[11.5,11.25,11.5],"rotation":{"angle":0,"axis":"y","origin":[-0.5,4.25,0.5]},"faces":{"north":{"uv":[10.28571,1.71429,14.28571,2.28571],"texture":"#1"},"east":{"uv":[10.28571,2.28571,14.28571,2.85714],"texture":"#1"},"south":{"uv":[10.28571,2.85714,14.28571,3.42857],"texture":"#1"},"west":{"uv":[4,10.28571,8,10.85714],"texture":"#1"},"up":{"uv":[4,6.85714,0,2.85714],"texture":"#1"},"down":{"uv":[8,2.85714,4,6.85714],"texture":"#1"}}},{"from":[10.5,4.25,7.5],"to":[11.5,10.25,11.5],"rotation":{"angle":0,"axis":"y","origin":[-0.5,4.25,0.5]},"faces":{"north":{"uv":[10.28571,7.42857,10.85714,10.85714],"texture":"#1"},"east":{"uv":[5.71429,6.85714,8,10.28571],"texture":"#1"},"south":{"uv":[8,10.28571,8.57143,13.71429],"texture":"#1"},"west":{"uv":[8,0,10.28571,3.42857],"texture":"#1"},"down":{"uv":[8,0,7.42857,2.28571],"texture":"#1"}}},{"from":[10,4.25,4.5],"to":[11.5,6.25,5.5],"rotation":{"angle":0,"axis":"y","origin":[15.5,4.25,0.5]},"faces":{"north":{"uv":[10.85714,9.14286,11.71429,10.28571],"texture":"#1"},"east":{"uv":[6.85714,1.14286,7.42857,2.28571],"texture":"#1"},"south":{"uv":[9.71429,10.85714,10.57143,12],"texture":"#1"},"west":{"uv":[10.85714,10.28571,11.42857,11.42857],"texture":"#1"},"up":{"uv":[3.14286,12,2.28571,11.42857],"texture":"#1"},"down":{"uv":[4.28571,11.42857,3.42857,12],"texture":"#1"}}},{"from":[4.5,4.25,7.5],"to":[5.5,10.25,11.5],"rotation":{"angle":0,"axis":"y","origin":[16.5,4.25,0.5]},"faces":{"north":{"uv":[10.85714,7.42857,10.28571,10.85714],"texture":"#1"},"east":{"uv":[10.28571,0,8,3.42857],"texture":"#1"},"south":{"uv":[8.57143,10.28571,8,13.71429],"texture":"#1"},"west":{"uv":[8,6.85714,5.71429,10.28571],"texture":"#1"},"down":{"uv":[7.42857,0,8,2.28571],"texture":"#1"}}},{"from":[4.5,9.25,5.5],"to":[5.5,10.25,7.5],"rotation":{"angle":0,"axis":"y","origin":[16.5,4.25,0.5]},"faces":{"north":{"uv":[5.71429,11.42857,5.14286,12],"texture":"#1"},"east":{"uv":[8,2.28571,6.85714,2.85714],"texture":"#1"},"south":{"uv":[6.28571,11.42857,5.71429,12],"texture":"#1"},"west":{"uv":[6.85714,2.28571,5.71429,2.85714],"texture":"#1"},"up":{"uv":[1.14286,12.57143,1.71429,11.42857],"texture":"#1"},"down":{"uv":[1.71429,11.42857,2.28571,12.57143],"texture":"#1"}}},{"from":[4.5,4.25,4.5],"to":[6,6.25,5.5],"rotation":{"angle":0,"axis":"y","origin":[0.5,4.25,0.5]},"faces":{"north":{"uv":[11.71429,9.14286,10.85714,10.28571],"texture":"#1"},"east":{"uv":[11.42857,10.28571,10.85714,11.42857],"texture":"#1"},"south":{"uv":[10.57143,10.85714,9.71429,12],"texture":"#1"},"west":{"uv":[7.42857,1.14286,6.85714,2.28571],"texture":"#1"},"up":{"uv":[2.28571,12,3.14286,11.42857],"texture":"#1"},"down":{"uv":[3.42857,11.42857,4.28571,12],"texture":"#1"}}},{"from":[4.5,4.25,5.5],"to":[5.5,6.25,7.5],"rotation":{"angle":0,"axis":"y","origin":[16.5,4.25,0.5]},"faces":{"east":{"uv":[9.71429,10.28571,8.57143,11.42857],"texture":"#1"},"west":{"uv":[6.85714,1.14286,5.71429,2.28571],"texture":"#1"},"up":{"uv":[0,12.57143,0.57143,11.42857],"texture":"#1"},"down":{"uv":[0.57143,11.42857,1.14286,12.57143],"texture":"#1"}}},{"from":[7,10.5,4],"to":[9,12.5,11.75],"rotation":{"angle":45,"axis":"z","origin":[8,11.5,7.5]},"faces":{"north":{"uv":[6.85714,10.85714,8,12],"texture":"#1"},"east":{"uv":[8,3.42857,12.42857,4.57143],"texture":"#1"},"south":{"uv":[10.85714,8,12,9.14286],"texture":"#1"},"west":{"uv":[8,4.57143,12.42857,5.71429],"texture":"#1"},"up":{"uv":[9.14286,10.14286,8,5.71429],"texture":"#1"},"down":{"uv":[10.28571,5.71429,9.14286,10.14286],"texture":"#1"}}}],"gui_light":"front","display":{"thirdperson_righthand":{"rotation":[59.75,0,0],"translation":[0,1.75,0.75],"scale":[0.62305,0.62305,0.62305]},"thirdperson_lefthand":{"rotation":[59.75,0,0],"translation":[0,1.75,0.75],"scale":[0.62305,0.62305,0.62305]},"firstperson_righthand":{"rotation":[152.5,0,-180],"translation":[-2.5,5,1.75]},"firstperson_lefthand":{"rotation":[152.5,0,-180],"translation":[-2.5,5,1.75]},"ground":{"translation":[0,4.75,0],"scale":[1.13867,1.13867,1.13867]},"gui":{"rotation":[0,180,0],"translation":[0,-0.75,0],"scale":[1.65039,1.65039,1.65039]},"head":{"translation":[0,0.5,0],"scale":[2.12695,2.12695,2.12695]},"fixed":{"rotation":[-90,0,0],"translation":[0,0,-12.25],"scale":[2.73047,2.73047,2.73047]}}}