{"credit":"MadebyPolygonMC","texture_size":[12,12],"textures":{"0":"malikaset:key","1":"malikaset:animations_1","particle":"malikaset:key"},"elements":[{"from":[7.25,6.75,8.375],"to":[8.75,9.25,10.875],"rotation":{"angle":0,"axis":"y","origin":[7,6.5,8.125]},"faces":{"north":{"uv":[6.66667,8,8.66667,11.33333],"texture":"#0"},"east":{"uv":[0,2.66667,3.33333,6],"texture":"#0"},"south":{"uv":[0,9.33333,2,12.66667],"texture":"#0"},"west":{"uv":[4,2.66667,7.33333,6],"texture":"#0"},"up":{"uv":[11.33333,7.33333,9.33333,4],"texture":"#0"},"down":{"uv":[11.33333,8,9.33333,11.33333],"texture":"#0"}}},{"from":[7.05,7.25,8.875],"to":[8.95,8.75,10.375],"rotation":{"angle":-45,"axis":"x","origin":[8,8,9.625]},"faces":{"north":{"uv":[9.33333,0,12,2],"texture":"#0"},"east":{"uv":[12,10.66667,14,12.66667],"texture":"#0"},"south":{"uv":[12,0,14.66667,2],"texture":"#0"},"west":{"uv":[0,13.33333,2,15.33333],"texture":"#0"},"up":{"uv":[14.66667,10,12,8],"texture":"#0"},"down":{"uv":[12,12,9.33333,14],"texture":"#0"}}},{"from":[7.5,7.5,4.375],"to":[8.5,8.5,8.375],"rotation":{"angle":0,"axis":"y","origin":[7.5,7.5,6.375]},"faces":{"east":{"uv":[4,6.66667,9.33333,8],"texture":"#0"},"west":{"uv":[8,2.66667,13.33333,4],"texture":"#0"},"up":{"uv":[5.33333,13.33333,4,8],"texture":"#0"},"down":{"uv":[6.66667,8,5.33333,13.33333],"texture":"#0"}}},{"from":[8,9,7.875],"to":[8,11,11.875],"rotation":{"angle":0,"axis":"y","origin":[8,9,11.875]},"faces":{"north":{"uv":[0,0,0,2.66667],"texture":"#0"},"east":{"uv":[0,0,5.33333,2.66667],"texture":"#0"},"south":{"uv":[0,0,0,2.66667],"texture":"#0"},"west":{"uv":[5.33333,0,0,2.66667],"texture":"#0"},"up":{"uv":[0,0,0,5.33333],"texture":"#0"},"down":{"uv":[0,5.33333,0,0],"texture":"#0"}}},{"from":[8,5,7.875],"to":[8,7,11.875],"rotation":{"angle":0,"axis":"y","origin":[8,7,11.875]},"faces":{"north":{"uv":[0,2.66667,0,0],"texture":"#0"},"east":{"uv":[0,2.66667,5.33333,0],"texture":"#0"},"south":{"uv":[0,2.66667,0,0],"texture":"#0"},"west":{"uv":[5.33333,2.66667,0,0],"texture":"#0"},"up":{"uv":[0,0,0,5.33333],"texture":"#0"},"down":{"uv":[0,5.33333,0,0],"texture":"#0"}}},{"from":[7.75,6.3,1.625],"to":[8.25,7.3,2.625],"rotation":{"angle":0,"axis":"y","origin":[7.5,6.3,3.625]},"faces":{"north":{"uv":[2.66667,9.33333,3.33333,10.66667],"texture":"#0"},"east":{"uv":[8,4,9.33333,5.33333],"texture":"#0"},"south":{"uv":[2.66667,10.66667,3.33333,12],"texture":"#0"},"west":{"uv":[8,5.33333,9.33333,6.66667],"texture":"#0"},"down":{"uv":[3.33333,12,2.66667,13.33333],"texture":"#0"}}},{"from":[7.75,6.3,3.125],"to":[8.25,7.3,4.125],"rotation":{"angle":0,"axis":"y","origin":[7.5,6.3,5.125]},"faces":{"north":{"uv":[2.66667,9.33333,3.33333,10.66667],"texture":"#0"},"east":{"uv":[8,4,9.33333,5.33333],"texture":"#0"},"south":{"uv":[2.66667,10.66667,3.33333,12],"texture":"#0"},"west":{"uv":[8,5.33333,9.33333,6.66667],"texture":"#0"},"down":{"uv":[3.33333,12,2.66667,13.33333],"texture":"#0"}}},{"from":[7.35,7.25,1.375],"to":[8.65,8.75,4.375],"rotation":{"angle":0,"axis":"z","origin":[8,8,2.875]},"faces":{"north":{"uv":[2.66667,13.33333,4.33333,15.33333],"texture":"#0"},"east":{"uv":[5.33333,0,9.33333,2],"texture":"#0"},"south":{"uv":[12,13.33333,13.66667,15.33333],"texture":"#0"},"west":{"uv":[0,6.66667,4,8.66667],"texture":"#0"},"up":{"uv":[13.66667,8,12,4],"texture":"#0"},"down":{"uv":[8.33333,12,6.66667,16],"texture":"#0"}}},{"from":[5.5,5.525,9.65],"to":[10.5,10.525,9.65],"rotation":{"angle":-45,"axis":"y","origin":[8,8.225,9.65]},"faces":{"north":{"uv":[6.66667,0,0,6.66667],"texture":"#1"},"east":{"uv":[0,0,0,6.66667],"texture":"#1"},"south":{"uv":[0,0,6.66667,6.66667],"texture":"#1"},"west":{"uv":[0,0,0,6.66667],"texture":"#1"},"up":{"uv":[6.66667,0,0,0],"texture":"#1"},"down":{"uv":[6.66667,0,0,0],"texture":"#1"}}},{"from":[5.5,5.525,9.65],"to":[10.5,10.525,9.65],"rotation":{"angle":45,"axis":"y","origin":[8,8.225,9.65]},"faces":{"north":{"uv":[0,0,6.66667,6.66667],"texture":"#1"},"east":{"uv":[0,0,0,6.66667],"texture":"#1"},"south":{"uv":[6.66667,0,0,6.66667],"texture":"#1"},"west":{"uv":[0,0,0,6.66667],"texture":"#1"},"up":{"uv":[6.66667,0,0,0],"rotation":180,"texture":"#1"},"down":{"uv":[6.66667,0,0,0],"rotation":180,"texture":"#1"}}}],"gui_light":"front","display":{"thirdperson_righthand":{"rotation":[62.5,0,0],"translation":[0,1.5,-1]},"thirdperson_lefthand":{"rotation":[62.5,0,0],"translation":[0,1.5,-1]},"firstperson_righthand":{"rotation":[56.5,0,-29],"translation":[-4.25,6,4.75]},"firstperson_lefthand":{"rotation":[56.5,0,-29],"translation":[-4.25,6,4.75]},"ground":{"rotation":[45,0,0],"translation":[0,7.25,1],"scale":[1.50977,1.50977,1.50977]},"gui":{"rotation":[-90,135,90],"translation":[0.75,-0.5,0],"scale":[1.65234,1.65234,1.65234]},"head":{"scale":[0,0,0]},"fixed":{"rotation":[90,-45,90],"translation":[-0.75,-0.5,-0.75],"scale":[1.91016,1.91016,1.91016]}}}