{"parent":"item/generated","textures":{"layer0":"item/bow"},"display":{"thirdperson_righthand":{"rotation":[-80,260,-40],"translation":[-1,-2,2.5],"scale":[0.9,0.9,0.9]},"thirdperson_lefthand":{"rotation":[-80,-280,40],"translation":[-1,-2,2.5],"scale":[0.9,0.9,0.9]},"firstperson_righthand":{"rotation":[0,-90,25],"translation":[1.13,3.2,1.13],"scale":[0.68,0.68,0.68]},"firstperson_lefthand":{"rotation":[0,90,-25],"translation":[1.13,3.2,1.13],"scale":[0.68,0.68,0.68]}},"overrides":[{"predicate":{"pulling":1},"model":"item/bow_pulling_0"},{"predicate":{"pulling":1,"pull":0.65},"model":"item/bow_pulling_1"},{"predicate":{"pulling":1,"pull":0.9},"model":"item/bow_pulling_2"},{"predicate":{"custom_model_data":10000},"model":"vampireset:bow"},{"predicate":{"pulling":1,"custom_model_data":10000},"model":"vampireset:bow_0"},{"predicate":{"pulling":1,"pull":0.65,"custom_model_data":10000},"model":"vampireset:bow_1"},{"predicate":{"pulling":1,"pull":0.9,"custom_model_data":10000},"model":"vampireset:bow_2"},{"predicate":{"custom_model_data":10001},"model":"summerset:bow"},{"predicate":{"pulling":1,"custom_model_data":10001},"model":"summerset:bow_0"},{"predicate":{"pulling":1,"pull":0.65,"custom_model_data":10001},"model":"summerset:bow_1"},{"predicate":{"pulling":1,"pull":0.9,"custom_model_data":10001},"model":"summerset:bow_2"},{"predicate":{"custom_model_data":10002},"model":"saintpatricksset:bow"},{"predicate":{"pulling":1,"custom_model_data":10002},"model":"saintpatricksset:bow_0"},{"predicate":{"pulling":1,"pull":0.65,"custom_model_data":10002},"model":"saintpatricksset:bow_1"},{"predicate":{"pulling":1,"pull":0.9,"custom_model_data":10002},"model":"saintpatricksset:bow_2"},{"predicate":{"custom_model_data":10003},"model":"malikaset:bow"},{"predicate":{"pulling":1,"custom_model_data":10003},"model":"malikaset:bow_0"},{"predicate":{"pulling":1,"pull":0.65,"custom_model_data":10003},"model":"malikaset:bow_1"},{"predicate":{"pulling":1,"pull":0.9,"custom_model_data":10003},"model":"malikaset:bow_2"},{"predicate":{"custom_model_data":10004},"model":"mysticcyanset:bow"},{"predicate":{"pulling":1,"custom_model_data":10004},"model":"mysticcyanset:bow_0"},{"predicate":{"pulling":1,"pull":0.65,"custom_model_data":10004},"model":"mysticcyanset:bow_1"},{"predicate":{"pulling":1,"pull":0.9,"custom_model_data":10004},"model":"mysticcyanset:bow_2"},{"predicate":{"custom_model_data":10005},"model":"xmasset:bow"},{"predicate":{"pulling":1,"custom_model_data":10005},"model":"xmasset:bow_0"},{"predicate":{"pulling":1,"pull":0.65,"custom_model_data":10005},"model":"xmasset:bow_1"},{"predicate":{"pulling":1,"pull":0.9,"custom_model_data":10005},"model":"xmasset:bow_2"},{"predicate":{"custom_model_data":10006},"model":"discordnitroset:bow"},{"predicate":{"pulling":1,"custom_model_data":10006},"model":"discordnitroset:bow_0"},{"predicate":{"pulling":1,"pull":0.65,"custom_model_data":10006},"model":"discordnitroset:bow_1"},{"predicate":{"pulling":1,"pull":0.9,"custom_model_data":10006},"model":"discordnitroset:bow_2"},{"predicate":{"custom_model_data":10007},"model":"noraset:bow"},{"predicate":{"pulling":1,"custom_model_data":10007},"model":"noraset:bow_0"},{"predicate":{"pulling":1,"pull":0.65,"custom_model_data":10007},"model":"noraset:bow_1"},{"predicate":{"pulling":1,"pull":0.9,"custom_model_data":10007},"model":"noraset:bow_2"},{"predicate":{"custom_model_data":10008},"model":"thunderboltset:bow"},{"predicate":{"pulling":1,"custom_model_data":10008},"model":"thunderboltset:bow_0"},{"predicate":{"pulling":1,"pull":0.65,"custom_model_data":10008},"model":"thunderboltset:bow_1"},{"predicate":{"pulling":1,"pull":0.9,"custom_model_data":10008},"model":"thunderboltset:bow_2"},{"predicate":{"custom_model_data":10009},"model":"valerieset:bow"},{"predicate":{"pulling":1,"custom_model_data":10009},"model":"valerieset:bow_0"},{"predicate":{"pulling":1,"pull":0.65,"custom_model_data":10009},"model":"valerieset:bow_1"},{"predicate":{"pulling":1,"pull":0.9,"custom_model_data":10009},"model":"valerieset:bow_2"},{"predicate":{"custom_model_data":10010},"model":"nexusset:bow"},{"predicate":{"pulling":1,"custom_model_data":10010},"model":"nexusset:bow_0"},{"predicate":{"pulling":1,"pull":0.65,"custom_model_data":10010},"model":"nexusset:bow_1"},{"predicate":{"pulling":1,"pull":0.9,"custom_model_data":10010},"model":"nexusset:bow_2"},{"predicate":{"custom_model_data":10011},"model":"fairyset:bow"},{"predicate":{"pulling":1,"custom_model_data":10011},"model":"fairyset:bow_0"},{"predicate":{"pulling":1,"pull":0.65,"custom_model_data":10011},"model":"fairyset:bow_1"},{"predicate":{"pulling":1,"pull":0.9,"custom_model_data":10011},"model":"fairyset:bow_2"},{"predicate":{"custom_model_data":10012},"model":"item/bow"}]}