{"parent":"item/generated","textures":{"layer0":"item/crossbow_standby"},"display":{"thirdperson_righthand":{"rotation":[-90,0,-60],"translation":[2,0.1,-3],"scale":[0.9,0.9,0.9]},"thirdperson_lefthand":{"rotation":[-90,0,30],"translation":[2,0.1,-3],"scale":[0.9,0.9,0.9]},"firstperson_righthand":{"rotation":[-90,0,-55],"translation":[1.13,3.2,1.13],"scale":[0.68,0.68,0.68]},"firstperson_lefthand":{"rotation":[-90,0,35],"translation":[1.13,3.2,1.13],"scale":[0.68,0.68,0.68]}},"overrides":[{"predicate":{"pulling":1},"model":"item/crossbow_pulling_0"},{"predicate":{"pulling":1,"pull":0.58},"model":"item/crossbow_pulling_1"},{"predicate":{"pulling":1,"pull":1.0},"model":"item/crossbow_pulling_2"},{"predicate":{"charged":1},"model":"item/crossbow_arrow"},{"predicate":{"charged":1,"firework":1},"model":"item/crossbow_firework"},{"predicate":{"custom_model_data":10000},"model":"summerset:crossbow"},{"predicate":{"pulling":1,"custom_model_data":10000},"model":"summerset:crossbow_0"},{"predicate":{"pulling":1,"pull":0.58,"custom_model_data":10000},"model":"summerset:crossbow_1"},{"predicate":{"pulling":1,"pull":1.0,"custom_model_data":10000},"model":"summerset:crossbow_2"},{"predicate":{"charged":1,"custom_model_data":10000},"model":"summerset:crossbow_charged"},{"predicate":{"charged":1,"firework":1,"custom_model_data":10000},"model":"summerset:crossbow_firework"},{"predicate":{"custom_model_data":10001},"model":"saintpatricksset:crossbow"},{"predicate":{"pulling":1,"custom_model_data":10001},"model":"saintpatricksset:crossbow_0"},{"predicate":{"pulling":1,"pull":0.58,"custom_model_data":10001},"model":"saintpatricksset:crossbow_1"},{"predicate":{"pulling":1,"pull":1.0,"custom_model_data":10001},"model":"saintpatricksset:crossbow_2"},{"predicate":{"charged":1,"custom_model_data":10001},"model":"saintpatricksset:crossbow_charged"},{"predicate":{"charged":1,"firework":1,"custom_model_data":10001},"model":"saintpatricksset:crossbow_firework"},{"predicate":{"custom_model_data":10002},"model":"malikaset:crossbow"},{"predicate":{"pulling":1,"custom_model_data":10002},"model":"malikaset:crossbow_0"},{"predicate":{"pulling":1,"pull":0.58,"custom_model_data":10002},"model":"malikaset:crossbow_1"},{"predicate":{"pulling":1,"pull":1.0,"custom_model_data":10002},"model":"malikaset:crossbow_2"},{"predicate":{"charged":1,"custom_model_data":10002},"model":"malikaset:crossbow_charged"},{"predicate":{"charged":1,"firework":1,"custom_model_data":10002},"model":"malikaset:crossbow_firework"},{"predicate":{"custom_model_data":10003},"model":"mysticcyanset:crossbow"},{"predicate":{"pulling":1,"custom_model_data":10003},"model":"mysticcyanset:crossbow_0"},{"predicate":{"pulling":1,"pull":0.58,"custom_model_data":10003},"model":"mysticcyanset:crossbow_1"},{"predicate":{"pulling":1,"pull":1.0,"custom_model_data":10003},"model":"mysticcyanset:crossbow_2"},{"predicate":{"charged":1,"custom_model_data":10003},"model":"mysticcyanset:crossbow_charged"},{"predicate":{"charged":1,"firework":1,"custom_model_data":10003},"model":"mysticcyanset:crossbow_firework"},{"predicate":{"custom_model_data":10004},"model":"xmasset:crossbow"},{"predicate":{"pulling":1,"custom_model_data":10004},"model":"xmasset:crossbow_0"},{"predicate":{"pulling":1,"pull":0.58,"custom_model_data":10004},"model":"xmasset:crossbow_1"},{"predicate":{"pulling":1,"pull":1.0,"custom_model_data":10004},"model":"xmasset:crossbow_2"},{"predicate":{"charged":1,"custom_model_data":10004},"model":"xmasset:crossbow_charged"},{"predicate":{"charged":1,"firework":1,"custom_model_data":10004},"model":"xmasset:crossbow_firework"},{"predicate":{"custom_model_data":10006},"model":"noraset:crossbow"},{"predicate":{"pulling":1,"custom_model_data":10006},"model":"noraset:crossbow_0"},{"predicate":{"pulling":1,"pull":0.58,"custom_model_data":10006},"model":"noraset:crossbow_1"},{"predicate":{"pulling":1,"pull":1.0,"custom_model_data":10006},"model":"noraset:crossbow_2"},{"predicate":{"charged":1,"custom_model_data":10006},"model":"noraset:crossbow_charged"},{"predicate":{"charged":1,"firework":1,"custom_model_data":10006},"model":"noraset:crossbow_firework"},{"predicate":{"custom_model_data":10007},"model":"valerieset:crossbow"},{"predicate":{"pulling":1,"custom_model_data":10007},"model":"valerieset:crossbow_0"},{"predicate":{"pulling":1,"pull":0.58,"custom_model_data":10007},"model":"valerieset:crossbow_1"},{"predicate":{"pulling":1,"pull":1.0,"custom_model_data":10007},"model":"valerieset:crossbow_2"},{"predicate":{"charged":1,"custom_model_data":10007},"model":"valerieset:crossbow_charged"},{"predicate":{"charged":1,"firework":1,"custom_model_data":10007},"model":"valerieset:crossbow_firework"},{"predicate":{"custom_model_data":10008},"model":"nexusset:crossbow"},{"predicate":{"pulling":1,"custom_model_data":10008},"model":"nexusset:crossbow_0"},{"predicate":{"pulling":1,"pull":0.58,"custom_model_data":10008},"model":"nexusset:crossbow_1"},{"predicate":{"pulling":1,"pull":1.0,"custom_model_data":10008},"model":"nexusset:crossbow_2"},{"predicate":{"charged":1,"custom_model_data":10008},"model":"nexusset:crossbow_charged"},{"predicate":{"charged":1,"firework":1,"custom_model_data":10008},"model":"nexusset:crossbow_firework"},{"predicate":{"custom_model_data":10009},"model":"fairyset:crossbow"},{"predicate":{"pulling":1,"custom_model_data":10009},"model":"fairyset:crossbow_0"},{"predicate":{"pulling":1,"pull":0.58,"custom_model_data":10009},"model":"fairyset:crossbow_1"},{"predicate":{"pulling":1,"pull":1.0,"custom_model_data":10009},"model":"fairyset:crossbow_2"},{"predicate":{"charged":1,"custom_model_data":10009},"model":"fairyset:crossbow_charged"},{"predicate":{"charged":1,"firework":1,"custom_model_data":10009},"model":"fairyset:crossbow_firework"},{"predicate":{"custom_model_data":10010},"model":"item/crossbow"}]}