{"parent":"item/handheld_rod","textures":{"layer0":"item/fishing_rod"},"overrides":[{"predicate":{"cast":1},"model":"item/fishing_rod_cast"},{"predicate":{"custom_model_data":10000},"model":"summerset:fishing_rod"},{"predicate":{"cast":1,"custom_model_data":10000},"model":"summerset:fishing_rod_cast"},{"predicate":{"custom_model_data":10001},"model":"saintpatricksset:fishing_rod"},{"predicate":{"cast":1,"custom_model_data":10001},"model":"saintpatricksset:fishing_rod_cast"},{"predicate":{"custom_model_data":10002},"model":"malikaset:fishing_rod"},{"predicate":{"cast":1,"custom_model_data":10002},"model":"malikaset:fishing_rod_cast"},{"predicate":{"custom_model_data":10003},"model":"mysticcyanset:fishing_rod"},{"predicate":{"cast":1,"custom_model_data":10003},"model":"mysticcyanset:fishing_rod_cast"},{"predicate":{"custom_model_data":10004},"model":"xmasset:fishing_rod"},{"predicate":{"cast":1,"custom_model_data":10004},"model":"xmasset:fishing_rod_cast"},{"predicate":{"custom_model_data":10006},"model":"noraset:fishing_rod"},{"predicate":{"cast":1,"custom_model_data":10006},"model":"noraset:fishing_rod_cast"},{"predicate":{"custom_model_data":10007},"model":"thunderboltset:fishing_rod"},{"predicate":{"cast":1,"custom_model_data":10007},"model":"thunderboltset:fishing_rod_cast"},{"predicate":{"custom_model_data":10008},"model":"valerieset:fishing_rod"},{"predicate":{"cast":1,"custom_model_data":10008},"model":"valerieset:fishing_rod_cast"},{"predicate":{"custom_model_data":10009},"model":"nexusset:fishing_rod"},{"predicate":{"cast":1,"custom_model_data":10009},"model":"nexusset:fishing_rod_cast"},{"predicate":{"custom_model_data":10010},"model":"fairyset:fishing_rod"},{"predicate":{"cast":1,"custom_model_data":10010},"model":"fairyset:fishing_rod_cast"},{"predicate":{"custom_model_data":10011},"model":"item/fishing_rod"}]}