{"parent":"minecraft:item/handheld","textures":{"layer0":"minecraft:item/iron_sword"},"overrides":[{"predicate":{"custom_model_data":10000},"model":"summerset:trident"},{"predicate":{"custom_model_data":10008},"model":"vampireset:sword"},{"predicate":{"custom_model_data":10009},"model":"malikaset:hammer"},{"predicate":{"custom_model_data":10010},"model":"malikaset:spear"},{"predicate":{"custom_model_data":10011},"model":"malikaset:sword"},{"predicate":{"custom_model_data":10012},"model":"malikaset:scythe"},{"predicate":{"custom_model_data":10013},"model":"malikaset:staff"},{"predicate":{"custom_model_data":10014},"model":"malikaset:greatsword"},{"predicate":{"custom_model_data":10015},"model":"malikaset:trident"},{"predicate":{"custom_model_data":10016},"model":"xmasset:hammer"},{"predicate":{"custom_model_data":10017},"model":"xmasset:spear"},{"predicate":{"custom_model_data":10018},"model":"xmasset:sword"},{"predicate":{"custom_model_data":10019},"model":"xmasset:scythe"},{"predicate":{"custom_model_data":10020},"model":"xmasset:staff"},{"predicate":{"custom_model_data":10021},"model":"xmasset:greatsword"},{"predicate":{"custom_model_data":10022},"model":"xmasset:trident"},{"predicate":{"custom_model_data":10023},"model":"summerset:spear"},{"predicate":{"custom_model_data":10024},"model":"summerset:staff"},{"predicate":{"custom_model_data":10025},"model":"noraset:hammer"},{"predicate":{"custom_model_data":10026},"model":"noraset:scythe"},{"predicate":{"custom_model_data":10027},"model":"noraset:spear"},{"predicate":{"custom_model_data":10028},"model":"noraset:trident"},{"predicate":{"custom_model_data":10029},"model":"noraset:staff"},{"predicate":{"custom_model_data":10030},"model":"noraset:greatsword"},{"predicate":{"custom_model_data":10031},"model":"noraset:sword"},{"predicate":{"custom_model_data":10032},"model":"discordnitroset:sword"},{"predicate":{"custom_model_data":10033},"model":"item/iron_sword"}]}