{"parent":"minecraft:item/generated","overrides":[{"model":"minecraft:item/leather_chestplate_quartz_trim","predicate":{"trim_type":0.1}},{"model":"minecraft:item/leather_chestplate_iron_trim","predicate":{"trim_type":0.2}},{"model":"minecraft:item/leather_chestplate_netherite_trim","predicate":{"trim_type":0.3}},{"model":"minecraft:item/leather_chestplate_redstone_trim","predicate":{"trim_type":0.4}},{"model":"minecraft:item/leather_chestplate_copper_trim","predicate":{"trim_type":0.5}},{"model":"minecraft:item/leather_chestplate_gold_trim","predicate":{"trim_type":0.6}},{"model":"minecraft:item/leather_chestplate_emerald_trim","predicate":{"trim_type":0.7}},{"model":"minecraft:item/leather_chestplate_diamond_trim","predicate":{"trim_type":0.8}},{"model":"minecraft:item/leather_chestplate_lapis_trim","predicate":{"trim_type":0.9}},{"model":"minecraft:item/leather_chestplate_amethyst_trim","predicate":{"trim_type":1.0}},{"predicate":{"custom_model_data":10000},"model":"summerset:ia_auto_gen/summerchestplate"},{"predicate":{"trim_type":0.1,"custom_model_data":10000},"model":"summerset:ia_auto_gen/summerchestplate"},{"predicate":{"trim_type":0.2,"custom_model_data":10000},"model":"summerset:ia_auto_gen/summerchestplate"},{"predicate":{"trim_type":0.3,"custom_model_data":10000},"model":"summerset:ia_auto_gen/summerchestplate"},{"predicate":{"trim_type":0.4,"custom_model_data":10000},"model":"summerset:ia_auto_gen/summerchestplate"},{"predicate":{"trim_type":0.5,"custom_model_data":10000},"model":"summerset:ia_auto_gen/summerchestplate"},{"predicate":{"trim_type":0.6,"custom_model_data":10000},"model":"summerset:ia_auto_gen/summerchestplate"},{"predicate":{"trim_type":0.7,"custom_model_data":10000},"model":"summerset:ia_auto_gen/summerchestplate"},{"predicate":{"trim_type":0.8,"custom_model_data":10000},"model":"summerset:ia_auto_gen/summerchestplate"},{"predicate":{"trim_type":0.9,"custom_model_data":10000},"model":"summerset:ia_auto_gen/summerchestplate"},{"predicate":{"trim_type":1.0,"custom_model_data":10000},"model":"summerset:ia_auto_gen/summerchestplate"},{"predicate":{"custom_model_data":10001},"model":"saintpatricksset:ia_auto_gen/saintpatrick_set_plate"},{"predicate":{"trim_type":0.1,"custom_model_data":10001},"model":"saintpatricksset:ia_auto_gen/saintpatrick_set_plate"},{"predicate":{"trim_type":0.2,"custom_model_data":10001},"model":"saintpatricksset:ia_auto_gen/saintpatrick_set_plate"},{"predicate":{"trim_type":0.3,"custom_model_data":10001},"model":"saintpatricksset:ia_auto_gen/saintpatrick_set_plate"},{"predicate":{"trim_type":0.4,"custom_model_data":10001},"model":"saintpatricksset:ia_auto_gen/saintpatrick_set_plate"},{"predicate":{"trim_type":0.5,"custom_model_data":10001},"model":"saintpatricksset:ia_auto_gen/saintpatrick_set_plate"},{"predicate":{"trim_type":0.6,"custom_model_data":10001},"model":"saintpatricksset:ia_auto_gen/saintpatrick_set_plate"},{"predicate":{"trim_type":0.7,"custom_model_data":10001},"model":"saintpatricksset:ia_auto_gen/saintpatrick_set_plate"},{"predicate":{"trim_type":0.8,"custom_model_data":10001},"model":"saintpatricksset:ia_auto_gen/saintpatrick_set_plate"},{"predicate":{"trim_type":0.9,"custom_model_data":10001},"model":"saintpatricksset:ia_auto_gen/saintpatrick_set_plate"},{"predicate":{"trim_type":1.0,"custom_model_data":10001},"model":"saintpatricksset:ia_auto_gen/saintpatrick_set_plate"},{"predicate":{"custom_model_data":10002},"model":"noraset:ia_auto_gen/norachestplate"},{"predicate":{"trim_type":0.1,"custom_model_data":10002},"model":"noraset:ia_auto_gen/norachestplate"},{"predicate":{"trim_type":0.2,"custom_model_data":10002},"model":"noraset:ia_auto_gen/norachestplate"},{"predicate":{"trim_type":0.3,"custom_model_data":10002},"model":"noraset:ia_auto_gen/norachestplate"},{"predicate":{"trim_type":0.4,"custom_model_data":10002},"model":"noraset:ia_auto_gen/norachestplate"},{"predicate":{"trim_type":0.5,"custom_model_data":10002},"model":"noraset:ia_auto_gen/norachestplate"},{"predicate":{"trim_type":0.6,"custom_model_data":10002},"model":"noraset:ia_auto_gen/norachestplate"},{"predicate":{"trim_type":0.7,"custom_model_data":10002},"model":"noraset:ia_auto_gen/norachestplate"},{"predicate":{"trim_type":0.8,"custom_model_data":10002},"model":"noraset:ia_auto_gen/norachestplate"},{"predicate":{"trim_type":0.9,"custom_model_data":10002},"model":"noraset:ia_auto_gen/norachestplate"},{"predicate":{"trim_type":1.0,"custom_model_data":10002},"model":"noraset:ia_auto_gen/norachestplate"},{"predicate":{"custom_model_data":10003},"model":"xmasset:ia_auto_gen/xmaschestplate"},{"predicate":{"trim_type":0.1,"custom_model_data":10003},"model":"xmasset:ia_auto_gen/xmaschestplate"},{"predicate":{"trim_type":0.2,"custom_model_data":10003},"model":"xmasset:ia_auto_gen/xmaschestplate"},{"predicate":{"trim_type":0.3,"custom_model_data":10003},"model":"xmasset:ia_auto_gen/xmaschestplate"},{"predicate":{"trim_type":0.4,"custom_model_data":10003},"model":"xmasset:ia_auto_gen/xmaschestplate"},{"predicate":{"trim_type":0.5,"custom_model_data":10003},"model":"xmasset:ia_auto_gen/xmaschestplate"},{"predicate":{"trim_type":0.6,"custom_model_data":10003},"model":"xmasset:ia_auto_gen/xmaschestplate"},{"predicate":{"trim_type":0.7,"custom_model_data":10003},"model":"xmasset:ia_auto_gen/xmaschestplate"},{"predicate":{"trim_type":0.8,"custom_model_data":10003},"model":"xmasset:ia_auto_gen/xmaschestplate"},{"predicate":{"trim_type":0.9,"custom_model_data":10003},"model":"xmasset:ia_auto_gen/xmaschestplate"},{"predicate":{"trim_type":1.0,"custom_model_data":10003},"model":"xmasset:ia_auto_gen/xmaschestplate"},{"predicate":{"custom_model_data":10004},"model":"mysticcyanset:ia_auto_gen/mysticcyanchestplate"},{"predicate":{"trim_type":0.1,"custom_model_data":10004},"model":"mysticcyanset:ia_auto_gen/mysticcyanchestplate"},{"predicate":{"trim_type":0.2,"custom_model_data":10004},"model":"mysticcyanset:ia_auto_gen/mysticcyanchestplate"},{"predicate":{"trim_type":0.3,"custom_model_data":10004},"model":"mysticcyanset:ia_auto_gen/mysticcyanchestplate"},{"predicate":{"trim_type":0.4,"custom_model_data":10004},"model":"mysticcyanset:ia_auto_gen/mysticcyanchestplate"},{"predicate":{"trim_type":0.5,"custom_model_data":10004},"model":"mysticcyanset:ia_auto_gen/mysticcyanchestplate"},{"predicate":{"trim_type":0.6,"custom_model_data":10004},"model":"mysticcyanset:ia_auto_gen/mysticcyanchestplate"},{"predicate":{"trim_type":0.7,"custom_model_data":10004},"model":"mysticcyanset:ia_auto_gen/mysticcyanchestplate"},{"predicate":{"trim_type":0.8,"custom_model_data":10004},"model":"mysticcyanset:ia_auto_gen/mysticcyanchestplate"},{"predicate":{"trim_type":0.9,"custom_model_data":10004},"model":"mysticcyanset:ia_auto_gen/mysticcyanchestplate"},{"predicate":{"trim_type":1.0,"custom_model_data":10004},"model":"mysticcyanset:ia_auto_gen/mysticcyanchestplate"},{"predicate":{"custom_model_data":10005},"model":"thunderboltset:ia_auto_gen/thunderboltchestplate"},{"predicate":{"trim_type":0.1,"custom_model_data":10005},"model":"thunderboltset:ia_auto_gen/thunderboltchestplate"},{"predicate":{"trim_type":0.2,"custom_model_data":10005},"model":"thunderboltset:ia_auto_gen/thunderboltchestplate"},{"predicate":{"trim_type":0.3,"custom_model_data":10005},"model":"thunderboltset:ia_auto_gen/thunderboltchestplate"},{"predicate":{"trim_type":0.4,"custom_model_data":10005},"model":"thunderboltset:ia_auto_gen/thunderboltchestplate"},{"predicate":{"trim_type":0.5,"custom_model_data":10005},"model":"thunderboltset:ia_auto_gen/thunderboltchestplate"},{"predicate":{"trim_type":0.6,"custom_model_data":10005},"model":"thunderboltset:ia_auto_gen/thunderboltchestplate"},{"predicate":{"trim_type":0.7,"custom_model_data":10005},"model":"thunderboltset:ia_auto_gen/thunderboltchestplate"},{"predicate":{"trim_type":0.8,"custom_model_data":10005},"model":"thunderboltset:ia_auto_gen/thunderboltchestplate"},{"predicate":{"trim_type":0.9,"custom_model_data":10005},"model":"thunderboltset:ia_auto_gen/thunderboltchestplate"},{"predicate":{"trim_type":1.0,"custom_model_data":10005},"model":"thunderboltset:ia_auto_gen/thunderboltchestplate"},{"predicate":{"custom_model_data":10006},"model":"malikaset:ia_auto_gen/malikachestplate"},{"predicate":{"trim_type":0.1,"custom_model_data":10006},"model":"malikaset:ia_auto_gen/malikachestplate"},{"predicate":{"trim_type":0.2,"custom_model_data":10006},"model":"malikaset:ia_auto_gen/malikachestplate"},{"predicate":{"trim_type":0.3,"custom_model_data":10006},"model":"malikaset:ia_auto_gen/malikachestplate"},{"predicate":{"trim_type":0.4,"custom_model_data":10006},"model":"malikaset:ia_auto_gen/malikachestplate"},{"predicate":{"trim_type":0.5,"custom_model_data":10006},"model":"malikaset:ia_auto_gen/malikachestplate"},{"predicate":{"trim_type":0.6,"custom_model_data":10006},"model":"malikaset:ia_auto_gen/malikachestplate"},{"predicate":{"trim_type":0.7,"custom_model_data":10006},"model":"malikaset:ia_auto_gen/malikachestplate"},{"predicate":{"trim_type":0.8,"custom_model_data":10006},"model":"malikaset:ia_auto_gen/malikachestplate"},{"predicate":{"trim_type":0.9,"custom_model_data":10006},"model":"malikaset:ia_auto_gen/malikachestplate"},{"predicate":{"trim_type":1.0,"custom_model_data":10006},"model":"malikaset:ia_auto_gen/malikachestplate"},{"predicate":{"custom_model_data":10007},"model":"discordnitroset:ia_auto_gen/discordnitrochestplate"},{"predicate":{"trim_type":0.1,"custom_model_data":10007},"model":"discordnitroset:ia_auto_gen/discordnitrochestplate"},{"predicate":{"trim_type":0.2,"custom_model_data":10007},"model":"discordnitroset:ia_auto_gen/discordnitrochestplate"},{"predicate":{"trim_type":0.3,"custom_model_data":10007},"model":"discordnitroset:ia_auto_gen/discordnitrochestplate"},{"predicate":{"trim_type":0.4,"custom_model_data":10007},"model":"discordnitroset:ia_auto_gen/discordnitrochestplate"},{"predicate":{"trim_type":0.5,"custom_model_data":10007},"model":"discordnitroset:ia_auto_gen/discordnitrochestplate"},{"predicate":{"trim_type":0.6,"custom_model_data":10007},"model":"discordnitroset:ia_auto_gen/discordnitrochestplate"},{"predicate":{"trim_type":0.7,"custom_model_data":10007},"model":"discordnitroset:ia_auto_gen/discordnitrochestplate"},{"predicate":{"trim_type":0.8,"custom_model_data":10007},"model":"discordnitroset:ia_auto_gen/discordnitrochestplate"},{"predicate":{"trim_type":0.9,"custom_model_data":10007},"model":"discordnitroset:ia_auto_gen/discordnitrochestplate"},{"predicate":{"trim_type":1.0,"custom_model_data":10007},"model":"discordnitroset:ia_auto_gen/discordnitrochestplate"},{"predicate":{"custom_model_data":10008},"model":"valerieset:ia_auto_gen/valeriechestplate"},{"predicate":{"trim_type":0.1,"custom_model_data":10008},"model":"valerieset:ia_auto_gen/valeriechestplate"},{"predicate":{"trim_type":0.2,"custom_model_data":10008},"model":"valerieset:ia_auto_gen/valeriechestplate"},{"predicate":{"trim_type":0.3,"custom_model_data":10008},"model":"valerieset:ia_auto_gen/valeriechestplate"},{"predicate":{"trim_type":0.4,"custom_model_data":10008},"model":"valerieset:ia_auto_gen/valeriechestplate"},{"predicate":{"trim_type":0.5,"custom_model_data":10008},"model":"valerieset:ia_auto_gen/valeriechestplate"},{"predicate":{"trim_type":0.6,"custom_model_data":10008},"model":"valerieset:ia_auto_gen/valeriechestplate"},{"predicate":{"trim_type":0.7,"custom_model_data":10008},"model":"valerieset:ia_auto_gen/valeriechestplate"},{"predicate":{"trim_type":0.8,"custom_model_data":10008},"model":"valerieset:ia_auto_gen/valeriechestplate"},{"predicate":{"trim_type":0.9,"custom_model_data":10008},"model":"valerieset:ia_auto_gen/valeriechestplate"},{"predicate":{"trim_type":1.0,"custom_model_data":10008},"model":"valerieset:ia_auto_gen/valeriechestplate"},{"predicate":{"custom_model_data":10009},"model":"nexusset:ia_auto_gen/nexussetplate"},{"predicate":{"trim_type":0.1,"custom_model_data":10009},"model":"nexusset:ia_auto_gen/nexussetplate"},{"predicate":{"trim_type":0.2,"custom_model_data":10009},"model":"nexusset:ia_auto_gen/nexussetplate"},{"predicate":{"trim_type":0.3,"custom_model_data":10009},"model":"nexusset:ia_auto_gen/nexussetplate"},{"predicate":{"trim_type":0.4,"custom_model_data":10009},"model":"nexusset:ia_auto_gen/nexussetplate"},{"predicate":{"trim_type":0.5,"custom_model_data":10009},"model":"nexusset:ia_auto_gen/nexussetplate"},{"predicate":{"trim_type":0.6,"custom_model_data":10009},"model":"nexusset:ia_auto_gen/nexussetplate"},{"predicate":{"trim_type":0.7,"custom_model_data":10009},"model":"nexusset:ia_auto_gen/nexussetplate"},{"predicate":{"trim_type":0.8,"custom_model_data":10009},"model":"nexusset:ia_auto_gen/nexussetplate"},{"predicate":{"trim_type":0.9,"custom_model_data":10009},"model":"nexusset:ia_auto_gen/nexussetplate"},{"predicate":{"trim_type":1.0,"custom_model_data":10009},"model":"nexusset:ia_auto_gen/nexussetplate"},{"predicate":{"custom_model_data":10010},"model":"fairyset:ia_auto_gen/fairychestplate"},{"predicate":{"trim_type":0.1,"custom_model_data":10010},"model":"fairyset:ia_auto_gen/fairychestplate"},{"predicate":{"trim_type":0.2,"custom_model_data":10010},"model":"fairyset:ia_auto_gen/fairychestplate"},{"predicate":{"trim_type":0.3,"custom_model_data":10010},"model":"fairyset:ia_auto_gen/fairychestplate"},{"predicate":{"trim_type":0.4,"custom_model_data":10010},"model":"fairyset:ia_auto_gen/fairychestplate"},{"predicate":{"trim_type":0.5,"custom_model_data":10010},"model":"fairyset:ia_auto_gen/fairychestplate"},{"predicate":{"trim_type":0.6,"custom_model_data":10010},"model":"fairyset:ia_auto_gen/fairychestplate"},{"predicate":{"trim_type":0.7,"custom_model_data":10010},"model":"fairyset:ia_auto_gen/fairychestplate"},{"predicate":{"trim_type":0.8,"custom_model_data":10010},"model":"fairyset:ia_auto_gen/fairychestplate"},{"predicate":{"trim_type":0.9,"custom_model_data":10010},"model":"fairyset:ia_auto_gen/fairychestplate"},{"predicate":{"trim_type":1.0,"custom_model_data":10010},"model":"fairyset:ia_auto_gen/fairychestplate"},{"predicate":{"custom_model_data":10011},"model":"item/leather_chestplate"}],"textures":{"layer0":"minecraft:item/leather_chestplate","layer1":"minecraft:item/leather_chestplate_overlay"}}