{"parent":"minecraft:item/generated","overrides":[{"model":"minecraft:item/leather_helmet_quartz_trim","predicate":{"trim_type":0.1}},{"model":"minecraft:item/leather_helmet_iron_trim","predicate":{"trim_type":0.2}},{"model":"minecraft:item/leather_helmet_netherite_trim","predicate":{"trim_type":0.3}},{"model":"minecraft:item/leather_helmet_redstone_trim","predicate":{"trim_type":0.4}},{"model":"minecraft:item/leather_helmet_copper_trim","predicate":{"trim_type":0.5}},{"model":"minecraft:item/leather_helmet_gold_trim","predicate":{"trim_type":0.6}},{"model":"minecraft:item/leather_helmet_emerald_trim","predicate":{"trim_type":0.7}},{"model":"minecraft:item/leather_helmet_diamond_trim","predicate":{"trim_type":0.8}},{"model":"minecraft:item/leather_helmet_lapis_trim","predicate":{"trim_type":0.9}},{"model":"minecraft:item/leather_helmet_amethyst_trim","predicate":{"trim_type":1.0}},{"predicate":{"custom_model_data":10000},"model":"summerset:ia_auto_gen/summerhelmet"},{"predicate":{"trim_type":0.1,"custom_model_data":10000},"model":"summerset:ia_auto_gen/summerhelmet"},{"predicate":{"trim_type":0.2,"custom_model_data":10000},"model":"summerset:ia_auto_gen/summerhelmet"},{"predicate":{"trim_type":0.3,"custom_model_data":10000},"model":"summerset:ia_auto_gen/summerhelmet"},{"predicate":{"trim_type":0.4,"custom_model_data":10000},"model":"summerset:ia_auto_gen/summerhelmet"},{"predicate":{"trim_type":0.5,"custom_model_data":10000},"model":"summerset:ia_auto_gen/summerhelmet"},{"predicate":{"trim_type":0.6,"custom_model_data":10000},"model":"summerset:ia_auto_gen/summerhelmet"},{"predicate":{"trim_type":0.7,"custom_model_data":10000},"model":"summerset:ia_auto_gen/summerhelmet"},{"predicate":{"trim_type":0.8,"custom_model_data":10000},"model":"summerset:ia_auto_gen/summerhelmet"},{"predicate":{"trim_type":0.9,"custom_model_data":10000},"model":"summerset:ia_auto_gen/summerhelmet"},{"predicate":{"trim_type":1.0,"custom_model_data":10000},"model":"summerset:ia_auto_gen/summerhelmet"},{"predicate":{"custom_model_data":10001},"model":"saintpatricksset:ia_auto_gen/saintpatrick_set_helmet"},{"predicate":{"trim_type":0.1,"custom_model_data":10001},"model":"saintpatricksset:ia_auto_gen/saintpatrick_set_helmet"},{"predicate":{"trim_type":0.2,"custom_model_data":10001},"model":"saintpatricksset:ia_auto_gen/saintpatrick_set_helmet"},{"predicate":{"trim_type":0.3,"custom_model_data":10001},"model":"saintpatricksset:ia_auto_gen/saintpatrick_set_helmet"},{"predicate":{"trim_type":0.4,"custom_model_data":10001},"model":"saintpatricksset:ia_auto_gen/saintpatrick_set_helmet"},{"predicate":{"trim_type":0.5,"custom_model_data":10001},"model":"saintpatricksset:ia_auto_gen/saintpatrick_set_helmet"},{"predicate":{"trim_type":0.6,"custom_model_data":10001},"model":"saintpatricksset:ia_auto_gen/saintpatrick_set_helmet"},{"predicate":{"trim_type":0.7,"custom_model_data":10001},"model":"saintpatricksset:ia_auto_gen/saintpatrick_set_helmet"},{"predicate":{"trim_type":0.8,"custom_model_data":10001},"model":"saintpatricksset:ia_auto_gen/saintpatrick_set_helmet"},{"predicate":{"trim_type":0.9,"custom_model_data":10001},"model":"saintpatricksset:ia_auto_gen/saintpatrick_set_helmet"},{"predicate":{"trim_type":1.0,"custom_model_data":10001},"model":"saintpatricksset:ia_auto_gen/saintpatrick_set_helmet"},{"predicate":{"custom_model_data":10002},"model":"mysticcyanset:ia_auto_gen/mysticcyanhelmet"},{"predicate":{"trim_type":0.1,"custom_model_data":10002},"model":"mysticcyanset:ia_auto_gen/mysticcyanhelmet"},{"predicate":{"trim_type":0.2,"custom_model_data":10002},"model":"mysticcyanset:ia_auto_gen/mysticcyanhelmet"},{"predicate":{"trim_type":0.3,"custom_model_data":10002},"model":"mysticcyanset:ia_auto_gen/mysticcyanhelmet"},{"predicate":{"trim_type":0.4,"custom_model_data":10002},"model":"mysticcyanset:ia_auto_gen/mysticcyanhelmet"},{"predicate":{"trim_type":0.5,"custom_model_data":10002},"model":"mysticcyanset:ia_auto_gen/mysticcyanhelmet"},{"predicate":{"trim_type":0.6,"custom_model_data":10002},"model":"mysticcyanset:ia_auto_gen/mysticcyanhelmet"},{"predicate":{"trim_type":0.7,"custom_model_data":10002},"model":"mysticcyanset:ia_auto_gen/mysticcyanhelmet"},{"predicate":{"trim_type":0.8,"custom_model_data":10002},"model":"mysticcyanset:ia_auto_gen/mysticcyanhelmet"},{"predicate":{"trim_type":0.9,"custom_model_data":10002},"model":"mysticcyanset:ia_auto_gen/mysticcyanhelmet"},{"predicate":{"trim_type":1.0,"custom_model_data":10002},"model":"mysticcyanset:ia_auto_gen/mysticcyanhelmet"},{"predicate":{"custom_model_data":10003},"model":"discordnitroset:ia_auto_gen/discordnitro_helmet_icon"},{"predicate":{"trim_type":0.1,"custom_model_data":10003},"model":"discordnitroset:ia_auto_gen/discordnitro_helmet_icon"},{"predicate":{"trim_type":0.2,"custom_model_data":10003},"model":"discordnitroset:ia_auto_gen/discordnitro_helmet_icon"},{"predicate":{"trim_type":0.3,"custom_model_data":10003},"model":"discordnitroset:ia_auto_gen/discordnitro_helmet_icon"},{"predicate":{"trim_type":0.4,"custom_model_data":10003},"model":"discordnitroset:ia_auto_gen/discordnitro_helmet_icon"},{"predicate":{"trim_type":0.5,"custom_model_data":10003},"model":"discordnitroset:ia_auto_gen/discordnitro_helmet_icon"},{"predicate":{"trim_type":0.6,"custom_model_data":10003},"model":"discordnitroset:ia_auto_gen/discordnitro_helmet_icon"},{"predicate":{"trim_type":0.7,"custom_model_data":10003},"model":"discordnitroset:ia_auto_gen/discordnitro_helmet_icon"},{"predicate":{"trim_type":0.8,"custom_model_data":10003},"model":"discordnitroset:ia_auto_gen/discordnitro_helmet_icon"},{"predicate":{"trim_type":0.9,"custom_model_data":10003},"model":"discordnitroset:ia_auto_gen/discordnitro_helmet_icon"},{"predicate":{"trim_type":1.0,"custom_model_data":10003},"model":"discordnitroset:ia_auto_gen/discordnitro_helmet_icon"},{"predicate":{"custom_model_data":10004},"model":"valerieset:ia_auto_gen/valeriehelmet"},{"predicate":{"trim_type":0.1,"custom_model_data":10004},"model":"valerieset:ia_auto_gen/valeriehelmet"},{"predicate":{"trim_type":0.2,"custom_model_data":10004},"model":"valerieset:ia_auto_gen/valeriehelmet"},{"predicate":{"trim_type":0.3,"custom_model_data":10004},"model":"valerieset:ia_auto_gen/valeriehelmet"},{"predicate":{"trim_type":0.4,"custom_model_data":10004},"model":"valerieset:ia_auto_gen/valeriehelmet"},{"predicate":{"trim_type":0.5,"custom_model_data":10004},"model":"valerieset:ia_auto_gen/valeriehelmet"},{"predicate":{"trim_type":0.6,"custom_model_data":10004},"model":"valerieset:ia_auto_gen/valeriehelmet"},{"predicate":{"trim_type":0.7,"custom_model_data":10004},"model":"valerieset:ia_auto_gen/valeriehelmet"},{"predicate":{"trim_type":0.8,"custom_model_data":10004},"model":"valerieset:ia_auto_gen/valeriehelmet"},{"predicate":{"trim_type":0.9,"custom_model_data":10004},"model":"valerieset:ia_auto_gen/valeriehelmet"},{"predicate":{"trim_type":1.0,"custom_model_data":10004},"model":"valerieset:ia_auto_gen/valeriehelmet"},{"predicate":{"custom_model_data":10005},"model":"nexusset:ia_auto_gen/nexus_helmet_icon"},{"predicate":{"trim_type":0.1,"custom_model_data":10005},"model":"nexusset:ia_auto_gen/nexus_helmet_icon"},{"predicate":{"trim_type":0.2,"custom_model_data":10005},"model":"nexusset:ia_auto_gen/nexus_helmet_icon"},{"predicate":{"trim_type":0.3,"custom_model_data":10005},"model":"nexusset:ia_auto_gen/nexus_helmet_icon"},{"predicate":{"trim_type":0.4,"custom_model_data":10005},"model":"nexusset:ia_auto_gen/nexus_helmet_icon"},{"predicate":{"trim_type":0.5,"custom_model_data":10005},"model":"nexusset:ia_auto_gen/nexus_helmet_icon"},{"predicate":{"trim_type":0.6,"custom_model_data":10005},"model":"nexusset:ia_auto_gen/nexus_helmet_icon"},{"predicate":{"trim_type":0.7,"custom_model_data":10005},"model":"nexusset:ia_auto_gen/nexus_helmet_icon"},{"predicate":{"trim_type":0.8,"custom_model_data":10005},"model":"nexusset:ia_auto_gen/nexus_helmet_icon"},{"predicate":{"trim_type":0.9,"custom_model_data":10005},"model":"nexusset:ia_auto_gen/nexus_helmet_icon"},{"predicate":{"trim_type":1.0,"custom_model_data":10005},"model":"nexusset:ia_auto_gen/nexus_helmet_icon"},{"predicate":{"custom_model_data":10006},"model":"fairyset:ia_auto_gen/fairyhelmet"},{"predicate":{"trim_type":0.1,"custom_model_data":10006},"model":"fairyset:ia_auto_gen/fairyhelmet"},{"predicate":{"trim_type":0.2,"custom_model_data":10006},"model":"fairyset:ia_auto_gen/fairyhelmet"},{"predicate":{"trim_type":0.3,"custom_model_data":10006},"model":"fairyset:ia_auto_gen/fairyhelmet"},{"predicate":{"trim_type":0.4,"custom_model_data":10006},"model":"fairyset:ia_auto_gen/fairyhelmet"},{"predicate":{"trim_type":0.5,"custom_model_data":10006},"model":"fairyset:ia_auto_gen/fairyhelmet"},{"predicate":{"trim_type":0.6,"custom_model_data":10006},"model":"fairyset:ia_auto_gen/fairyhelmet"},{"predicate":{"trim_type":0.7,"custom_model_data":10006},"model":"fairyset:ia_auto_gen/fairyhelmet"},{"predicate":{"trim_type":0.8,"custom_model_data":10006},"model":"fairyset:ia_auto_gen/fairyhelmet"},{"predicate":{"trim_type":0.9,"custom_model_data":10006},"model":"fairyset:ia_auto_gen/fairyhelmet"},{"predicate":{"trim_type":1.0,"custom_model_data":10006},"model":"fairyset:ia_auto_gen/fairyhelmet"},{"predicate":{"custom_model_data":10007},"model":"item/leather_helmet"}],"textures":{"layer0":"minecraft:item/leather_helmet","layer1":"minecraft:item/leather_helmet_overlay"}}