{"parent":"item/generated","textures":{"layer0":"item/potion_overlay","layer1":"item/potion"},"overrides":[{"predicate":{"custom_model_data":2000001},"model":"fairyset:wings_cosmeticscore"},{"predicate":{"custom_model_data":2000002},"model":"fairyset:wings_cosmeticscore_self"},{"predicate":{"custom_model_data":2000003},"model":"fairyset:helmet"},{"predicate":{"custom_model_data":2400001},"model":"summerset:wings_cosmeticscore"},{"predicate":{"custom_model_data":2400002},"model":"summerset:wings_cosmeticscore_self"},{"predicate":{"custom_model_data":2400003},"model":"summerset:mask"},{"predicate":{"custom_model_data":2800001},"model":"mysticcyanset:wings_cosmeticscore"},{"predicate":{"custom_model_data":2800002},"model":"mysticcyanset:wings_cosmeticscore_self"},{"predicate":{"custom_model_data":2800003},"model":"mysticcyanset:helmet"},{"predicate":{"custom_model_data":2800004},"model":"mysticcyanset:backpack_cosmeticscore"},{"predicate":{"custom_model_data":2800005},"model":"mysticcyanset:backpack_cosmeticscore_self"},{"predicate":{"custom_model_data":2800006},"model":"item/potion"}]}