{"parent":"minecraft:block/sea_lantern","overrides":[{"predicate":{"custom_model_data":10000},"model":"summerset:chest"},{"predicate":{"custom_model_data":10001},"model":"mysticcyanset:chest"},{"predicate":{"custom_model_data":10002},"model":"noraset:chest"},{"predicate":{"custom_model_data":10003},"model":"noraset:chest_opening"},{"predicate":{"custom_model_data":10004},"model":"fairyset:chest"},{"predicate":{"custom_model_data":10005},"model":"fairyset:chest_opening"},{"predicate":{"custom_model_data":10006},"model":"item/sea_lantern"}]}